entry_time,exit_time,side,entry,exit,points,reason,date,R,cost,pnl
11:24:00,13:25:00,1,6536.0,6613.0,77.0,eod,2006-01-03,96.0,102.596,15297.404
09:08:00,13:25:00,1,6707.5,6709.0,1.5,eod,2006-01-05,85.0,103.666,196.334
10:30:00,13:25:00,-1,6699.0,6711.0,-12.0,eod,2006-01-06,88.0,103.64,-2503.64
08:55:00,09:51:00,1,6773.5,6744.35,-29.149999999999636,stop,2006-01-09,53.0,104.07140000000001,-5934.071399999927
09:51:00,10:29:00,-1,6744.35,6773.5,-29.149999999999636,stop,2006-01-09,53.0,104.07140000000001,-5934.071399999927
08:51:00,13:25:00,-1,6758.5,6721.0,37.5,eod,2006-01-10,45.0,103.918,7396.082
12:55:00,13:25:00,1,6762.5,6771.0,8.5,eod,2006-01-11,79.0,104.134,1595.866
09:34:00,13:25:00,1,6717.0,6738.0,21.0,eod,2006-01-16,70.0,103.82,4096.18
10:40:00,13:25:00,-1,6487.5,6490.0,-2.5,eod,2006-01-20,79.0,101.91,-601.91
09:16:00,13:25:00,1,6435.5,6450.0,14.5,eod,2006-01-24,37.0,101.542,2798.458
11:47:00,13:25:00,1,6498.5,6496.0,-2.5,eod,2006-01-25,55.0,101.97800000000001,-601.9780000000001
09:00:00,09:39:00,1,6605.0,6563.2,-41.80000000000018,stop,2006-02-03,76.0,102.6728,-8462.672800000037
09:39:00,13:25:00,-1,6563.2,6561.0,2.199999999999818,eod,2006-02-03,76.0,102.49680000000001,337.5031999999636
09:15:00,11:53:00,-1,6520.5,6558.45,-37.94999999999982,stop,2006-02-06,69.0,102.3158,-7692.315799999964
11:53:00,13:25:00,1,6558.45,6658.0,99.55000000000018,eod,2006-02-06,69.0,102.86580000000001,19807.134200000037
09:37:00,13:25:00,-1,6669.0,6629.0,40.0,eod,2006-02-08,64.0,103.19200000000001,7896.808
12:53:00,13:25:00,-1,6630.0,6595.0,35.0,eod,2006-02-09,96.0,102.9,6897.1
09:26:00,11:39:00,1,6590.0,6547.1,-42.899999999999636,stop,2006-02-13,78.0,102.5484,-8682.548399999927
11:39:00,13:25:00,-1,6547.1,6544.0,3.100000000000364,eod,2006-02-13,78.0,102.3644,517.6356000000727
11:46:00,13:25:00,1,6570.5,6618.0,47.5,eod,2006-02-14,85.0,102.75399999999999,9397.246
09:01:00,13:25:00,1,6624.5,6671.0,46.5,eod,2006-02-16,69.0,103.182,9196.818
09:36:00,13:25:00,-1,6648.5,6658.0,-9.5,eod,2006-02-17,103.0,103.226,-2003.226
09:28:00,10:10:00,-1,6620.5,6663.95,-43.44999999999982,stop,2006-02-20,79.0,103.1378,-8793.137799999964
10:10:00,13:25:00,1,6663.95,6682.0,18.050000000000182,eod,2006-02-20,79.0,103.38380000000001,3506.6162000000363
09:31:00,13:25:00,-1,6659.0,6651.0,8.0,eod,2006-02-21,80.0,103.24000000000001,1496.76
09:26:00,13:25:00,-1,6589.0,6513.0,76.0,eod,2006-02-22,84.0,102.408,15097.592
12:54:00,13:25:00,-1,6467.5,6490.0,-22.5,eod,2006-02-23,155.0,101.83,-4601.83
08:49:00,09:54:00,-1,6486.0,6516.8,-30.800000000000182,stop,2006-02-27,56.0,102.0112,-6262.011200000036
09:54:00,13:25:00,1,6516.8,6536.0,19.199999999999818,eod,2006-02-27,56.0,102.21119999999999,3737.7887999999634
10:36:00,13:25:00,1,6549.5,6604.0,54.5,eod,2006-03-01,75.0,102.614,10797.386
09:30:00,13:25:00,-1,6585.5,6509.0,76.5,eod,2006-03-03,49.0,102.378,15197.622
09:13:00,13:25:00,-1,6477.5,6466.0,11.5,eod,2006-03-07,65.0,101.774,2198.226
09:01:00,10:20:00,1,6489.0,6457.1,-31.899999999999636,stop,2006-03-08,58.0,101.7844,-6481.784399999928
10:20:00,13:25:00,-1,6457.1,6461.0,-3.899999999999636,eod,2006-03-08,58.0,101.67240000000001,-881.6723999999273
09:26:00,09:51:00,-1,6452.5,6479.45,-26.949999999999818,stop,2006-03-10,49.0,101.7278,-5491.727799999963
09:51:00,13:25:00,1,6479.45,6463.0,-16.449999999999818,eod,2006-03-10,49.0,101.7698,-3391.7697999999637
10:17:00,13:25:00,-1,6498.0,6440.0,58.0,eod,2006-03-14,48.0,101.75200000000001,11498.248
09:23:00,12:42:00,1,6527.5,6488.45,-39.05000000000018,stop,2006-03-16,71.0,102.0638,-7912.063800000036
12:42:00,13:25:00,-1,6488.45,6468.0,20.449999999999818,eod,2006-03-16,71.0,101.8258,3988.1741999999635
10:39:00,11:48:00,-1,6465.5,6499.05,-33.55000000000018,stop,2006-03-20,61.0,101.8582,-6811.858200000036
11:48:00,13:25:00,1,6499.05,6477.0,-22.050000000000182,eod,2006-03-20,61.0,101.9042,-4511.904200000036
10:47:00,13:25:00,-1,6454.0,6456.0,-2.0,eod,2006-03-21,68.0,101.64,-501.64
08:59:00,13:25:00,-1,6380.0,6359.0,21.0,eod,2006-03-22,70.0,100.956,4099.044
11:44:00,13:25:00,-1,6343.0,6345.0,-2.0,eod,2006-03-23,60.0,100.75200000000001,-500.752
10:30:00,12:49:00,-1,6367.5,6387.85,-20.350000000000364,stop,2006-03-27,37.0,101.0214,-4171.021400000072
12:49:00,13:25:00,1,6387.85,6382.0,-5.850000000000364,eod,2006-03-27,37.0,101.07939999999999,-1271.0794000000728
09:08:00,13:25:00,1,6395.0,6417.0,22.0,eod,2006-03-28,32.0,101.24799999999999,4298.752
09:45:00,13:25:00,1,6410.0,6438.0,28.0,eod,2006-03-29,50.0,101.392,5498.608
11:40:00,13:24:00,1,6501.0,6459.2,-41.80000000000018,stop,2006-03-30,76.0,101.8408,-8461.840800000036
13:24:00,13:25:00,-1,6459.2,6458.0,1.199999999999818,eod,2006-03-30,76.0,101.6688,138.33119999996362
09:15:00,13:25:00,1,6533.0,6561.0,28.0,eod,2006-03-31,64.0,102.376,5497.624
12:29:00,13:25:00,1,6632.0,6624.0,-8.0,eod,2006-04-03,98.0,103.024,-1703.024
08:47:00,09:21:00,1,6692.0,6675.5,-16.5,stop,2006-04-06,30.0,103.47,-3403.47
09:21:00,10:51:00,-1,6675.5,6692.0,-16.5,stop,2006-04-06,30.0,103.47,-3403.47
12:28:00,13:25:00,1,6760.5,6745.0,-15.5,eod,2006-04-07,65.0,104.02199999999999,-3204.022
09:45:00,13:25:00,1,6767.0,6757.0,-10.0,eod,2006-04-10,90.0,104.096,-2104.096
09:45:00,13:25:00,1,6740.5,6801.0,60.5,eod,2006-04-12,59.0,104.166,11995.834
12:12:00,13:25:00,1,6907.5,6973.0,65.5,eod,2006-04-14,55.0,105.52199999999999,12994.478
11:29:00,13:25:00,1,7034.0,7008.0,-26.0,eod,2006-04-17,126.0,106.168,-5306.168
08:47:00,13:25:00,-1,6972.0,6997.0,-25.0,eod,2006-04-18,72.0,105.876,-5105.876
10:38:00,13:25:00,1,7095.0,7104.0,9.0,eod,2006-04-20,96.0,106.79599999999999,1693.204
13:15:00,13:25:00,-1,7084.0,7095.0,-11.0,eod,2006-04-21,94.0,106.71600000000001,-2306.716
09:37:00,13:25:00,1,7091.5,7090.0,-1.5,eod,2006-04-24,77.0,106.726,-406.726
09:22:00,10:35:00,1,7135.0,7080.0,-55.0,stop,2006-04-25,100.0,106.86,-11106.86
10:35:00,13:25:00,-1,7080.0,7052.0,28.0,eod,2006-04-25,100.0,106.52799999999999,5493.472
12:46:00,13:25:00,1,7133.5,7187.0,53.5,eod,2006-04-26,125.0,107.28200000000001,10592.718
10:08:00,11:50:00,-1,7114.5,7156.85,-42.350000000000364,stop,2006-04-28,77.0,107.08539999999999,-8577.085400000073
11:50:00,13:25:00,1,7156.85,7200.0,43.149999999999636,eod,2006-04-28,77.0,107.4274,8522.572599999927
09:25:00,13:25:00,1,7289.0,7369.0,80.0,eod,2006-05-04,44.0,108.632,15891.368
10:00:00,13:17:00,1,7440.0,7371.8,-68.19999999999982,stop,2006-05-05,124.0,109.24719999999999,-13749.247199999963
13:17:00,13:25:00,-1,7371.8,7404.0,-32.19999999999982,eod,2006-05-05,124.0,109.1032,-6549.103199999963
09:06:00,11:04:00,-1,7453.5,7496.95,-43.44999999999982,stop,2006-05-09,79.0,109.80180000000001,-8799.801799999963
11:04:00,12:23:00,1,7496.95,7453.5,-43.44999999999982,stop,2006-05-09,79.0,109.80180000000001,-8799.801799999963
10:46:00,13:25:00,-1,7340.5,7320.0,20.5,eod,2006-05-10,121.0,108.642,3991.358
12:52:00,13:25:00,-1,7159.0,7159.0,-0.0,eod,2006-05-15,60.0,107.27199999999999,-107.27199999999999
12:03:00,13:25:00,-1,7124.0,7041.0,83.0,eod,2006-05-16,64.0,106.66,16493.34
10:44:00,13:25:00,1,7011.0,7048.0,37.0,eod,2006-05-19,62.0,106.236,7293.764
11:26:00,13:25:00,-1,7006.5,6915.0,91.5,eod,2006-05-22,95.0,105.686,18194.314
08:57:00,11:37:00,1,6883.5,6831.25,-52.25,stop,2006-05-24,95.0,104.85900000000001,-10554.859
11:37:00,13:12:00,-1,6831.25,6883.5,-52.25,stop,2006-05-24,95.0,104.85900000000001,-10554.859
11:55:00,13:25:00,-1,6885.5,6870.0,15.5,eod,2006-05-26,83.0,105.02199999999999,2994.978
09:37:00,11:32:00,-1,6871.0,6907.3,-36.30000000000018,stop,2006-05-30,66.0,105.1132,-7365.113200000036
11:32:00,12:34:00,1,6907.3,6871.0,-36.30000000000018,stop,2006-05-30,66.0,105.1132,-7365.113200000036
09:29:00,12:16:00,-1,6881.5,6918.35,-36.850000000000364,stop,2006-06-02,67.0,105.1994,-7475.199400000073
12:16:00,13:25:00,1,6918.35,6944.0,25.649999999999636,eod,2006-06-02,67.0,105.4494,5024.550599999927
12:12:00,13:25:00,-1,6885.5,6663.0,222.5,eod,2006-06-05,123.0,104.194,44395.806
12:40:00,13:25:00,-1,6596.0,6591.0,5.0,eod,2006-06-07,120.0,102.74799999999999,897.252
09:37:00,13:25:00,-1,6479.5,6292.0,187.5,eod,2006-06-08,91.0,101.086,37398.914
09:03:00,13:25:00,1,6310.0,6461.0,151.0,eod,2006-06-14,114.0,101.084,30098.916
12:12:00,13:25:00,-1,6379.5,6408.0,-28.5,eod,2006-06-15,217.0,101.15,-5801.15
12:14:00,13:25:00,-1,6555.5,6547.0,8.5,eod,2006-06-16,149.0,102.41,1597.59
09:10:00,13:25:00,-1,6535.5,6365.0,170.5,eod,2006-06-20,59.0,101.602,33998.398
09:18:00,13:25:00,1,6395.5,6438.0,42.5,eod,2006-06-22,113.0,101.334,8398.666
09:33:00,13:05:00,-1,6329.5,6396.05,-66.55000000000018,stop,2006-06-23,121.0,100.9022,-13410.902200000037
13:05:00,13:25:00,1,6396.05,6381.0,-15.050000000000182,eod,2006-06-23,121.0,101.1082,-3111.1082000000365
12:18:00,13:25:00,1,6472.5,6475.0,2.5,eod,2006-06-26,135.0,101.78999999999999,398.21000000000004
09:53:00,13:23:00,1,6544.0,6468.1,-75.89999999999964,stop,2006-06-27,138.0,102.0484,-15282.048399999927
13:23:00,13:25:00,-1,6468.1,6482.0,-13.899999999999636,eod,2006-06-27,138.0,101.8004,-2881.8003999999273
09:00:00,13:25:00,1,6523.0,6526.0,3.0,eod,2006-06-29,70.0,102.196,497.804
09:31:00,13:25:00,-1,6639.0,6655.0,-16.0,eod,2006-06-30,66.0,103.176,-3303.176
09:02:00,10:03:00,-1,6671.0,6691.9,-20.899999999999636,stop,2006-07-04,38.0,103.4516,-4283.451599999928
10:03:00,13:05:00,1,6691.9,6671.0,-20.899999999999636,stop,2006-07-04,38.0,103.4516,-4283.451599999928
11:45:00,13:25:00,-1,6600.5,6587.0,13.5,eod,2006-07-05,91.0,102.75,2597.25
09:05:00,10:08:00,-1,6548.0,6581.0,-33.0,stop,2006-07-07,60.0,102.51599999999999,-6702.516
10:08:00,13:25:00,1,6581.0,6560.0,-21.0,eod,2006-07-07,60.0,102.564,-4302.564
08:45:00,09:11:00,-1,6489.5,6513.15,-23.649999999999636,stop,2006-07-10,43.0,102.0106,-4832.010599999927
09:11:00,13:25:00,1,6513.15,6647.0,133.85000000000036,eod,2006-07-10,43.0,102.6406,26667.359400000074
09:03:00,12:03:00,1,6632.0,6600.1,-31.899999999999636,stop,2006-07-12,58.0,102.92840000000001,-6482.928399999927
12:03:00,13:25:00,-1,6600.1,6576.0,24.100000000000364,eod,2006-07-12,58.0,102.70439999999999,4717.295600000073
08:53:00,13:25:00,-1,6391.0,6360.0,31.0,eod,2006-07-14,70.0,101.00399999999999,6098.996
09:25:00,13:25:00,-1,6293.5,6199.0,94.5,eod,2006-07-17,97.0,99.97,18800.03
09:58:00,13:25:00,1,6302.5,6325.0,22.5,eod,2006-07-20,87.0,100.50999999999999,4399.49
12:22:00,13:25:00,1,6217.5,6236.0,18.5,eod,2006-07-24,65.0,99.814,3600.186
13:14:00,13:25:00,-1,6304.0,6308.0,-4.0,eod,2006-07-25,84.0,100.44800000000001,-900.448
09:21:00,09:52:00,-1,6272.0,6311.6,-39.600000000000364,stop,2006-07-26,72.0,100.3344,-8020.3344000000725
09:52:00,13:25:00,1,6311.6,6306.0,-5.600000000000364,eod,2006-07-26,72.0,100.47040000000001,-1220.4704000000727
09:47:00,13:25:00,1,6333.0,6407.0,74.0,eod,2006-07-27,82.0,100.96000000000001,14699.04
10:29:00,13:25:00,-1,6416.5,6364.0,52.5,eod,2006-07-31,79.0,101.122,10398.878
10:10:00,13:25:00,1,6384.0,6429.0,45.0,eod,2006-08-02,70.0,101.25200000000001,8898.748
11:01:00,13:25:00,-1,6401.5,6420.0,-18.5,eod,2006-08-03,115.0,101.286,-3801.286
12:33:00,13:25:00,-1,6403.5,6363.0,40.5,eod,2006-08-04,73.0,101.066,7998.934
10:33:00,11:47:00,1,6400.0,6347.2,-52.80000000000018,stop,2006-08-07,96.0,100.9888,-10660.988800000036
11:47:00,13:25:00,-1,6347.2,6348.0,-0.8000000000001819,eod,2006-08-07,96.0,100.7808,-260.7808000000364
09:18:00,13:25:00,1,6403.0,6459.0,56.0,eod,2006-08-08,66.0,101.44800000000001,11098.552
12:42:00,13:25:00,1,6537.0,6545.0,8.0,eod,2006-08-09,132.0,102.328,1497.672
09:06:00,13:25:00,1,6585.5,6596.0,10.5,eod,2006-08-14,57.0,102.726,1997.274
09:40:00,13:25:00,-1,6699.5,6694.0,5.5,eod,2006-08-17,45.0,103.574,996.426
09:22:00,13:25:00,-1,6673.5,6458.0,215.5,eod,2006-08-21,25.0,102.52600000000001,42997.474
09:11:00,11:19:00,-1,6485.5,6528.95,-43.44999999999982,stop,2006-08-23,79.0,102.05780000000001,-8792.057799999964
11:19:00,13:01:00,1,6528.95,6485.5,-43.44999999999982,stop,2006-08-23,79.0,102.05780000000001,-8792.057799999964
08:49:00,12:52:00,1,6547.0,6511.8,-35.19999999999982,stop,2006-08-25,64.0,102.23519999999999,-7142.235199999964
12:52:00,13:25:00,-1,6511.8,6487.0,24.800000000000182,eod,2006-08-25,64.0,101.9952,4858.004800000036
09:09:00,13:25:00,-1,6446.5,6416.0,30.5,eod,2006-08-28,109.0,101.45,5998.55
08:46:00,08:52:00,-1,6433.5,6456.05,-22.550000000000182,stop,2006-08-30,41.0,101.5582,-4611.558200000037
08:52:00,13:25:00,1,6456.05,6545.0,88.94999999999982,eod,2006-08-30,41.0,102.0042,17687.995799999964
08:55:00,13:25:00,1,6712.0,6733.0,21.0,eod,2006-09-04,42.0,103.78,4096.22
08:54:00,13:25:00,-1,6708.5,6644.0,64.5,eod,2006-09-06,37.0,103.41,12796.59
10:09:00,13:25:00,1,6669.0,6680.0,11.0,eod,2006-09-08,98.0,103.396,2096.604
09:05:00,12:04:00,1,6732.0,6679.2,-52.80000000000018,stop,2006-09-11,96.0,103.6448,-10663.644800000036
12:04:00,13:25:00,-1,6679.2,6654.0,25.199999999999818,eod,2006-09-11,96.0,103.3328,4936.6671999999635
10:32:00,13:25:00,-1,6606.0,6648.0,-42.0,eod,2006-09-13,88.0,103.01599999999999,-8503.016
08:53:00,09:27:00,1,6682.0,6646.8,-35.19999999999982,stop,2006-09-14,64.0,103.3152,-7143.315199999964
09:27:00,13:25:00,-1,6646.8,6572.0,74.80000000000018,eod,2006-09-14,64.0,102.8752,14857.124800000036
11:25:00,13:25:00,1,6849.5,6894.0,44.5,eod,2006-09-18,121.0,104.974,8795.026
09:30:00,13:25:00,-1,6862.5,6869.0,-6.5,eod,2006-09-21,75.0,104.926,-1404.926
09:03:00,10:45:00,1,6864.0,6840.9,-23.100000000000364,stop,2006-09-25,42.0,104.81960000000001,-4724.819600000073
10:45:00,12:01:00,-1,6840.9,6864.0,-23.100000000000364,stop,2006-09-25,42.0,104.81960000000001,-4724.819600000073
09:43:00,11:37:00,-1,6920.0,6957.4,-37.399999999999636,stop,2006-09-27,68.0,105.5096,-7585.509599999928
11:37:00,13:25:00,1,6957.4,6946.0,-11.399999999999636,eod,2006-09-27,68.0,105.61359999999999,-2385.6135999999274
09:04:00,13:25:00,-1,6936.0,6892.0,44.0,eod,2006-09-28,48.0,105.312,8694.688
08:45:00,13:25:00,1,6893.5,6950.0,56.5,eod,2006-10-02,47.0,105.374,11194.626
08:45:00,09:10:00,1,6967.0,6946.1,-20.899999999999636,stop,2006-10-04,38.0,105.6524,-4285.652399999927
09:10:00,13:25:00,-1,6946.1,6873.0,73.10000000000036,eod,2006-10-04,38.0,105.2764,14514.723600000072
11:32:00,13:25:00,1,6991.0,7006.0,15.0,eod,2006-10-05,114.0,105.988,2894.012
09:00:00,13:25:00,-1,6995.5,7009.0,-13.5,eod,2006-10-11,95.0,106.018,-2806.018
09:37:00,13:25:00,-1,6976.5,6984.0,-7.5,eod,2006-10-12,71.0,105.842,-1605.842
11:47:00,13:25:00,1,7102.5,7082.0,-20.5,eod,2006-10-13,73.0,106.738,-4206.738
08:55:00,09:18:00,-1,7095.5,7112.55,-17.050000000000182,stop,2006-10-16,31.0,106.8322,-3516.832200000036
09:18:00,13:25:00,1,7112.55,7128.0,15.449999999999818,eod,2006-10-16,31.0,106.9622,2983.0377999999637
09:15:00,13:25:00,-1,7104.5,7086.0,18.5,eod,2006-10-17,71.0,106.762,3593.238
11:34:00,13:25:00,-1,6963.5,6979.0,-15.5,eod,2006-10-19,81.0,105.77000000000001,-3205.77
09:04:00,13:17:00,-1,7010.5,7026.45,-15.949999999999818,stop,2006-10-23,29.0,106.1478,-3296.147799999964
13:17:00,13:25:00,1,7026.45,7036.0,9.550000000000182,eod,2006-10-23,29.0,106.24980000000001,1803.7502000000363
10:10:00,13:25:00,1,7109.5,7089.0,-20.5,eod,2006-10-24,73.0,106.79400000000001,-4206.794
09:08:00,12:48:00,1,7102.5,7077.75,-24.75,stop,2006-10-26,45.0,106.721,-5056.721
12:48:00,13:25:00,-1,7077.75,7082.0,-4.25,eod,2006-10-26,45.0,106.63900000000001,-956.639
13:07:00,13:25:00,-1,7083.5,7088.0,-4.5,eod,2006-10-27,53.0,106.686,-1006.686
09:34:00,13:25:00,-1,7006.5,6984.0,22.5,eod,2006-10-30,53.0,105.962,4394.038
09:57:00,11:56:00,1,7020.5,6996.85,-23.649999999999636,stop,2006-11-01,43.0,106.0694,-4836.069399999928
11:56:00,13:25:00,-1,6996.85,7011.0,-14.149999999999636,eod,2006-11-01,43.0,106.0314,-2936.031399999927
09:01:00,13:25:00,1,6979.5,7050.0,70.5,eod,2006-11-02,33.0,106.118,13993.882
10:49:00,13:25:00,1,7135.0,7160.0,25.0,eod,2006-11-03,116.0,107.18,4892.82
12:02:00,13:25:00,-1,7161.0,7168.0,-7.0,eod,2006-11-08,48.0,107.316,-1507.316
09:04:00,10:04:00,1,7214.0,7194.2,-19.800000000000182,stop,2006-11-09,36.0,107.6328,-4067.6328000000362
10:04:00,10:48:00,-1,7194.2,7214.0,-19.800000000000182,stop,2006-11-09,36.0,107.6328,-4067.6328000000362
09:55:00,13:25:00,-1,7131.0,7132.0,-1.0,eod,2006-11-13,62.0,107.05199999999999,-307.052
09:42:00,10:48:00,-1,7241.5,7262.95,-21.449999999999818,stop,2006-11-17,39.0,108.0178,-4398.017799999963
10:48:00,13:25:00,1,7262.95,7257.0,-5.949999999999818,eod,2006-11-17,39.0,108.0798,-1298.0797999999636
09:08:00,13:25:00,-1,7227.0,7222.0,5.0,eod,2006-11-20,36.0,107.79599999999999,892.204
11:09:00,13:25:00,1,7259.5,7304.0,44.5,eod,2006-11-21,43.0,108.25399999999999,8791.746
10:23:00,13:25:00,1,7374.0,7379.0,5.0,eod,2006-11-23,48.0,109.012,890.988
13:15:00,13:25:00,1,7423.0,7433.0,10.0,eod,2006-11-24,90.0,109.424,1890.576
10:18:00,10:30:00,1,7497.0,7475.0,-22.0,stop,2006-11-29,40.0,109.888,-4509.888
10:30:00,13:25:00,-1,7475.0,7449.0,26.0,eod,2006-11-29,40.0,109.696,5090.304
11:00:00,13:25:00,1,7590.0,7596.0,6.0,eod,2006-12-01,78.0,110.744,1089.256
11:21:00,13:25:00,1,7656.5,7659.0,2.5,eod,2006-12-04,89.0,111.262,388.738
10:16:00,13:25:00,-1,7643.5,7591.0,52.5,eod,2006-12-05,89.0,110.938,10389.062
10:36:00,13:25:00,1,7679.5,7704.0,24.5,eod,2006-12-06,139.0,111.53399999999999,4788.466
10:10:00,11:54:00,-1,7672.0,7729.2,-57.19999999999982,stop,2006-12-07,104.0,111.60480000000001,-11551.604799999963
11:54:00,13:25:00,1,7729.2,7700.0,-29.199999999999818,eod,2006-12-07,104.0,111.7168,-5951.716799999964
10:36:00,13:25:00,-1,7642.0,7613.0,29.0,eod,2006-12-08,66.0,111.02000000000001,5688.98
09:17:00,13:25:00,-1,7568.0,7474.0,94.0,eod,2006-12-12,64.0,110.168,18689.832
10:49:00,13:25:00,-1,7400.0,7455.0,-55.0,eod,2006-12-13,154.0,109.42,-11109.42
10:32:00,13:25:00,1,7571.5,7638.0,66.5,eod,2006-12-18,43.0,110.838,13189.162
10:31:00,12:09:00,-1,7636.0,7677.8,-41.80000000000018,stop,2006-12-21,76.0,111.2552,-8471.255200000036
12:09:00,12:52:00,1,7677.8,7636.0,-41.80000000000018,stop,2006-12-21,76.0,111.2552,-8471.255200000036
13:01:00,13:25:00,1,7682.5,7673.0,-9.5,eod,2006-12-22,93.0,111.422,-2011.422
10:48:00,13:25:00,1,7696.5,7684.0,-12.5,eod,2006-12-25,65.0,111.52199999999999,-2611.522
09:02:00,13:25:00,1,7701.0,7783.0,82.0,eod,2006-12-26,42.0,111.936,16288.064
09:30:00,13:25:00,-1,7788.5,7792.0,-3.5,eod,2006-12-28,67.0,112.322,-812.322
09:51:00,13:25:00,1,7857.0,7882.0,25.0,eod,2006-12-29,94.0,112.956,4887.044
09:40:00,13:25:00,1,7927.5,7980.0,52.5,eod,2007-01-02,95.0,113.63,10386.37
09:06:00,13:25:00,-1,7945.0,7852.0,93.0,eod,2007-01-05,60.0,113.188,18486.812
09:27:00,13:25:00,1,7791.0,7812.0,21.0,eod,2007-01-09,82.0,112.412,4087.588
08:55:00,13:25:00,-1,7696.5,7690.0,6.5,eod,2007-01-10,85.0,111.54599999999999,1188.454
10:16:00,13:25:00,-1,7679.5,7613.0,66.5,eod,2007-01-11,91.0,111.17,13188.83
10:43:00,13:25:00,1,7761.0,7790.0,29.0,eod,2007-01-12,144.0,112.20400000000001,5687.796
10:16:00,13:25:00,-1,7762.0,7787.0,-25.0,eod,2007-01-15,108.0,112.196,-5112.196
09:11:00,11:48:00,-1,7833.5,7869.25,-35.75,stop,2007-01-22,65.0,112.811,-7262.811
11:48:00,13:25:00,1,7869.25,7879.0,9.75,eod,2007-01-22,65.0,112.993,1837.007
12:41:00,13:25:00,1,7993.0,7987.0,-6.0,eod,2007-01-24,66.0,113.92,-1313.92
08:59:00,13:25:00,-1,8009.0,7968.0,41.0,eod,2007-01-25,42.0,113.908,8086.092
10:50:00,13:25:00,-1,7863.5,7840.0,23.5,eod,2007-01-26,73.0,112.814,4587.186
10:49:00,13:25:00,-1,7773.0,7782.0,-9.0,eod,2007-01-29,104.0,112.22,-1912.22
10:07:00,13:25:00,-1,7741.5,7699.0,42.5,eod,2007-01-31,55.0,111.762,8388.238
12:35:00,13:25:00,-1,7696.5,7731.0,-34.5,eod,2007-02-01,155.0,111.71000000000001,-7011.71
10:20:00,13:25:00,1,7832.0,7815.0,-17.0,eod,2007-02-02,94.0,112.588,-3512.588
09:07:00,13:25:00,1,7799.0,7797.0,-2.0,eod,2007-02-05,58.0,112.384,-512.384
10:50:00,13:25:00,1,7829.0,7882.0,53.0,eod,2007-02-06,76.0,112.844,10487.156
10:02:00,13:25:00,-1,7870.5,7842.0,28.5,eod,2007-02-08,39.0,112.85,5587.15
10:08:00,13:25:00,1,7925.0,7876.0,-49.0,eod,2007-02-09,104.0,113.20400000000001,-9913.204
09:46:00,13:25:00,-1,7800.0,7812.0,-12.0,eod,2007-02-12,80.0,112.44800000000001,-2512.448
09:13:00,10:42:00,1,7815.0,7782.0,-33.0,stop,2007-02-13,60.0,112.388,-6712.388
10:42:00,13:25:00,-1,7782.0,7771.0,11.0,eod,2007-02-13,60.0,112.212,2087.788
08:45:00,13:25:00,1,7933.5,7916.0,-17.5,eod,2007-02-26,65.0,113.398,-3613.398
09:37:00,11:47:00,1,7947.0,7922.8,-24.199999999999818,stop,2007-02-27,44.0,113.47919999999999,-4953.479199999963
11:47:00,13:25:00,-1,7922.8,7926.0,-3.199999999999818,eod,2007-02-27,44.0,113.39519999999999,-753.3951999999636
09:46:00,13:25:00,-1,7716.5,7691.0,25.5,eod,2007-03-01,59.0,111.63,4988.37
11:20:00,13:25:00,1,7680.5,7667.0,-13.5,eod,2007-03-02,119.0,111.39,-2811.39
12:06:00,13:25:00,-1,7571.5,7596.0,-24.5,eod,2007-03-03,83.0,110.67,-5010.67
08:45:00,13:25:00,-1,7500.0,7302.0,198.0,eod,2007-03-05,84.0,109.208,39490.792
09:31:00,11:27:00,-1,7390.5,7448.25,-57.75,stop,2007-03-07,105.0,109.355,-11659.355
11:27:00,13:25:00,1,7448.25,7419.0,-29.25,eod,2007-03-07,105.0,109.469,-5959.469
09:15:00,13:25:00,1,7474.0,7522.0,48.0,eod,2007-03-08,86.0,109.98400000000001,9490.016
10:07:00,13:25:00,1,7626.0,7636.0,10.0,eod,2007-03-13,54.0,111.048,1888.952
08:45:00,13:25:00,-1,7487.0,7475.0,12.0,eod,2007-03-14,62.0,109.848,2290.152
09:03:00,13:25:00,1,7573.5,7656.0,82.5,eod,2007-03-15,83.0,110.918,16389.082
11:47:00,13:25:00,1,7670.5,7682.0,11.5,eod,2007-03-16,147.0,111.41,2188.59
13:02:00,13:25:00,-1,7713.5,7713.0,0.5,eod,2007-03-20,73.0,111.706,-11.706000000000003
09:11:00,13:25:00,1,7844.0,7836.0,-8.0,eod,2007-03-22,46.0,112.72,-1712.72
08:48:00,10:29:00,-1,7818.0,7842.2,-24.199999999999818,stop,2007-03-23,44.0,112.64080000000001,-4952.640799999964
10:29:00,13:25:00,1,7842.2,7845.0,2.800000000000182,eod,2007-03-23,44.0,112.7488,447.25120000003636
09:29:00,12:02:00,1,7881.5,7855.65,-25.850000000000364,stop,2007-03-27,47.0,112.9486,-5282.9486000000725
12:02:00,13:25:00,-1,7855.65,7828.0,27.649999999999636,eod,2007-03-27,47.0,112.7346,5417.2653999999275
11:51:00,13:25:00,-1,7752.0,7758.0,-6.0,eod,2007-03-28,128.0,112.03999999999999,-1312.04
10:38:00,13:25:00,1,7783.5,7837.0,53.5,eod,2007-03-29,97.0,112.482,10587.518
09:10:00,09:50:00,-1,7821.0,7867.2,-46.19999999999982,stop,2007-04-02,84.0,112.75280000000001,-9352.752799999964
09:50:00,13:25:00,1,7867.2,7856.0,-11.199999999999818,eod,2007-04-02,84.0,112.8928,-2352.8927999999637
12:23:00,13:25:00,1,8067.0,8061.0,-6.0,eod,2007-04-09,56.0,114.512,-1314.512
10:08:00,13:05:00,-1,8031.0,8056.3,-25.300000000000182,stop,2007-04-10,46.0,114.3492,-5174.349200000036
13:05:00,13:25:00,1,8056.3,8055.0,-1.300000000000182,eod,2007-04-10,46.0,114.4452,-374.4452000000364
09:41:00,12:10:00,1,8104.5,8070.95,-33.55000000000018,stop,2007-04-11,61.0,114.7018,-6824.701800000036
12:10:00,13:25:00,-1,8070.95,8090.0,-19.050000000000182,eod,2007-04-11,61.0,114.6438,-3924.643800000036
09:28:00,13:25:00,1,8068.5,8080.0,11.5,eod,2007-04-12,61.0,114.59400000000001,2185.406
09:19:00,13:25:00,-1,8067.0,7991.0,76.0,eod,2007-04-13,58.0,114.232,15085.768
10:22:00,13:25:00,-1,8050.5,8054.0,-3.5,eod,2007-04-16,55.0,114.418,-814.418
10:26:00,13:25:00,-1,8063.5,7961.0,102.5,eod,2007-04-17,73.0,114.098,20385.902
09:34:00,13:25:00,-1,7933.5,7847.0,86.5,eod,2007-04-19,67.0,113.122,17186.878
08:53:00,13:25:00,1,7998.0,8018.0,20.0,eod,2007-04-23,42.0,114.06400000000001,3885.936
13:13:00,13:25:00,1,8041.0,8039.0,-2.0,eod,2007-04-24,82.0,114.32000000000001,-514.32
09:46:00,10:30:00,-1,7962.5,8004.85,-42.350000000000364,stop,2007-04-25,77.0,113.86940000000001,-8583.869400000072
10:30:00,12:24:00,1,8004.85,7962.5,-42.350000000000364,stop,2007-04-25,77.0,113.86940000000001,-8583.869400000072
09:24:00,13:25:00,-1,8008.0,8005.0,3.0,eod,2007-04-26,58.0,114.052,485.948
09:15:00,13:25:00,-1,7967.5,7949.0,18.5,eod,2007-04-27,67.0,113.666,3586.334
09:18:00,13:25:00,-1,7876.5,7843.0,33.5,eod,2007-04-30,97.0,112.878,6587.122
09:50:00,13:25:00,1,7909.0,7898.0,-11.0,eod,2007-05-02,110.0,113.22800000000001,-2313.228
11:01:00,13:25:00,-1,7906.0,7915.0,-9.0,eod,2007-05-03,74.0,113.28399999999999,-1913.284
12:14:00,13:25:00,1,8031.0,8057.0,26.0,eod,2007-05-04,116.0,114.352,5085.648
09:01:00,12:26:00,-1,8088.5,8116.55,-28.050000000000182,stop,2007-05-08,51.0,114.8202,-5724.8202000000365
12:26:00,13:23:00,1,8116.55,8088.5,-28.050000000000182,stop,2007-05-08,51.0,114.8202,-5724.8202000000365
09:36:00,10:16:00,-1,8050.0,8083.0,-33.0,stop,2007-05-09,60.0,114.532,-6714.532
10:16:00,11:39:00,1,8083.0,8050.0,-33.0,stop,2007-05-09,60.0,114.532,-6714.532
09:54:00,11:10:00,-1,8007.5,8031.15,-23.649999999999636,stop,2007-05-11,43.0,114.1546,-4844.154599999927
11:10:00,13:25:00,1,8031.15,8032.0,0.8500000000003638,eod,2007-05-11,43.0,114.2526,55.74740000007276
08:45:00,09:10:00,1,8084.0,8060.9,-23.100000000000364,stop,2007-05-14,42.0,114.5796,-4734.579600000073
09:10:00,13:25:00,-1,8060.9,8046.0,14.899999999999636,eod,2007-05-14,42.0,114.4276,2865.5723999999273
09:59:00,13:25:00,-1,7990.5,7956.0,34.5,eod,2007-05-15,67.0,113.786,6786.214
09:40:00,13:25:00,1,8031.5,8020.0,-11.5,eod,2007-05-17,63.0,114.206,-2414.206
12:45:00,13:25:00,-1,7986.0,7997.0,-11.0,eod,2007-05-18,58.0,113.932,-2313.932
09:20:00,09:47:00,-1,8017.5,8053.25,-35.75,stop,2007-05-21,65.0,114.283,-7264.283
09:47:00,13:25:00,1,8053.25,8127.0,73.75,eod,2007-05-21,65.0,114.721,14635.279
09:54:00,10:13:00,1,8209.5,8185.85,-23.649999999999636,stop,2007-05-24,43.0,115.5814,-4845.581399999927
10:13:00,13:25:00,-1,8185.85,8184.0,1.8500000000003638,eod,2007-05-24,43.0,115.4794,254.52060000007276
12:12:00,13:25:00,1,8138.5,8130.0,-8.5,eod,2007-05-25,51.0,115.074,-1815.074
08:59:00,12:44:00,1,8169.5,8151.35,-18.149999999999636,stop,2007-05-29,33.0,115.2834,-3745.283399999927
12:44:00,13:25:00,-1,8151.35,8151.0,0.3500000000003638,eod,2007-05-29,33.0,115.2094,-45.20939999992724
09:11:00,13:25:00,-1,8121.5,8090.0,31.5,eod,2007-05-30,83.0,114.846,6185.154
08:45:00,13:25:00,1,8228.5,8230.0,1.5,eod,2007-06-01,55.0,115.834,184.166
09:39:00,10:09:00,1,8270.5,8244.65,-25.850000000000364,stop,2007-06-05,47.0,116.06060000000001,-5286.060600000073
10:09:00,13:25:00,-1,8244.65,8236.0,8.649999999999636,eod,2007-06-05,47.0,115.9226,1614.0773999999271
09:24:00,13:25:00,1,8280.5,8283.0,2.5,eod,2007-06-06,55.0,116.254,383.746
11:47:00,13:25:00,1,8270.0,8322.0,52.0,eod,2007-06-07,96.0,116.368,10283.632
09:14:00,09:28:00,-1,8313.5,8331.65,-18.149999999999636,stop,2007-06-12,33.0,116.5806,-3746.5805999999275
09:28:00,10:50:00,1,8331.65,8313.5,-18.149999999999636,stop,2007-06-12,33.0,116.5806,-3746.5805999999275
09:01:00,13:25:00,1,8334.0,8337.0,3.0,eod,2007-06-13,46.0,116.684,483.31600000000003
12:25:00,13:25:00,1,8421.0,8434.0,13.0,eod,2007-06-14,48.0,117.42,2482.58
10:05:00,13:25:00,1,8526.0,8566.0,40.0,eod,2007-06-15,70.0,118.368,7881.632
11:47:00,13:25:00,1,8853.5,8871.0,17.5,eod,2007-06-21,185.0,120.898,3379.102
08:46:00,13:25:00,1,8808.5,8943.0,134.5,eod,2007-06-25,37.0,121.006,26778.994
12:51:00,13:25:00,-1,8811.0,8826.0,-15.0,eod,2007-06-26,180.0,120.548,-3120.548
09:26:00,10:37:00,1,8855.5,8785.65,-69.85000000000036,stop,2007-06-27,127.0,120.56460000000001,-14090.564600000072
10:37:00,13:25:00,-1,8785.65,8775.0,10.649999999999636,eod,2007-06-27,127.0,120.24260000000001,2009.7573999999272
09:55:00,13:25:00,-1,8832.0,8788.0,44.0,eod,2007-06-29,68.0,120.48,8679.52
12:25:00,13:25:00,1,8855.0,8854.0,-1.0,eod,2007-07-02,110.0,120.836,-320.836
09:22:00,10:37:00,1,9055.0,9025.3,-29.700000000000728,stop,2007-07-04,54.0,122.3212,-6062.321200000146
10:37:00,13:25:00,-1,9025.3,9047.0,-21.700000000000728,eod,2007-07-04,54.0,122.2892,-4462.289200000146
09:02:00,13:25:00,-1,9081.0,9091.0,-10.0,eod,2007-07-05,84.0,122.688,-2122.688
09:36:00,10:48:00,1,9138.0,9096.2,-41.79999999999927,stop,2007-07-06,76.0,122.9368,-8482.936799999854
10:48:00,13:18:00,-1,9096.2,9138.0,-41.79999999999927,stop,2007-07-06,76.0,122.9368,-8482.936799999854
09:48:00,13:25:00,1,9222.0,9332.0,110.0,eod,2007-07-09,84.0,124.21600000000001,21875.784
09:19:00,13:25:00,1,9317.0,9344.0,27.0,eod,2007-07-12,84.0,124.644,5275.356
09:37:00,13:25:00,-1,9427.5,9448.0,-20.5,eod,2007-07-13,105.0,125.502,-4225.502
11:04:00,11:30:00,1,9510.0,9460.5,-49.5,stop,2007-07-16,90.0,125.882,-10025.882
11:30:00,13:25:00,-1,9460.5,9390.0,70.5,eod,2007-07-16,90.0,125.402,13974.598
12:53:00,13:25:00,1,9460.0,9524.0,64.0,eod,2007-07-17,140.0,125.936,12674.064
09:09:00,09:40:00,-1,9372.0,9430.3,-58.29999999999927,stop,2007-07-19,106.0,125.2092,-11785.209199999854
09:40:00,12:32:00,1,9430.3,9372.0,-58.29999999999927,stop,2007-07-19,106.0,125.2092,-11785.209199999854
12:04:00,13:25:00,1,9507.5,9530.0,22.5,eod,2007-07-20,97.0,126.15,4373.85
10:51:00,13:25:00,1,9561.0,9558.0,-3.0,eod,2007-07-23,112.0,126.476,-726.476
09:01:00,13:25:00,1,9589.5,9650.0,60.5,eod,2007-07-24,79.0,126.958,11973.042
11:28:00,13:25:00,1,9686.0,9745.0,59.0,eod,2007-07-25,160.0,127.724,11672.276
09:29:00,09:49:00,1,9819.5,9730.95,-88.54999999999927,stop,2007-07-26,161.0,128.2018,-17838.201799999853
09:49:00,13:25:00,-1,9730.95,9550.0,180.95000000000073,eod,2007-07-26,161.0,127.1238,36062.876200000144
08:50:00,13:25:00,-1,9168.0,9068.0,100.0,eod,2007-07-27,304.0,122.944,19877.056
09:25:00,13:25:00,1,9096.5,9168.0,71.5,eod,2007-07-31,173.0,123.058,14176.942
11:35:00,13:25:00,-1,8967.5,8643.0,324.5,eod,2007-08-01,195.0,120.44200000000001,64779.558
12:06:00,13:18:00,-1,8625.5,8894.45,-268.9500000000007,stop,2007-08-02,489.0,120.0798,-53910.079800000145
13:18:00,13:25:00,1,8894.45,8877.0,-17.450000000000728,eod,2007-08-02,489.0,121.0858,-3611.0858000001454
09:01:00,13:25:00,1,8769.5,8876.0,106.5,eod,2007-08-06,139.0,120.58200000000001,21179.418
12:10:00,13:25:00,-1,8890.0,8819.0,71.0,eod,2007-08-07,218.0,120.836,14079.164
11:48:00,13:25:00,1,8970.0,9058.0,88.0,eod,2007-08-08,240.0,122.112,17477.888
09:13:00,12:31:00,-1,8804.0,8864.5,-60.5,stop,2007-08-10,110.0,120.674,-12220.674
12:31:00,13:25:00,1,8864.5,8822.0,-42.5,eod,2007-08-10,110.0,120.746,-8620.746
10:02:00,13:25:00,1,8919.0,8904.0,-15.0,eod,2007-08-14,118.0,121.292,-3121.292
09:25:00,13:25:00,-1,8188.5,8113.0,75.5,eod,2007-08-16,223.0,115.206,14984.794
12:16:00,13:25:00,-1,7929.5,8000.0,-70.5,eod,2007-08-17,343.0,113.718,-14213.718
11:30:00,13:25:00,1,8415.5,8397.0,-18.5,eod,2007-08-20,409.0,117.25,-3817.25
10:26:00,13:25:00,-1,8641.5,8680.0,-38.5,eod,2007-08-23,103.0,119.286,-7819.286
09:01:00,13:25:00,-1,8612.5,8625.0,-12.5,eod,2007-08-24,95.0,118.95,-2618.95
11:30:00,13:25:00,-1,8710.5,8643.0,67.5,eod,2007-08-27,79.0,119.414,13380.586
12:52:00,13:25:00,1,8527.5,8542.0,14.5,eod,2007-08-29,115.0,118.278,2781.722
10:05:00,13:25:00,1,8807.0,8937.0,130.0,eod,2007-08-31,94.0,120.976,25879.024
08:58:00,09:39:00,1,9000.5,8958.15,-42.350000000000364,stop,2007-09-04,77.0,121.83460000000001,-8591.834600000073
09:39:00,13:25:00,-1,8958.15,8919.0,39.149999999999636,eod,2007-09-04,77.0,121.5086,7708.491399999927
10:37:00,13:25:00,-1,8929.0,8835.0,94.0,eod,2007-09-05,142.0,121.056,18678.944
10:11:00,13:25:00,1,8890.5,8965.0,74.5,eod,2007-09-06,197.0,121.422,14778.578
09:54:00,13:25:00,1,8806.0,8902.0,96.0,eod,2007-09-10,112.0,120.83200000000001,19079.168
10:17:00,13:25:00,1,8967.0,8971.0,4.0,eod,2007-09-11,204.0,121.752,678.248
10:18:00,13:25:00,-1,8933.0,8901.0,32.0,eod,2007-09-13,126.0,121.336,6278.664
11:52:00,13:25:00,1,9056.5,9050.0,-6.5,eod,2007-09-14,133.0,122.426,-1422.426
09:16:00,13:25:00,-1,8986.0,8872.0,114.0,eod,2007-09-17,114.0,121.432,22678.568
09:57:00,13:25:00,1,9108.0,9123.0,15.0,eod,2007-09-21,174.0,122.924,2877.076
09:18:00,13:25:00,1,9244.5,9288.0,43.5,eod,2007-09-26,127.0,124.13,8575.87
12:14:00,13:25:00,1,9402.5,9409.0,6.5,eod,2007-09-27,129.0,125.246,1174.754
09:41:00,13:25:00,1,9470.0,9490.0,20.0,eod,2007-09-29,100.0,125.84,3874.16
12:56:00,13:25:00,-1,9481.5,9485.0,-3.5,eod,2007-10-01,91.0,125.866,-825.866
09:21:00,10:03:00,-1,9582.0,9624.9,-42.899999999999636,stop,2007-10-02,78.0,126.8276,-8706.827599999928
10:03:00,13:25:00,1,9624.9,9671.0,46.100000000000364,eod,2007-10-02,78.0,127.18360000000001,9092.816400000072
10:53:00,13:25:00,1,9713.0,9742.0,29.0,eod,2007-10-03,104.0,127.82000000000001,5672.18
09:03:00,10:47:00,1,9692.5,9646.85,-45.649999999999636,stop,2007-10-05,83.0,127.3574,-9257.357399999928
10:47:00,13:25:00,-1,9646.85,9662.0,-15.149999999999636,eod,2007-10-05,83.0,127.2354,-3157.2353999999273
10:28:00,13:25:00,1,9762.0,9737.0,-25.0,eod,2007-10-08,120.0,127.996,-5127.996
09:06:00,13:25:00,-1,9718.0,9659.0,59.0,eod,2007-10-09,74.0,127.508,11672.492
10:49:00,13:25:00,-1,9644.5,9463.0,181.5,eod,2007-10-12,87.0,126.43,36173.57
10:00:00,13:25:00,1,9506.0,9574.0,68.0,eod,2007-10-16,142.0,126.32000000000001,13473.68
09:44:00,13:25:00,1,9677.0,9670.0,-7.0,eod,2007-10-18,154.0,127.388,-1527.388
09:37:00,11:32:00,1,9668.0,9615.2,-52.79999999999927,stop,2007-10-19,96.0,127.1328,-10687.132799999854
11:32:00,13:25:00,-1,9615.2,9636.0,-20.799999999999272,eod,2007-10-19,96.0,127.0048,-4287.004799999854
08:45:00,11:59:00,-1,9321.0,9359.5,-38.5,stop,2007-10-22,70.0,124.72200000000001,-7824.722
11:59:00,12:41:00,1,9359.5,9321.0,-38.5,stop,2007-10-22,70.0,124.72200000000001,-7824.722
11:34:00,13:25:00,1,9456.0,9524.0,68.0,eod,2007-10-23,134.0,125.92,13474.08
12:42:00,13:25:00,-1,9494.5,9434.0,60.5,eod,2007-10-24,171.0,125.714,11974.286
10:57:00,13:25:00,1,9821.5,9857.0,35.5,eod,2007-10-29,83.0,128.714,6971.286
12:13:00,13:25:00,-1,9780.5,9798.0,-17.5,eod,2007-10-30,109.0,128.31400000000002,-3628.314
10:15:00,13:25:00,-1,9745.5,9760.0,-14.5,eod,2007-10-31,87.0,128.022,-3028.022
10:12:00,13:25:00,-1,9765.0,9659.0,106.0,eod,2007-11-01,100.0,127.696,21072.304
13:00:00,13:25:00,-1,9320.5,9269.0,51.5,eod,2007-11-02,273.0,124.358,10175.642
12:02:00,13:25:00,-1,9314.5,9287.0,27.5,eod,2007-11-07,97.0,124.406,5375.594
09:59:00,13:25:00,-1,8992.0,8858.0,134.0,eod,2007-11-08,138.0,121.4,26678.6
11:32:00,13:25:00,-1,8631.0,8635.0,-4.0,eod,2007-11-12,168.0,119.06400000000001,-919.064
12:03:00,12:48:00,-1,8591.5,8683.35,-91.85000000000036,stop,2007-11-13,167.0,119.09939999999999,-18489.099400000072
12:48:00,13:25:00,1,8683.35,8741.0,57.649999999999636,eod,2007-11-13,167.0,119.6974,11410.302599999928
09:51:00,11:04:00,-1,8887.0,8925.5,-38.5,stop,2007-11-15,70.0,121.25,-7821.25
11:04:00,11:30:00,1,8925.5,8887.0,-38.5,stop,2007-11-15,70.0,121.25,-7821.25
09:32:00,11:09:00,1,8700.0,8659.3,-40.70000000000073,stop,2007-11-16,74.0,119.4372,-8259.437200000146
11:09:00,12:28:00,-1,8659.3,8700.0,-40.70000000000073,stop,2007-11-16,74.0,119.4372,-8259.437200000146
13:14:00,13:25:00,-1,8702.0,8678.0,24.0,eod,2007-11-19,156.0,119.52,4680.48
12:37:00,13:25:00,1,8524.5,8683.0,158.5,eod,2007-11-20,209.0,118.83,31581.17
09:30:00,10:03:00,-1,8346.0,8493.4,-147.39999999999964,stop,2007-11-22,268.0,117.3576,-29597.357599999927
10:03:00,13:25:00,1,8493.4,8484.0,-9.399999999999636,eod,2007-11-22,268.0,117.90960000000001,-1997.9095999999272
12:25:00,13:25:00,-1,8362.5,8353.0,9.5,eod,2007-11-23,271.0,116.862,1783.138
10:15:00,13:25:00,1,8531.0,8552.0,21.0,eod,2007-11-26,202.0,118.33200000000001,4081.668
09:17:00,11:05:00,-1,8228.0,8310.5,-82.5,stop,2007-11-27,150.0,116.154,-16616.154
11:05:00,13:25:00,1,8310.5,8395.0,84.5,eod,2007-11-27,150.0,116.822,16783.178
11:32:00,13:25:00,-1,8288.0,8297.0,-9.0,eod,2007-11-28,304.0,116.34,-1916.34
08:56:00,13:25:00,1,8549.0,8584.0,35.0,eod,2007-11-30,100.0,118.532,6881.468
09:14:00,10:14:00,-1,8538.0,8584.2,-46.20000000000073,stop,2007-12-04,84.0,118.4888,-9358.488800000145
10:14:00,13:25:00,1,8584.2,8637.0,52.79999999999927,eod,2007-12-04,84.0,118.8848,10441.115199999855
12:30:00,13:25:00,1,8657.0,8707.0,50.0,eod,2007-12-05,118.0,119.456,9880.544
12:43:00,13:25:00,-1,8707.5,8690.0,17.5,eod,2007-12-06,155.0,119.59,3380.41
12:46:00,13:25:00,-1,8633.5,8580.0,53.5,eod,2007-12-10,123.0,118.854,10581.146
09:18:00,10:46:00,1,8526.0,8475.4,-50.600000000000364,stop,2007-12-12,92.0,118.0056,-10238.005600000073
10:46:00,13:08:00,-1,8475.4,8526.0,-50.600000000000364,stop,2007-12-12,92.0,118.0056,-10238.005600000073
11:37:00,13:25:00,-1,8389.0,8150.0,239.0,eod,2007-12-13,118.0,116.156,47683.844
11:45:00,13:25:00,-1,7949.0,8099.0,-150.0,eod,2007-12-14,402.0,114.19200000000001,-30114.192
12:44:00,13:25:00,-1,7861.0,7795.0,66.0,eod,2007-12-17,312.0,112.624,13087.376
11:04:00,13:25:00,1,7846.5,7823.0,-23.5,eod,2007-12-18,333.0,112.678,-4812.678
12:54:00,13:25:00,-1,7888.0,7813.0,75.0,eod,2007-12-20,218.0,112.804,14887.196
09:46:00,13:25:00,1,7930.0,7986.0,56.0,eod,2007-12-21,234.0,113.664,11086.336
09:05:00,13:25:00,-1,8123.0,8144.0,-21.0,eod,2007-12-25,72.0,115.068,-4315.068
09:02:00,13:12:00,-1,8088.5,8123.15,-34.649999999999636,stop,2007-12-26,63.0,114.8466,-7044.846599999927
13:12:00,13:25:00,1,8123.15,8185.0,61.850000000000364,eod,2007-12-26,63.0,115.2326,12254.767400000073
09:10:00,13:25:00,1,8232.0,8320.0,88.0,eod,2007-12-27,144.0,116.208,17483.792
10:02:00,10:07:00,1,8381.0,8266.6,-114.39999999999964,stop,2007-12-28,208.0,116.5904,-22996.59039999993
10:07:00,13:16:00,-1,8266.6,8381.0,-114.39999999999964,stop,2007-12-28,208.0,116.5904,-22996.59039999993
12:33:00,13:25:00,-1,8389.5,8291.0,98.5,eod,2008-01-02,121.0,116.72200000000001,19583.278
11:15:00,13:25:00,1,8173.0,8216.0,43.0,eod,2008-01-04,146.0,115.556,8484.444
11:38:00,13:25:00,-1,7843.5,7832.0,11.5,eod,2008-01-07,215.0,112.702,2187.298
10:42:00,13:25:00,1,7939.5,7909.0,-30.5,eod,2008-01-08,199.0,113.394,-6213.394
09:19:00,13:25:00,1,7825.5,8058.0,232.5,eod,2008-01-09,149.0,113.53399999999999,46386.466
11:44:00,13:25:00,-1,8069.0,7998.0,71.0,eod,2008-01-11,104.0,114.268,14085.732
08:55:00,10:59:00,1,8201.0,8094.3,-106.69999999999982,stop,2008-01-14,194.0,115.1812,-21455.181199999963
10:59:00,12:42:00,-1,8094.3,8201.0,-106.69999999999982,stop,2008-01-14,194.0,115.1812,-21455.181199999963
09:12:00,13:25:00,1,8369.5,8475.0,105.5,eod,2008-01-15,213.0,117.378,20982.622
10:17:00,13:25:00,-1,8108.0,8103.0,5.0,eod,2008-01-17,284.0,114.84400000000001,885.156
11:53:00,13:25:00,1,8066.5,8203.0,136.5,eod,2008-01-18,331.0,115.078,27184.922
08:45:00,13:26:00,-1,7633.0,7543.0,90.0,eod,2008-01-22,134.0,110.70400000000001,17889.296
09:06:00,13:25:00,-1,7643.5,7345.0,298.5,eod,2008-01-23,157.0,109.95400000000001,59590.046
09:50:00,13:25:00,-1,7612.5,7435.0,177.5,eod,2008-01-28,147.0,110.19,35389.81
09:53:00,13:25:00,-1,7438.5,7538.0,-99.5,eod,2008-01-29,305.0,109.906,-20009.906
09:30:00,12:06:00,1,7590.0,7491.0,-99.0,stop,2008-01-30,180.0,110.324,-19910.324
12:06:00,13:25:00,-1,7491.0,7503.0,-12.0,eod,2008-01-30,180.0,109.976,-2509.976
11:08:00,12:14:00,-1,7363.0,7475.2,-112.19999999999982,stop,2008-01-31,204.0,109.3528,-22549.352799999964
12:14:00,13:25:00,1,7475.2,7468.0,-7.199999999999818,eod,2008-01-31,204.0,109.7728,-1549.7727999999636
12:45:00,13:25:00,1,7666.5,7672.0,5.5,eod,2008-02-01,229.0,111.354,988.646
09:51:00,11:21:00,-1,7478.5,7553.85,-75.35000000000036,stop,2008-02-12,137.0,110.1294,-15180.129400000073
11:21:00,13:19:00,1,7553.85,7478.5,-75.35000000000036,stop,2008-02-12,137.0,110.1294,-15180.129400000073
12:33:00,13:25:00,-1,7525.5,7500.0,25.5,eod,2008-02-13,125.0,110.102,4989.898
11:33:00,13:25:00,1,7762.0,7881.0,119.0,eod,2008-02-14,124.0,112.572,23687.428
10:58:00,13:25:00,-1,7892.5,7891.0,1.5,eod,2008-02-18,135.0,113.134,186.86599999999999
11:57:00,13:25:00,1,8008.5,8046.0,37.5,eod,2008-02-21,181.0,114.218,7385.782
13:10:00,13:25:00,1,8020.0,8027.0,7.0,eod,2008-02-22,140.0,114.188,1285.812
09:10:00,13:25:00,1,8226.5,8239.0,12.5,eod,2008-02-25,127.0,115.862,2384.138
11:15:00,13:25:00,-1,8232.5,8242.0,-9.5,eod,2008-02-26,113.0,115.898,-2015.898
10:53:00,13:25:00,1,8373.5,8389.0,15.5,eod,2008-02-29,105.0,117.05,2982.95
13:00:00,13:25:00,1,8238.5,8225.0,-13.5,eod,2008-03-03,157.0,115.854,-2815.854
09:45:00,13:25:00,1,8345.0,8457.0,112.0,eod,2008-03-04,150.0,117.208,22282.792
09:11:00,13:25:00,1,8589.0,8656.0,67.0,eod,2008-03-06,142.0,118.98,13281.02
10:28:00,11:30:00,1,8636.5,8541.35,-95.14999999999964,stop,2008-03-07,173.0,118.7114,-19148.711399999927
11:30:00,13:25:00,-1,8541.35,8538.0,3.350000000000364,eod,2008-03-07,173.0,118.31739999999999,551.6826000000727
09:56:00,13:25:00,-1,8419.5,8267.0,152.5,eod,2008-03-10,131.0,116.746,30383.254
11:18:00,13:25:00,-1,8492.5,8456.0,36.5,eod,2008-03-12,207.0,117.794,7182.206
11:29:00,13:25:00,-1,8323.5,8175.0,148.5,eod,2008-03-13,205.0,115.994,29584.006
12:24:00,13:25:00,-1,8115.5,8135.0,-19.5,eod,2008-03-14,289.0,115.002,-4015.002
10:27:00,12:01:00,-1,7855.0,7972.7,-117.69999999999982,stop,2008-03-17,214.0,113.3108,-23653.310799999963
12:01:00,13:25:00,1,7972.7,7994.0,21.300000000000182,eod,2008-03-17,214.0,113.86680000000001,4146.133200000037
11:05:00,12:36:00,-1,7926.5,8038.15,-111.64999999999964,stop,2008-03-18,203.0,113.8586,-22443.858599999927
12:36:00,13:25:00,1,8038.15,8062.0,23.850000000000364,eod,2008-03-18,203.0,114.4006,4655.599400000073
09:58:00,10:40:00,1,8140.0,8053.1,-86.89999999999964,stop,2008-03-20,158.0,114.7724,-17494.77239999993
10:40:00,11:53:00,-1,8053.1,8140.0,-86.89999999999964,stop,2008-03-20,158.0,114.7724,-17494.77239999993
09:53:00,13:25:00,-1,8868.5,8891.0,-22.5,eod,2008-03-24,257.0,121.038,-4621.038
09:01:00,13:25:00,-1,8795.5,8745.0,50.5,eod,2008-03-25,311.0,120.162,9979.838
09:48:00,13:25:00,-1,8609.0,8558.0,51.0,eod,2008-03-27,152.0,118.668,10081.332
09:01:00,13:25:00,1,8608.0,8655.0,47.0,eod,2008-03-28,190.0,119.052,9280.948
09:26:00,13:25:00,-1,8497.5,8493.0,4.5,eod,2008-03-31,163.0,117.962,782.038
11:54:00,13:25:00,-1,8483.0,8363.0,120.0,eod,2008-04-01,154.0,117.384,23882.616
09:01:00,13:25:00,1,8644.0,8735.0,91.0,eod,2008-04-07,88.0,119.516,18080.484
09:22:00,12:15:00,1,8699.5,8658.25,-41.25,stop,2008-04-09,75.0,119.431,-8369.431
12:15:00,13:25:00,-1,8658.25,8652.0,6.25,eod,2008-04-09,75.0,119.241,1130.759
09:16:00,13:25:00,1,8743.0,8802.0,59.0,eod,2008-04-10,192.0,120.18,11679.82
12:33:00,13:25:00,1,8922.0,8895.0,-27.0,eod,2008-04-11,184.0,121.268,-5521.268
09:34:00,11:53:00,1,8894.0,8821.4,-72.60000000000036,stop,2008-04-14,132.0,120.86160000000001,-14640.861600000073
11:53:00,13:25:00,-1,8821.4,8870.0,-48.600000000000364,eod,2008-04-14,132.0,120.7656,-9840.765600000073
10:01:00,10:55:00,1,8928.0,8868.6,-59.399999999999636,stop,2008-04-15,108.0,121.18639999999999,-12001.186399999928
10:55:00,12:38:00,-1,8868.6,8928.0,-59.399999999999636,stop,2008-04-15,108.0,121.18639999999999,-12001.186399999928
09:23:00,13:25:00,-1,9076.5,9062.0,14.5,eod,2008-04-17,115.0,122.554,2777.446
10:22:00,13:16:00,-1,9030.0,9088.3,-58.29999999999927,stop,2008-04-18,106.0,122.4732,-11782.473199999855
13:16:00,13:25:00,1,9088.3,9080.0,-8.299999999999272,eod,2008-04-18,106.0,122.6732,-1782.6731999998544
09:16:00,13:25:00,-1,9118.0,9071.0,47.0,eod,2008-04-21,100.0,122.756,9277.244
10:00:00,13:25:00,-1,8991.0,9036.0,-45.0,eod,2008-04-22,130.0,122.108,-9122.108
09:12:00,10:49:00,-1,9005.5,9059.95,-54.45000000000073,stop,2008-04-23,99.0,122.26180000000001,-11012.261800000146
10:49:00,13:16:00,1,9059.95,9005.5,-54.45000000000073,stop,2008-04-23,99.0,122.26180000000001,-11012.261800000146
10:10:00,13:25:00,1,9040.0,8983.0,-57.0,eod,2008-04-24,148.0,122.092,-11522.092
10:42:00,13:25:00,-1,9007.0,8966.0,41.0,eod,2008-04-25,90.0,121.892,8078.108
11:16:00,13:25:00,1,9057.0,9063.0,6.0,eod,2008-04-28,118.0,122.48,1077.52
11:30:00,13:25:00,-1,9030.5,8916.0,114.5,eod,2008-04-29,119.0,121.786,22778.214
11:32:00,13:25:00,-1,8975.5,9003.0,-27.5,eod,2008-05-02,91.0,121.914,-5621.914
09:05:00,13:25:00,-1,8968.0,8844.0,124.0,eod,2008-05-05,104.0,121.248,24678.752
10:40:00,13:25:00,1,8957.0,8922.0,-35.0,eod,2008-05-07,108.0,121.516,-7121.516
11:50:00,13:04:00,-1,8807.5,8859.75,-52.25,stop,2008-05-08,95.0,120.669,-10570.669
13:04:00,13:25:00,1,8859.75,8876.0,16.25,eod,2008-05-08,95.0,120.943,3129.057
09:55:00,12:15:00,-1,8798.5,8855.15,-56.649999999999636,stop,2008-05-09,103.0,120.61460000000001,-11450.614599999928
12:15:00,13:03:00,1,8855.15,8798.5,-56.649999999999636,stop,2008-05-09,103.0,120.61460000000001,-11450.614599999928
12:34:00,13:25:00,1,8831.5,8860.0,28.5,eod,2008-05-12,111.0,120.766,5579.234
09:49:00,13:25:00,1,8918.0,9029.0,111.0,eod,2008-05-13,112.0,121.788,22078.212
09:18:00,13:25:00,1,9131.0,9205.0,74.0,eod,2008-05-15,86.0,123.34400000000001,14676.656
11:21:00,13:25:00,1,9280.5,9258.0,-22.5,eod,2008-05-16,121.0,124.154,-4624.154
13:19:00,13:25:00,1,9316.5,9334.0,17.5,eod,2008-05-19,95.0,124.602,3375.398
09:04:00,13:25:00,-1,9288.0,9079.0,209.0,eod,2008-05-20,136.0,123.468,41676.532
11:38:00,13:25:00,1,8940.0,9002.0,62.0,eod,2008-05-22,130.0,121.768,12278.232
10:15:00,13:25:00,-1,8923.0,8833.0,90.0,eod,2008-05-23,154.0,121.024,17878.976
09:00:00,13:25:00,1,8751.5,8771.0,19.5,eod,2008-05-27,101.0,120.09,3779.91
09:13:00,13:25:00,-1,8747.5,8635.0,112.5,eod,2008-05-28,85.0,119.53,22380.47
09:45:00,13:25:00,-1,8704.5,8653.0,51.5,eod,2008-05-30,121.0,119.43,10180.57
09:51:00,13:25:00,-1,8591.0,8553.0,38.0,eod,2008-06-03,106.0,118.57600000000001,7481.424
11:46:00,13:25:00,1,8613.5,8601.0,-12.5,eod,2008-06-04,147.0,118.858,-2618.858
09:06:00,12:19:00,-1,8524.5,8575.65,-51.149999999999636,stop,2008-06-05,93.0,118.40060000000001,-10348.400599999928
12:19:00,13:25:00,1,8575.65,8753.0,177.35000000000036,eod,2008-06-05,93.0,119.31460000000001,35350.685400000075
09:05:00,09:21:00,-1,8497.5,8532.15,-34.649999999999636,stop,2008-06-10,63.0,118.1186,-7048.118599999927
09:21:00,09:46:00,1,8532.15,8497.5,-34.649999999999636,stop,2008-06-10,63.0,118.1186,-7048.118599999927
09:15:00,13:25:00,-1,8142.5,8013.0,129.5,eod,2008-06-12,113.0,114.622,25785.378
11:11:00,12:56:00,1,8190.0,8114.1,-75.89999999999964,stop,2008-06-16,138.0,115.21640000000001,-15295.216399999927
12:56:00,13:25:00,-1,8114.1,8124.0,-9.899999999999636,eod,2008-06-16,138.0,114.9524,-2094.9523999999274
09:17:00,11:28:00,-1,8087.5,8137.55,-50.05000000000018,stop,2008-06-17,91.0,114.9002,-10124.900200000036
11:28:00,12:04:00,1,8137.55,8087.5,-50.05000000000018,stop,2008-06-17,91.0,114.9002,-10124.900200000036
09:30:00,13:25:00,-1,7911.5,7920.0,-8.5,eod,2008-06-19,137.0,113.326,-1813.326
09:10:00,10:34:00,-1,7863.0,7914.7,-51.69999999999982,stop,2008-06-20,94.0,113.11080000000001,-10453.110799999964
10:34:00,11:51:00,1,7914.7,7863.0,-51.69999999999982,stop,2008-06-20,94.0,113.11080000000001,-10453.110799999964
10:40:00,13:25:00,1,7767.0,7755.0,-12.0,eod,2008-06-23,214.0,112.088,-2512.088
12:46:00,13:25:00,1,7739.5,7756.0,16.5,eod,2008-06-25,137.0,111.982,3188.018
09:14:00,10:03:00,1,7435.0,7375.6,-59.399999999999636,stop,2008-06-27,108.0,109.2424,-11989.242399999926
10:03:00,12:15:00,-1,7375.6,7435.0,-59.399999999999636,stop,2008-06-27,108.0,109.2424,-11989.242399999926
10:45:00,13:25:00,-1,7410.5,7394.0,16.5,eod,2008-06-30,119.0,109.218,3190.782
09:15:00,11:04:00,1,7464.0,7404.6,-59.399999999999636,stop,2008-07-01,108.0,109.4744,-11989.474399999926
11:04:00,13:25:00,-1,7404.6,7331.0,73.60000000000036,eod,2008-07-01,108.0,108.94239999999999,14611.057600000073
09:04:00,11:25:00,-1,7065.5,7147.45,-81.94999999999982,stop,2008-07-03,149.0,106.8518,-16496.851799999964
11:25:00,13:25:00,1,7147.45,7365.0,217.55000000000018,eod,2008-07-03,149.0,108.0498,43401.950200000036
13:22:00,13:25:00,-1,7121.0,7115.0,6.0,eod,2008-07-04,322.0,106.944,1093.056
12:57:00,13:25:00,1,7208.0,7261.0,53.0,eod,2008-07-07,224.0,107.876,10492.124
10:14:00,13:25:00,-1,7097.0,6932.0,165.0,eod,2008-07-08,204.0,106.116,32893.884
12:01:00,13:25:00,1,7075.5,7003.0,-72.5,eod,2008-07-10,235.0,106.314,-14606.314
10:10:00,13:25:00,1,7084.5,7178.0,93.5,eod,2008-07-11,223.0,107.05000000000001,18592.95
09:07:00,13:25:00,-1,6975.0,6802.0,173.0,eod,2008-07-15,150.0,105.108,34494.892
12:10:00,13:25:00,1,6794.5,6835.0,40.5,eod,2008-07-17,189.0,104.518,7995.482
11:02:00,13:25:00,-1,6780.5,6648.0,132.5,eod,2008-07-18,159.0,103.714,26396.286
13:12:00,13:25:00,1,6989.5,7002.0,12.5,eod,2008-07-21,289.0,105.96600000000001,2394.034
10:53:00,13:25:00,1,7162.0,7211.0,49.0,eod,2008-07-23,124.0,107.492,9692.508
09:46:00,13:25:00,-1,7139.0,7142.0,-3.0,eod,2008-07-25,98.0,107.124,-707.124
09:25:00,13:25:00,-1,6896.0,6937.0,-41.0,eod,2008-07-29,108.0,105.332,-8305.332
09:55:00,13:25:00,-1,7013.0,7009.0,4.0,eod,2008-07-30,114.0,106.088,693.912
10:47:00,13:25:00,-1,7038.5,6967.0,71.5,eod,2008-07-31,119.0,106.02199999999999,14193.978
09:18:00,13:25:00,1,6911.0,6926.0,15.0,eod,2008-08-04,118.0,105.348,2894.652
09:15:00,13:25:00,-1,6916.0,6793.0,123.0,eod,2008-08-05,114.0,104.836,24495.164
08:55:00,13:25:00,1,6988.5,7199.0,210.5,eod,2008-08-08,95.0,106.75,41993.25
12:38:00,13:15:00,1,7332.5,7283.55,-48.94999999999982,stop,2008-08-12,89.0,108.4642,-9898.464199999964
13:15:00,13:25:00,-1,7283.55,7290.0,-6.449999999999818,eod,2008-08-12,89.0,108.29419999999999,-1398.2941999999637
09:24:00,09:55:00,1,7297.0,7254.1,-42.899999999999636,stop,2008-08-13,78.0,108.20439999999999,-8688.204399999928
09:55:00,13:25:00,-1,7254.1,7271.0,-16.899999999999636,eod,2008-08-13,78.0,108.10040000000001,-3488.100399999927
12:43:00,13:25:00,1,7339.0,7360.0,21.0,eod,2008-08-14,118.0,108.79599999999999,4091.204
12:04:00,13:25:00,-1,7295.0,7191.0,104.0,eod,2008-08-15,134.0,107.944,20692.056
10:49:00,13:25:00,-1,7066.5,6992.0,74.5,eod,2008-08-18,227.0,106.23400000000001,14793.766
08:50:00,10:00:00,1,6896.5,6839.85,-56.649999999999636,stop,2008-08-22,103.0,104.9454,-11434.945399999928
10:00:00,13:00:00,-1,6839.85,6896.5,-56.649999999999636,stop,2008-08-22,103.0,104.9454,-11434.945399999928
09:25:00,13:25:00,1,6967.5,7079.0,111.5,eod,2008-08-27,77.0,106.186,22193.814
10:45:00,13:25:00,-1,7048.0,7038.0,10.0,eod,2008-08-29,104.0,106.344,1893.656
09:11:00,13:25:00,-1,6916.5,6757.0,159.5,eod,2008-09-01,127.0,104.694,31795.306
12:00:00,13:25:00,-1,6667.0,6667.0,-0.0,eod,2008-09-02,246.0,103.336,-103.336
10:03:00,13:25:00,-1,6641.5,6567.0,74.5,eod,2008-09-03,145.0,102.834,14797.166
11:55:00,13:25:00,-1,6463.0,6369.0,94.0,eod,2008-09-04,196.0,101.328,18698.672
09:28:00,13:25:00,1,6550.5,6677.0,126.5,eod,2008-09-08,127.0,102.91,25197.09
09:32:00,13:25:00,-1,6496.0,6413.0,83.0,eod,2008-09-09,196.0,101.636,16498.364
09:01:00,13:25:00,1,6465.0,6436.0,-29.0,eod,2008-09-10,228.0,101.604,-5901.604
08:48:00,13:25:00,-1,6351.5,6237.0,114.5,eod,2008-09-11,171.0,100.354,22799.646
09:53:00,13:25:00,-1,6236.5,6296.0,-59.5,eod,2008-09-12,235.0,100.13,-12000.13
10:45:00,13:25:00,-1,6022.0,5952.0,70.0,eod,2008-09-15,216.0,97.896,13902.104
09:31:00,13:25:00,1,5893.0,5908.0,15.0,eod,2008-09-19,174.0,97.20400000000001,2902.796
08:59:00,13:25:00,-1,6058.5,6062.0,-3.5,eod,2008-09-22,123.0,98.482,-798.482
10:17:00,13:25:00,1,6113.0,6137.0,24.0,eod,2008-09-23,166.0,99.0,4701.0
12:00:00,12:30:00,1,6194.5,6109.25,-85.25,stop,2008-09-24,155.0,99.215,-17149.215
12:30:00,13:25:00,-1,6109.25,6132.0,-22.75,eod,2008-09-24,155.0,98.965,-4648.965
09:35:00,13:25:00,1,6060.0,6069.0,9.0,eod,2008-09-25,120.0,98.51599999999999,1701.484
09:11:00,13:25:00,-1,5951.0,5845.0,106.0,eod,2008-09-26,198.0,97.184,21102.816
12:00:00,13:25:00,1,5580.0,5535.0,-45.0,eod,2008-09-30,242.0,94.46000000000001,-9094.46
08:50:00,13:25:00,1,5663.0,5691.0,28.0,eod,2008-10-01,128.0,95.416,5504.584
08:50:00,13:25:00,-1,5661.0,5585.0,76.0,eod,2008-10-02,120.0,94.98400000000001,15105.016
12:54:00,13:25:00,1,5642.0,5682.0,40.0,eod,2008-10-03,184.0,95.29599999999999,7904.704
09:09:00,13:25:00,1,5309.0,5471.0,162.0,eod,2008-10-07,118.0,93.12,32306.88
12:57:00,13:25:00,-1,5117.5,5102.0,15.5,eod,2008-10-08,263.0,90.878,3009.122
09:11:00,13:29:00,-1,5239.5,5287.0,-47.5,eod,2008-10-14,93.0,92.106,-9592.106
09:04:00,12:41:00,-1,4722.0,4812.2,-90.19999999999982,stop,2008-10-20,164.0,88.1368,-18128.136799999964
12:41:00,13:25:00,1,4812.2,4796.0,-16.199999999999818,eod,2008-10-20,164.0,88.4328,-3328.4327999999637
10:25:00,13:25:00,-1,4830.0,4820.0,10.0,eod,2008-10-21,200.0,88.6,1911.4
10:03:00,11:45:00,1,4845.5,4727.25,-118.25,stop,2008-10-22,215.0,88.291,-23738.291
11:45:00,13:25:00,-1,4727.25,4654.0,73.25,eod,2008-10-22,215.0,87.525,14562.475
08:45:00,08:58:00,1,4412.0,4393.3,-18.699999999999818,stop,2008-10-24,34.0,85.2212,-3825.2211999999636
08:58:00,13:36:00,-1,4393.3,4337.0,56.30000000000018,eod,2008-10-24,34.0,84.9212,11175.078800000036
08:45:00,08:46:00,1,4177.0,4120.9,-56.100000000000364,stop,2008-10-27,102.0,83.1916,-11303.191600000073
08:46:00,09:11:00,-1,4120.9,4177.0,-56.100000000000364,stop,2008-10-27,102.0,83.1916,-11303.191600000073
09:30:00,10:00:00,-1,3825.0,3930.6,-105.59999999999991,stop,2008-10-28,192.0,81.0224,-21201.022399999983
10:00:00,13:25:00,1,3930.6,4316.0,385.4000000000001,eod,2008-10-28,192.0,82.9864,76997.01360000002
10:35:00,13:25:00,-1,4365.5,4237.0,128.5,eod,2008-10-29,505.0,84.41,25615.59
09:18:00,13:27:00,1,4579.0,4594.0,15.0,eod,2008-10-30,406.0,86.69200000000001,2913.308
09:18:00,13:25:00,1,4710.5,4824.0,113.5,eod,2008-10-31,233.0,88.138,22611.862
09:45:00,13:02:00,-1,4860.0,4975.5,-115.5,stop,2008-11-04,210.0,89.342,-23189.342
13:02:00,13:25:00,1,4975.5,4972.0,-3.5,eod,2008-11-04,210.0,89.78999999999999,-789.79
09:06:00,13:25:00,-1,4994.5,4920.0,74.5,eod,2008-11-05,171.0,89.658,14810.342
09:00:00,13:25:00,-1,4576.5,4557.0,19.5,eod,2008-11-06,207.0,86.53399999999999,3813.466
09:05:00,13:25:00,1,4381.5,4604.0,222.5,eod,2008-11-07,143.0,85.94200000000001,44414.058
09:01:00,13:25:00,1,4547.5,4541.0,-6.5,eod,2008-11-11,141.0,86.354,-1386.354
09:45:00,11:51:00,1,4578.0,4479.0,-99.0,stop,2008-11-12,180.0,86.22800000000001,-19886.228
11:51:00,13:25:00,-1,4479.0,4518.0,-39.0,eod,2008-11-12,180.0,85.988,-7885.988
12:23:00,13:25:00,-1,4217.0,4235.0,-18.0,eod,2008-11-13,176.0,83.80799999999999,-3683.808
09:01:00,13:25:00,-1,4436.5,4381.0,55.5,eod,2008-11-14,125.0,85.27000000000001,11014.73
09:17:00,13:25:00,1,4364.5,4385.0,20.5,eod,2008-11-17,169.0,84.99799999999999,4015.002
09:31:00,13:25:00,-1,4266.5,4240.0,26.5,eod,2008-11-18,169.0,84.02600000000001,5215.974
09:03:00,11:55:00,1,4006.0,3947.7,-58.30000000000018,stop,2008-11-20,106.0,81.81479999999999,-11741.814800000036
11:55:00,13:25:00,-1,3947.7,3906.0,41.69999999999982,eod,2008-11-20,106.0,81.4148,8258.585199999963
12:18:00,13:25:00,1,3960.5,4086.0,125.5,eod,2008-11-21,161.0,82.186,25017.814
12:19:00,13:25:00,-1,4154.0,4152.0,2.0,eod,2008-11-25,136.0,83.224,316.776
10:10:00,13:25:00,1,4376.0,4436.0,60.0,eod,2008-11-27,92.0,85.24799999999999,11914.752
10:08:00,13:25:00,1,4458.5,4518.0,59.5,eod,2008-12-01,77.0,85.906,11814.094
11:15:00,13:25:00,-1,4186.0,4140.0,46.0,eod,2008-12-04,120.0,83.304,9116.696
09:09:00,13:25:00,1,4294.5,4471.0,176.5,eod,2008-12-08,99.0,85.062,35214.938
09:15:00,13:25:00,1,4543.0,4715.0,172.0,eod,2008-12-10,114.0,87.03200000000001,34312.968
09:04:00,11:20:00,1,4609.5,4566.05,-43.44999999999982,stop,2008-12-12,79.0,86.7022,-8776.702199999963
11:20:00,13:25:00,-1,4566.05,4411.0,155.05000000000018,eod,2008-12-12,79.0,85.9082,30924.091800000035
09:32:00,13:25:00,-1,4624.0,4652.0,-28.0,eod,2008-12-18,112.0,87.104,-5687.104
10:02:00,12:15:00,-1,4607.5,4667.45,-59.94999999999982,stop,2008-12-19,109.0,87.0998,-12077.099799999964
12:15:00,13:25:00,1,4667.45,4692.0,24.550000000000182,eod,2008-12-19,109.0,87.43780000000001,4822.562200000037
10:38:00,13:25:00,-1,4649.0,4520.0,129.0,eod,2008-12-22,142.0,86.676,25713.324
10:25:00,13:25:00,-1,4378.5,4370.0,8.5,eod,2008-12-23,257.0,84.994,1615.006
10:09:00,12:44:00,1,4409.0,4368.3,-40.69999999999982,stop,2008-12-26,74.0,85.1092,-8225.109199999964
12:44:00,13:25:00,-1,4368.3,4386.0,-17.699999999999818,eod,2008-12-26,74.0,85.0172,-3625.017199999964
09:08:00,13:25:00,1,4470.5,4575.0,104.5,eod,2008-12-30,83.0,86.182,20813.818
12:15:00,13:25:00,-1,4513.5,4509.0,4.5,eod,2008-12-31,183.0,86.09,813.91
09:31:00,10:35:00,1,4786.5,4715.55,-70.94999999999982,stop,2009-01-05,129.0,88.00819999999999,-14278.008199999964
10:35:00,13:25:00,-1,4715.55,4684.0,31.550000000000182,eod,2009-01-05,129.0,87.59819999999999,6222.401800000036
09:49:00,13:25:00,-1,4604.5,4460.0,144.5,eod,2009-01-08,91.0,86.25800000000001,28813.742
09:20:00,12:24:00,1,4407.0,4357.5,-49.5,stop,2009-01-10,90.0,85.05799999999999,-9985.058
12:24:00,13:25:00,-1,4357.5,4398.0,-40.5,eod,2009-01-10,90.0,85.02199999999999,-8185.022
09:02:00,10:45:00,1,4426.5,4381.95,-44.55000000000018,stop,2009-01-12,81.0,85.2338,-8995.233800000036
10:45:00,13:04:00,-1,4381.95,4426.5,-44.55000000000018,stop,2009-01-12,81.0,85.2338,-8995.233800000036
09:24:00,13:25:00,1,4422.0,4498.0,76.0,eod,2009-01-13,122.0,85.68,15114.32
08:45:00,13:25:00,1,4259.0,4250.0,-9.0,eod,2009-01-15,74.0,84.036,-1884.036
09:12:00,10:51:00,1,4316.0,4273.1,-42.899999999999636,stop,2009-01-16,78.0,84.35640000000001,-8664.356399999928
10:51:00,13:20:00,-1,4273.1,4316.0,-42.899999999999636,stop,2009-01-16,78.0,84.35640000000001,-8664.356399999928
08:53:00,13:25:00,-1,4352.0,4349.0,3.0,eod,2009-01-19,52.0,84.804,515.196
08:45:00,13:25:00,-1,4231.5,4247.0,-15.5,eod,2009-01-20,69.0,83.914,-3183.914
08:47:00,13:25:00,-1,4130.5,4159.0,-28.5,eod,2009-02-02,137.0,83.158,-5783.158
09:00:00,13:25:00,1,4214.5,4282.0,67.5,eod,2009-02-03,93.0,83.986,13416.014
12:13:00,13:05:00,1,4360.0,4310.5,-49.5,stop,2009-02-05,90.0,84.682,-9984.682
13:05:00,13:25:00,-1,4310.5,4309.0,1.5,eod,2009-02-05,90.0,84.47800000000001,215.522
09:14:00,13:25:00,1,4422.0,4416.0,-6.0,eod,2009-02-06,120.0,85.352,-1285.352
12:59:00,13:25:00,-1,4438.5,4438.0,0.5,eod,2009-02-09,123.0,85.506,14.494
09:02:00,13:25:00,1,4417.0,4553.0,136.0,eod,2009-02-11,64.0,85.88,27114.12
11:21:00,13:25:00,-1,4417.0,4423.0,-6.0,eod,2009-02-12,206.0,85.36,-1285.36
10:16:00,13:25:00,1,4542.0,4570.0,28.0,eod,2009-02-13,166.0,86.44800000000001,5513.552
09:02:00,09:27:00,1,4548.0,4518.3,-29.699999999999818,stop,2009-02-17,54.0,86.2652,-6026.265199999963
09:27:00,13:25:00,-1,4518.3,4479.0,39.30000000000018,eod,2009-02-17,54.0,85.9892,7774.010800000036
09:01:00,10:48:00,-1,4369.5,4415.15,-45.649999999999636,stop,2009-02-19,83.0,85.1386,-9215.138599999927
10:48:00,13:25:00,1,4415.15,4473.0,57.850000000000364,eod,2009-02-19,83.0,85.5526,11484.447400000072
09:45:00,13:25:00,1,4386.0,4421.0,35.0,eod,2009-02-23,108.0,85.22800000000001,6914.772
09:19:00,12:13:00,1,4476.0,4430.9,-45.100000000000364,stop,2009-02-25,82.0,85.6276,-9105.627600000073
12:13:00,13:25:00,-1,4430.9,4455.0,-24.100000000000364,eod,2009-02-25,82.0,85.5436,-4905.543600000073
11:15:00,13:25:00,-1,4464.0,4454.0,10.0,eod,2009-02-26,112.0,85.672,1914.328
12:51:00,13:25:00,1,4521.0,4515.0,-6.0,eod,2009-02-27,98.0,86.144,-1286.144
11:20:00,13:25:00,-1,4384.0,4329.0,55.0,eod,2009-03-02,76.0,84.852,10915.148
13:08:00,13:25:00,1,4348.0,4361.0,13.0,eod,2009-03-03,156.0,84.836,2515.164
10:03:00,13:25:00,1,4405.5,4506.0,100.5,eod,2009-03-04,139.0,85.646,20014.354
09:26:00,13:25:00,1,4638.0,4586.0,-52.0,eod,2009-03-05,194.0,86.896,-10486.896
10:07:00,13:25:00,1,4603.5,4621.0,17.5,eod,2009-03-06,107.0,86.898,3413.102
09:00:00,13:25:00,-1,4623.0,4618.0,5.0,eod,2009-03-09,98.0,86.964,913.0360000000001
12:58:00,13:25:00,1,4667.0,4651.0,-16.0,eod,2009-03-10,132.0,87.27199999999999,-3287.272
09:17:00,13:25:00,-1,4724.0,4754.0,-30.0,eod,2009-03-11,102.0,87.912,-6087.912
09:10:00,09:40:00,1,4847.5,4817.25,-30.25,stop,2009-03-13,55.0,88.65899999999999,-6138.659
09:40:00,11:10:00,-1,4817.25,4847.5,-30.25,stop,2009-03-13,55.0,88.65899999999999,-6138.659
09:10:00,09:17:00,1,5005.0,4962.1,-42.899999999999636,stop,2009-03-17,78.0,89.86840000000001,-8669.868399999927
09:17:00,11:52:00,-1,4962.1,5005.0,-42.899999999999636,stop,2009-03-17,78.0,89.86840000000001,-8669.868399999927
11:02:00,12:51:00,1,5081.0,5041.4,-39.600000000000364,stop,2009-03-19,72.0,90.4896,-8010.489600000073
12:51:00,13:25:00,-1,5041.4,4999.0,42.399999999999636,eod,2009-03-19,72.0,90.16159999999999,8389.838399999928
10:35:00,13:25:00,-1,4941.0,4937.0,4.0,eod,2009-03-20,130.0,89.512,710.488
11:04:00,13:25:00,1,5091.0,5113.0,22.0,eod,2009-03-23,118.0,90.816,4309.184
10:51:00,13:25:00,1,5295.0,5361.0,66.0,eod,2009-03-25,82.0,92.624,13107.376
10:10:00,10:41:00,1,5427.5,5341.15,-86.35000000000036,stop,2009-03-26,157.0,93.0746,-17363.074600000073
10:41:00,13:25:00,-1,5341.15,5394.0,-52.850000000000364,eod,2009-03-26,157.0,92.94059999999999,-10662.940600000073
10:09:00,13:25:00,-1,5375.5,5360.0,15.5,eod,2009-03-27,117.0,92.94200000000001,3007.058
09:10:00,13:25:00,-1,5287.0,5146.0,141.0,eod,2009-03-30,118.0,91.732,28108.268
09:17:00,13:25:00,1,5288.0,5308.0,20.0,eod,2009-04-01,120.0,92.384,3907.616
10:16:00,13:25:00,1,5461.0,5501.0,40.0,eod,2009-04-02,122.0,93.848,7906.152
09:22:00,13:25:00,-1,5503.5,5512.0,-8.5,eod,2009-04-03,117.0,94.062,-1794.062
10:37:00,13:05:00,1,5606.0,5555.4,-50.600000000000364,stop,2009-04-06,92.0,94.6456,-10214.645600000073
13:05:00,13:25:00,-1,5555.4,5523.0,32.399999999999636,eod,2009-04-06,92.0,94.31360000000001,6385.686399999927
13:05:00,13:25:00,1,5566.0,5570.0,4.0,eod,2009-04-07,126.0,94.54400000000001,705.456
09:22:00,11:07:00,1,5562.5,5494.85,-67.64999999999964,stop,2009-04-08,123.0,94.2294,-13624.229399999927
11:07:00,13:25:00,-1,5494.85,5439.0,55.850000000000364,eod,2009-04-08,123.0,93.7354,11076.264600000073
10:59:00,13:25:00,1,5621.5,5689.0,67.5,eod,2009-04-09,167.0,95.242,13404.758
10:02:00,13:25:00,1,5870.0,5870.0,0.0,eod,2009-04-14,90.0,96.96000000000001,-96.96000000000001
11:36:00,13:25:00,-1,5997.5,5731.0,266.5,eod,2009-04-17,97.0,96.914,53203.086
10:45:00,13:25:00,1,5740.5,5872.0,131.5,eod,2009-04-21,147.0,96.45,26203.55
09:05:00,10:31:00,-1,5822.5,5874.75,-52.25,stop,2009-04-23,95.0,96.789,-10546.789
10:31:00,13:25:00,1,5874.75,5871.0,-3.75,eod,2009-04-23,95.0,96.983,-846.983
09:34:00,11:06:00,1,5990.5,5907.45,-83.05000000000018,stop,2009-04-24,151.0,97.5918,-16707.591800000035
11:06:00,13:25:00,-1,5907.45,5876.0,31.449999999999818,eod,2009-04-24,151.0,97.13380000000001,6192.866199999964
10:00:00,13:25:00,-1,5826.5,5714.0,112.5,eod,2009-04-27,207.0,96.162,22403.838
09:45:00,13:25:00,-1,5629.0,5608.0,21.0,eod,2009-04-28,274.0,94.94800000000001,4105.052
08:45:00,08:46:00,-1,6353.0,6364.0,-11.0,stop,2009-05-04,20.0,100.868,-2300.868
08:46:00,09:03:00,1,6364.0,6353.0,-11.0,stop,2009-05-04,20.0,100.868,-2300.868
08:45:00,09:06:00,1,6704.5,6630.25,-74.25,stop,2009-05-05,135.0,103.339,-14953.339
09:06:00,13:25:00,-1,6630.25,6474.0,156.25,eod,2009-05-05,135.0,102.417,31147.583
12:00:00,13:25:00,-1,6519.5,6573.0,-53.5,eod,2009-05-07,173.0,102.37,-10802.37
09:05:00,09:32:00,1,6595.0,6544.4,-50.600000000000364,stop,2009-05-11,92.0,102.55760000000001,-10222.557600000073
09:32:00,10:37:00,-1,6544.4,6595.0,-50.600000000000364,stop,2009-05-11,92.0,102.55760000000001,-10222.557600000073
09:21:00,13:25:00,-1,6474.5,6444.0,30.5,eod,2009-05-12,175.0,101.674,5998.326
10:45:00,12:20:00,1,6394.5,6351.05,-43.44999999999982,stop,2009-05-14,79.0,100.9822,-8790.982199999964
12:20:00,13:25:00,-1,6351.05,6352.0,-0.9499999999998181,eod,2009-05-14,79.0,100.81219999999999,-290.8121999999636
09:28:00,13:25:00,1,6424.0,6491.0,67.0,eod,2009-05-15,104.0,101.66,13298.34
09:14:00,13:25:00,1,6500.5,6544.0,43.5,eod,2009-05-18,153.0,102.178,8597.822
09:10:00,12:36:00,1,6800.5,6706.45,-94.05000000000018,stop,2009-05-19,171.0,104.02780000000001,-18914.027800000036
12:36:00,13:25:00,-1,6706.45,6671.0,35.44999999999982,eod,2009-05-19,171.0,103.50980000000001,6986.490199999964
09:12:00,13:25:00,1,6650.0,6693.0,43.0,eod,2009-05-22,90.0,103.372,8496.628
09:15:00,09:30:00,1,6819.5,6744.15,-75.35000000000036,stop,2009-05-25,137.0,104.2546,-15174.254600000073
09:30:00,13:25:00,-1,6744.15,6717.0,27.149999999999636,eod,2009-05-25,137.0,103.8446,5326.155399999927
10:05:00,13:25:00,1,6784.0,6971.0,187.0,eod,2009-05-27,128.0,105.02000000000001,37294.98
11:59:00,13:25:00,-1,6982.0,6887.0,95.0,eod,2009-06-02,110.0,105.476,18894.524
10:55:00,13:25:00,-1,6814.5,6759.0,55.5,eod,2009-06-04,91.0,104.29400000000001,10995.706
11:15:00,13:25:00,1,6823.0,6850.0,27.0,eod,2009-06-06,92.0,104.69200000000001,5295.308
09:10:00,13:25:00,-1,6826.0,6638.0,188.0,eod,2009-06-08,78.0,103.856,37496.144
10:00:00,13:25:00,-1,6532.0,6406.0,126.0,eod,2009-06-09,272.0,101.75200000000001,25098.248
09:15:00,11:14:00,-1,6430.5,6495.95,-65.44999999999982,stop,2009-06-11,119.0,101.70580000000001,-13191.705799999963
11:14:00,13:25:00,1,6495.95,6526.0,30.050000000000182,eod,2009-06-11,119.0,102.0878,5907.912200000036
12:14:00,13:25:00,-1,6425.0,6462.0,-37.0,eod,2009-06-12,210.0,101.548,-7501.548
09:04:00,13:25:00,-1,6316.5,6207.0,109.5,eod,2009-06-15,147.0,100.094,21799.906
09:04:00,09:40:00,1,6179.5,6125.05,-54.44999999999982,stop,2009-06-18,99.0,99.2182,-10989.218199999963
09:40:00,13:25:00,-1,6125.05,6070.0,55.05000000000018,eod,2009-06-18,99.0,98.78020000000001,10911.219800000037
09:49:00,11:05:00,-1,6084.5,6142.25,-57.75,stop,2009-06-22,105.0,98.90700000000001,-11648.907
11:05:00,13:25:00,1,6142.25,6227.0,84.75,eod,2009-06-22,105.0,99.477,16850.523
10:59:00,13:25:00,1,6134.5,6336.0,201.5,eod,2009-06-24,91.0,99.882,40200.118
09:10:00,11:45:00,-1,6379.5,6418.55,-39.05000000000018,stop,2009-06-29,71.0,101.1922,-7911.192200000037
11:45:00,12:25:00,1,6418.55,6379.5,-39.05000000000018,stop,2009-06-29,71.0,101.1922,-7911.192200000037
11:15:00,13:25:00,-1,6355.5,6360.0,-4.5,eod,2009-06-30,131.0,100.862,-1000.862
11:39:00,13:25:00,1,6488.5,6518.0,29.5,eod,2009-07-01,149.0,102.02600000000001,5797.974
10:15:00,13:25:00,1,6617.5,6583.0,-34.5,eod,2009-07-02,185.0,102.80199999999999,-7002.802
10:55:00,12:00:00,1,6601.5,6541.55,-59.94999999999982,stop,2009-07-03,109.0,102.5722,-12092.572199999964
12:00:00,13:25:00,-1,6541.55,6590.0,-48.44999999999982,eod,2009-07-03,109.0,102.52619999999999,-9792.526199999964
09:10:00,13:25:00,-1,6562.5,6575.0,-12.5,eod,2009-07-06,113.0,102.55000000000001,-2602.55
10:05:00,13:25:00,1,6640.0,6681.0,41.0,eod,2009-07-07,104.0,103.28399999999999,8096.716
09:10:00,13:25:00,1,6666.5,6726.0,59.5,eod,2009-07-09,79.0,103.57,11796.43
09:22:00,13:25:00,-1,6699.5,6473.0,226.5,eod,2009-07-13,79.0,102.69,45197.31
13:12:00,13:25:00,-1,6669.5,6690.0,-20.5,eod,2009-07-16,157.0,103.438,-4203.438
11:50:00,13:25:00,1,6798.0,6766.0,-32.0,eod,2009-07-17,124.0,104.256,-6504.256
09:12:00,10:14:00,-1,6788.0,6844.1,-56.100000000000364,stop,2009-07-20,102.0,104.5284,-11324.528400000072
10:14:00,13:25:00,1,6844.1,6851.0,6.899999999999636,eod,2009-07-20,102.0,104.7804,1275.2195999999271
09:50:00,13:25:00,-1,6837.0,6866.0,-29.0,eod,2009-07-21,126.0,104.812,-5904.812
09:16:00,12:06:00,1,6928.5,6864.15,-64.35000000000036,stop,2009-07-22,117.0,105.17060000000001,-12975.170600000072
12:06:00,13:25:00,-1,6864.15,6900.0,-35.850000000000364,eod,2009-07-22,117.0,105.0566,-7275.056600000073
09:46:00,12:22:00,1,6929.0,6867.4,-61.600000000000364,stop,2009-07-23,112.0,105.1856,-12425.185600000073
12:22:00,13:25:00,-1,6867.4,6890.0,-22.600000000000364,eod,2009-07-23,112.0,105.0296,-4625.029600000073
12:25:00,13:25:00,-1,6881.5,6888.0,-6.5,eod,2009-07-24,137.0,105.078,-1405.078
09:36:00,11:41:00,-1,6906.0,6954.4,-48.399999999999636,stop,2009-07-27,88.0,105.4416,-9785.441599999927
11:41:00,13:25:00,1,6954.4,6963.0,8.600000000000364,eod,2009-07-27,88.0,105.6696,1614.3304000000728
09:05:00,13:25:00,1,7019.0,7066.0,47.0,eod,2009-07-28,114.0,106.34,9293.66
11:57:00,13:25:00,-1,7030.5,7037.0,-6.5,eod,2009-07-29,137.0,106.27000000000001,-1406.27
09:10:00,13:25:00,-1,6969.5,6956.0,13.5,eod,2009-07-30,111.0,105.702,2594.298
09:00:00,13:25:00,-1,6960.0,6981.0,-21.0,eod,2009-08-03,128.0,105.76400000000001,-4305.764
11:00:00,13:25:00,-1,6995.5,6880.0,115.5,eod,2009-08-04,121.0,105.50200000000001,22994.498
13:17:00,13:25:00,-1,6757.5,6780.0,-22.5,eod,2009-08-05,249.0,104.15,-4604.15
08:53:00,09:10:00,-1,6754.5,6826.55,-72.05000000000018,stop,2009-08-10,131.0,104.32419999999999,-14514.324200000035
09:10:00,13:25:00,1,6826.55,6815.0,-11.550000000000182,eod,2009-08-10,131.0,104.5662,-2414.5662000000366
11:10:00,12:30:00,-1,6757.5,6824.05,-66.55000000000018,stop,2009-08-11,121.0,104.3262,-13414.326200000036
12:30:00,13:25:00,1,6824.05,6865.0,40.94999999999982,eod,2009-08-11,121.0,104.7562,8085.243799999964
09:16:00,13:25:00,1,6906.5,7010.0,103.5,eod,2009-08-13,83.0,105.666,20594.334
09:33:00,13:25:00,-1,6964.0,6928.0,36.0,eod,2009-08-17,92.0,105.568,7094.432
11:01:00,13:25:00,-1,6832.5,6793.0,39.5,eod,2009-08-18,135.0,104.50200000000001,7795.498
09:02:00,12:20:00,-1,6693.0,6724.9,-31.899999999999636,stop,2009-08-20,58.0,103.6716,-6483.671599999927
12:20:00,13:05:00,1,6724.9,6693.0,-31.899999999999636,stop,2009-08-20,58.0,103.6716,-6483.671599999927
12:25:00,13:25:00,-1,6628.5,6597.0,31.5,eod,2009-08-21,143.0,102.902,6197.098
09:14:00,13:25:00,-1,6742.5,6695.0,47.5,eod,2009-08-26,85.0,103.75,9396.25
09:15:00,13:25:00,1,6735.5,6735.0,-0.5,eod,2009-08-28,117.0,103.882,-203.882
09:15:00,13:25:00,1,6810.5,6998.0,187.5,eod,2009-09-01,107.0,105.23400000000001,37394.766
10:30:00,13:25:00,1,7076.0,7087.0,11.0,eod,2009-09-03,112.0,106.652,2093.348
08:52:00,10:14:00,-1,7209.0,7254.1,-45.100000000000364,stop,2009-09-08,82.0,107.8524,-9127.852400000073
10:14:00,13:25:00,1,7254.1,7324.0,69.89999999999964,eod,2009-09-08,82.0,108.3124,13871.687599999927
08:48:00,10:36:00,1,7382.0,7329.2,-52.80000000000018,stop,2009-09-10,96.0,108.8448,-10668.844800000037
10:36:00,12:13:00,-1,7329.2,7382.0,-52.80000000000018,stop,2009-09-10,96.0,108.8448,-10668.844800000037
09:20:00,13:25:00,-1,7267.5,7254.0,13.5,eod,2009-09-14,79.0,108.086,2591.914
12:00:00,13:25:00,1,7359.0,7345.0,-14.0,eod,2009-09-15,140.0,108.816,-2908.816
10:15:00,11:33:00,-1,7457.5,7504.25,-46.75,stop,2009-09-17,85.0,109.84700000000001,-9459.847
11:33:00,12:47:00,1,7504.25,7457.5,-46.75,stop,2009-09-17,85.0,109.84700000000001,-9459.847
13:10:00,13:25:00,1,7481.5,7495.0,13.5,eod,2009-09-18,81.0,109.906,2590.094
09:19:00,09:27:00,1,7528.0,7476.3,-51.69999999999982,stop,2009-09-21,94.0,110.0172,-10450.017199999964
09:27:00,13:25:00,-1,7476.3,7467.0,9.300000000000182,eod,2009-09-21,94.0,109.7732,1750.2268000000363
09:19:00,09:34:00,1,7500.5,7455.95,-44.55000000000018,stop,2009-09-23,81.0,109.8258,-9019.825800000037
09:34:00,13:25:00,-1,7455.95,7366.0,89.94999999999982,eod,2009-09-23,81.0,109.2878,17880.712199999965
11:13:00,13:25:00,-1,7259.5,7293.0,-33.5,eod,2009-09-24,209.0,108.21000000000001,-6808.21
10:15:00,13:25:00,1,7320.0,7333.0,13.0,eod,2009-09-25,140.0,108.612,2491.388
10:03:00,13:12:00,-1,7223.5,7281.25,-57.75,stop,2009-09-28,105.0,108.019,-11658.019
13:12:00,13:25:00,1,7281.25,7275.0,-6.25,eod,2009-09-28,105.0,108.225,-1358.225
09:07:00,13:25:00,1,7386.0,7400.0,14.0,eod,2009-09-29,112.0,109.144,2690.8559999999998
09:56:00,13:25:00,1,7478.5,7486.0,7.5,eod,2009-09-30,103.0,109.858,1390.142
08:48:00,08:50:00,1,7590.0,7532.8,-57.19999999999982,stop,2009-10-01,104.0,110.49119999999999,-11550.491199999964
08:50:00,13:25:00,-1,7532.8,7518.0,14.800000000000182,eod,2009-10-01,104.0,110.2032,2849.7968000000365
09:57:00,13:25:00,1,7464.0,7499.0,35.0,eod,2009-10-06,72.0,109.852,6890.148
12:51:00,13:25:00,-1,7550.5,7459.0,91.5,eod,2009-10-08,79.0,110.03800000000001,18189.962
11:10:00,12:48:00,-1,7514.5,7570.05,-55.55000000000018,stop,2009-10-12,101.0,110.3382,-11220.338200000037
12:48:00,13:25:00,1,7570.05,7572.0,1.949999999999818,eod,2009-10-12,101.0,110.56819999999999,279.43179999996363
08:46:00,10:40:00,-1,7458.0,7514.1,-56.100000000000364,stop,2009-10-13,102.0,109.8884,-11329.888400000073
10:40:00,13:25:00,1,7514.1,7570.0,55.899999999999636,eod,2009-10-13,102.0,110.3364,11069.663599999927
11:35:00,13:25:00,-1,7719.0,7703.0,16.0,eod,2009-10-15,110.0,111.688,3088.312
09:00:00,13:25:00,1,7681.5,7758.0,76.5,eod,2009-10-19,65.0,111.75800000000001,15188.242
09:19:00,09:54:00,1,7658.0,7604.1,-53.899999999999636,stop,2009-10-22,98.0,111.0484,-10891.048399999927
09:54:00,13:25:00,-1,7604.1,7569.0,35.100000000000364,eod,2009-10-22,98.0,110.69239999999999,6909.307600000073
08:49:00,13:25:00,1,7649.5,7641.0,-8.5,eod,2009-10-26,61.0,111.162,-1811.162
11:45:00,13:25:00,-1,7547.0,7520.0,27.0,eod,2009-10-28,110.0,110.268,5289.732
10:54:00,13:25:00,-1,7286.0,7339.0,-53.0,eod,2009-10-29,148.0,108.5,-10708.5
09:10:00,13:25:00,1,7207.0,7283.0,76.0,eod,2009-11-02,114.0,107.96000000000001,15092.04
09:14:00,13:25:00,1,7348.5,7427.0,78.5,eod,2009-11-04,67.0,109.102,15590.898
12:25:00,13:25:00,-1,7459.5,7464.0,-4.5,eod,2009-11-06,85.0,109.694,-1009.694
09:05:00,13:25:00,-1,7594.5,7598.0,-3.5,eod,2009-11-10,71.0,110.77000000000001,-810.77
09:02:00,11:25:00,-1,7581.5,7618.35,-36.850000000000364,stop,2009-11-11,67.0,110.7994,-7480.799400000073
11:25:00,13:25:00,1,7618.35,7677.0,58.649999999999636,eod,2009-11-11,67.0,111.1814,11618.818599999928
10:27:00,12:09:00,1,7683.0,7657.7,-25.300000000000182,stop,2009-11-13,46.0,111.36280000000001,-5171.362800000036
12:09:00,13:00:00,-1,7657.7,7683.0,-25.300000000000182,stop,2009-11-13,46.0,111.36280000000001,-5171.362800000036
09:30:00,13:25:00,1,7735.0,7799.0,64.0,eod,2009-11-16,92.0,112.136,12687.864
08:47:00,13:25:00,-1,7923.0,7762.0,161.0,eod,2009-11-17,132.0,112.74000000000001,32087.26
08:50:00,09:49:00,-1,7729.5,7758.65,-29.149999999999636,stop,2009-11-19,53.0,111.95259999999999,-5941.952599999927
09:49:00,13:06:00,1,7758.65,7729.5,-29.149999999999636,stop,2009-11-19,53.0,111.95259999999999,-5941.952599999927
10:25:00,11:45:00,-1,7628.0,7676.4,-48.399999999999636,stop,2009-11-20,88.0,111.2176,-9791.217599999927
11:45:00,13:25:00,1,7676.4,7674.0,-2.399999999999636,eod,2009-11-20,88.0,111.4016,-591.4015999999273
09:15:00,13:25:00,1,7716.0,7764.0,48.0,eod,2009-11-25,42.0,111.92,9488.08
09:15:00,10:41:00,1,7823.5,7769.05,-54.44999999999982,stop,2009-11-26,99.0,112.3702,-11002.370199999963
10:41:00,13:25:00,-1,7769.05,7746.0,23.050000000000182,eod,2009-11-26,99.0,112.06020000000001,4497.9398000000365
09:11:00,13:25:00,-1,7578.5,7458.0,120.5,eod,2009-11-27,93.0,110.146,23989.854
09:30:00,10:09:00,-1,7544.0,7572.6,-28.600000000000364,stop,2009-12-01,52.0,110.4664,-5830.466400000073
10:09:00,13:25:00,1,7572.6,7652.0,79.39999999999964,eod,2009-12-01,52.0,110.89840000000001,15769.101599999927
09:05:00,13:25:00,-1,7707.0,7689.0,18.0,eod,2009-12-03,66.0,111.584,3488.416
09:08:00,13:25:00,1,7709.0,7766.0,57.0,eod,2009-12-07,120.0,111.9,11288.1
10:03:00,13:25:00,1,7751.0,7775.0,24.0,eod,2009-12-09,64.0,112.104,4687.896
10:45:00,13:25:00,-1,7755.0,7641.0,114.0,eod,2009-12-10,88.0,111.584,22688.416
11:39:00,13:25:00,1,7765.5,7775.0,9.5,eod,2009-12-11,217.0,112.162,1787.838
10:37:00,13:25:00,-1,7785.0,7798.0,-13.0,eod,2009-12-15,110.0,112.332,-2712.332
09:15:00,11:02:00,1,7768.5,7707.45,-61.05000000000018,stop,2009-12-17,111.0,111.9038,-12321.903800000036
11:02:00,13:25:00,-1,7707.45,7695.0,12.449999999999818,eod,2009-12-17,111.0,111.6098,2378.3901999999634
08:55:00,13:25:00,1,7752.0,7763.0,11.0,eod,2009-12-21,102.0,112.06,2087.94
11:53:00,13:25:00,1,7832.5,7818.0,-14.5,eod,2009-12-22,89.0,112.602,-3012.602
11:59:00,13:25:00,1,7874.5,7857.0,-17.5,eod,2009-12-23,61.0,112.926,-3612.926
09:24:00,13:25:00,1,7918.5,7942.0,23.5,eod,2009-12-24,61.0,113.44200000000001,4586.558
09:08:00,13:25:00,1,8016.0,8054.0,38.0,eod,2009-12-28,42.0,114.28,7485.72
09:09:00,09:57:00,1,8070.5,8047.95,-22.550000000000182,stop,2009-12-30,41.0,114.47380000000001,-4624.473800000036
09:57:00,11:01:00,-1,8047.95,8070.5,-22.550000000000182,stop,2009-12-30,41.0,114.47380000000001,-4624.473800000036
09:15:00,13:25:00,1,8142.0,8192.0,50.0,eod,2009-12-31,72.0,115.336,9884.664
09:53:00,13:25:00,-1,8153.0,8182.0,-29.0,eod,2010-01-04,100.0,115.34,-5915.34
10:04:00,13:25:00,-1,8157.0,8172.0,-15.0,eod,2010-01-05,110.0,115.316,-3115.316
10:54:00,13:25:00,1,8264.5,8321.0,56.5,eod,2010-01-06,135.0,116.342,11183.658
12:51:00,13:25:00,-1,8256.5,8254.0,2.5,eod,2010-01-07,157.0,116.042,383.95799999999997
09:24:00,11:14:00,-1,8224.5,8293.25,-68.75,stop,2010-01-08,125.0,116.071,-13866.071
11:14:00,13:25:00,1,8293.25,8288.0,-5.25,eod,2010-01-08,125.0,116.325,-1166.325
09:58:00,13:25:00,1,8335.0,8318.0,-17.0,eod,2010-01-11,114.0,116.612,-3516.612
09:47:00,12:46:00,-1,8267.0,8323.1,-56.100000000000364,stop,2010-01-12,102.0,116.3604,-11336.360400000072
12:46:00,13:25:00,1,8323.1,8311.0,-12.100000000000364,eod,2010-01-12,102.0,116.5364,-2536.5364000000727
09:45:00,13:25:00,-1,8213.5,8211.0,2.5,eod,2010-01-13,91.0,115.69800000000001,384.302
12:02:00,13:25:00,1,8288.0,8307.0,19.0,eod,2010-01-14,84.0,116.38,3683.62
09:27:00,13:25:00,1,8356.0,8363.0,7.0,eod,2010-01-15,92.0,116.876,1283.124
09:20:00,13:25:00,1,8339.0,8357.0,18.0,eod,2010-01-18,78.0,116.784,3483.216
09:29:00,13:25:00,-1,8321.5,8262.0,59.5,eod,2010-01-19,97.0,116.334,11783.666
10:30:00,13:25:00,-1,8128.0,8135.0,-7.0,eod,2010-01-21,114.0,115.052,-1515.052
09:19:00,13:25:00,-1,7968.5,7911.0,57.5,eod,2010-01-22,101.0,113.518,11386.482
10:17:00,13:25:00,1,7891.5,7844.0,-47.5,eod,2010-01-25,139.0,112.94200000000001,-9612.942
10:28:00,13:25:00,-1,7777.0,7553.0,224.0,eod,2010-01-26,110.0,111.32,44688.68
10:45:00,13:25:00,1,7641.0,7727.0,86.0,eod,2010-01-28,124.0,111.47200000000001,17088.528
09:34:00,10:39:00,-1,7457.0,7561.5,-104.5,stop,2010-01-29,190.0,110.074,-21010.074
10:39:00,13:25:00,1,7561.5,7581.0,19.5,eod,2010-01-29,190.0,110.57,3789.43
11:11:00,13:25:00,-1,7473.5,7526.0,-52.5,eod,2010-02-01,191.0,109.998,-10609.998
11:59:00,13:25:00,-1,7484.0,7404.0,80.0,eod,2010-02-02,192.0,109.55199999999999,15890.448
09:15:00,13:25:00,-1,7261.0,7199.0,62.0,eod,2010-02-05,78.0,107.84,12292.16
10:35:00,13:25:00,-1,7133.5,7164.0,-30.5,eod,2010-02-06,191.0,107.19,-6207.19
09:43:00,13:25:00,1,7226.0,7308.0,82.0,eod,2010-02-09,110.0,108.136,16291.864
09:45:00,13:25:00,1,7446.5,7417.0,-29.5,eod,2010-02-10,193.0,109.45400000000001,-6009.454
08:45:00,13:25:00,-1,7641.0,7559.0,82.0,eod,2010-02-22,134.0,110.80000000000001,16289.2
09:55:00,12:15:00,-1,7456.5,7541.75,-85.25,stop,2010-02-23,155.0,109.993,-17159.993
12:15:00,13:25:00,1,7541.75,7537.0,-4.75,eod,2010-02-23,155.0,110.315,-1060.315
10:03:00,13:25:00,1,7518.5,7484.0,-34.5,eod,2010-02-24,101.0,110.00999999999999,-7010.01
09:22:00,13:25:00,-1,7461.5,7394.0,67.5,eod,2010-02-25,87.0,109.422,13390.578
09:54:00,13:25:00,1,7459.5,7560.0,100.5,eod,2010-03-01,93.0,110.078,19989.922
09:02:00,10:02:00,1,7636.0,7592.0,-44.0,stop,2010-03-03,80.0,110.912,-8910.912
10:02:00,13:25:00,-1,7592.0,7610.0,-18.0,eod,2010-03-03,80.0,110.80799999999999,-3710.808
11:35:00,13:25:00,-1,7579.0,7531.0,48.0,eod,2010-03-04,86.0,110.44,9489.56
09:40:00,10:55:00,1,7691.0,7594.2,-96.80000000000018,stop,2010-03-05,176.0,111.14080000000001,-19471.140800000037
10:55:00,13:25:00,-1,7594.2,7637.0,-42.80000000000018,eod,2010-03-05,176.0,110.9248,-8670.924800000037
09:23:00,13:25:00,-1,7735.0,7756.0,-21.0,eod,2010-03-09,72.0,111.964,-4311.964
10:15:00,11:30:00,-1,7746.0,7773.5,-27.5,stop,2010-03-10,50.0,112.078,-5612.078
11:30:00,13:25:00,1,7773.5,7768.0,-5.5,eod,2010-03-10,50.0,112.166,-1212.166
10:26:00,13:25:00,-1,7755.5,7756.0,-0.5,eod,2010-03-11,89.0,112.04599999999999,-212.046
09:09:00,13:25:00,-1,7746.5,7757.0,-10.5,eod,2010-03-12,77.0,112.01400000000001,-2212.014
08:53:00,13:25:00,-1,7717.5,7650.0,67.5,eod,2010-03-15,77.0,111.47,13388.53
11:54:00,13:25:00,1,7886.5,7876.0,-10.5,eod,2010-03-18,99.0,113.05000000000001,-2213.05
09:10:00,13:25:00,-1,7801.0,7812.0,-11.0,eod,2010-03-22,58.0,112.452,-2312.452
12:05:00,13:25:00,-1,7802.5,7794.0,8.5,eod,2010-03-23,95.0,112.386,1587.614
12:10:00,13:25:00,-1,7811.5,7815.0,-3.5,eod,2010-03-24,107.0,112.506,-812.506
09:12:00,12:19:00,-1,7756.0,7795.6,-39.600000000000364,stop,2010-03-25,72.0,112.2064,-8032.206400000073
12:19:00,13:25:00,1,7795.6,7820.0,24.399999999999636,eod,2010-03-25,72.0,112.4624,4767.537599999927
08:49:00,10:59:00,-1,7738.0,7816.1,-78.10000000000036,stop,2010-03-26,142.0,112.2164,-15732.216400000072
10:59:00,13:25:00,1,7816.1,7865.0,48.899999999999636,eod,2010-03-26,142.0,112.7244,9667.275599999928
09:23:00,09:48:00,-1,7920.5,7948.55,-28.050000000000182,stop,2010-03-31,51.0,113.4762,-5723.476200000036
09:48:00,13:25:00,1,7948.55,7931.0,-17.550000000000182,eod,2010-03-31,51.0,113.51820000000001,-3623.5182000000364
09:39:00,13:25:00,1,7977.5,8018.0,40.5,eod,2010-04-01,75.0,113.982,7986.018
09:06:00,13:25:00,1,8087.0,8098.0,11.0,eod,2010-04-06,32.0,114.74,2085.26
09:39:00,10:17:00,-1,8087.5,8112.25,-24.75,stop,2010-04-08,45.0,114.799,-5064.799
10:17:00,11:50:00,1,8112.25,8087.5,-24.75,stop,2010-04-08,45.0,114.799,-5064.799
09:33:00,13:25:00,-1,8128.5,8126.0,2.5,eod,2010-04-12,59.0,115.018,384.98199999999997
09:07:00,09:46:00,-1,8045.0,8090.1,-45.100000000000364,stop,2010-04-13,82.0,114.5404,-9134.540400000073
09:46:00,11:25:00,1,8090.1,8045.0,-45.100000000000364,stop,2010-04-13,82.0,114.5404,-9134.540400000073
09:15:00,09:46:00,1,8191.0,8149.2,-41.80000000000018,stop,2010-04-15,76.0,115.3608,-8475.360800000037
09:46:00,13:25:00,-1,8149.2,8160.0,-10.800000000000182,eod,2010-04-15,76.0,115.2368,-2275.2368000000365
10:13:00,13:25:00,-1,8114.0,8105.0,9.0,eod,2010-04-16,66.0,114.876,1685.124
10:30:00,13:25:00,-1,7959.5,7842.0,117.5,eod,2010-04-19,85.0,113.206,23386.794
09:32:00,11:15:00,-1,7867.5,7908.75,-41.25,stop,2010-04-22,75.0,113.105,-8363.105
11:15:00,13:25:00,1,7908.75,7935.0,26.25,eod,2010-04-22,75.0,113.375,5136.625
09:12:00,13:25:00,1,8100.0,8141.0,41.0,eod,2010-04-26,46.0,114.964,8085.036
08:45:00,09:23:00,-1,7939.5,7963.15,-23.649999999999636,stop,2010-04-28,43.0,113.6106,-4843.610599999927
09:23:00,13:25:00,1,7963.15,8045.0,81.85000000000036,eod,2010-04-28,43.0,114.0326,16255.967400000072
09:05:00,09:18:00,-1,8101.0,8130.7,-29.699999999999818,stop,2010-04-30,54.0,114.9268,-6054.926799999964
09:18:00,09:43:00,1,8130.7,8101.0,-29.699999999999818,stop,2010-04-30,54.0,114.9268,-6054.926799999964
10:45:00,13:25:00,-1,7905.5,7923.0,-17.5,eod,2010-05-04,125.0,113.314,-3613.314
12:07:00,13:25:00,-1,7592.5,7549.0,43.5,eod,2010-05-06,101.0,110.566,8589.434
09:05:00,13:25:00,1,7430.5,7516.0,85.5,eod,2010-05-07,157.0,109.786,16990.214
08:45:00,12:52:00,1,7623.5,7564.65,-58.850000000000364,stop,2010-05-11,107.0,110.7526,-11880.752600000073
12:52:00,13:25:00,-1,7564.65,7590.0,-25.350000000000364,eod,2010-05-11,107.0,110.6186,-5180.618600000073
12:51:00,13:25:00,-1,7559.0,7562.0,-3.0,eod,2010-05-12,142.0,110.48400000000001,-710.484
12:23:00,13:25:00,1,7756.5,7754.0,-2.5,eod,2010-05-13,117.0,112.042,-612.042
09:15:00,13:25:00,-1,7648.0,7587.0,61.0,eod,2010-05-17,64.0,110.94,12089.06
11:54:00,13:25:00,-1,7449.5,7399.0,50.5,eod,2010-05-20,119.0,109.394,9990.606
11:27:00,13:25:00,1,7243.0,7209.0,-34.0,eod,2010-05-21,158.0,107.80799999999999,-6907.808
10:15:00,13:25:00,1,7291.5,7296.0,4.5,eod,2010-05-24,135.0,108.35,791.65
09:42:00,13:25:00,-1,7135.5,7063.0,72.5,eod,2010-05-25,105.0,106.79400000000001,14393.206
11:15:00,13:25:00,1,7157.5,7212.0,54.5,eod,2010-05-27,109.0,107.47800000000001,10792.522
09:38:00,10:40:00,-1,7244.0,7286.9,-42.899999999999636,stop,2010-06-01,78.0,108.12360000000001,-8688.123599999928
10:40:00,12:29:00,1,7286.9,7244.0,-42.899999999999636,stop,2010-06-01,78.0,108.12360000000001,-8688.123599999928
09:47:00,12:33:00,1,7243.5,7187.95,-55.55000000000018,stop,2010-06-02,101.0,107.7258,-11217.725800000037
12:33:00,13:25:00,-1,7187.95,7150.0,37.94999999999982,eod,2010-06-02,101.0,107.3518,7482.648199999963
08:45:00,08:47:00,-1,7078.5,7102.15,-23.649999999999636,stop,2010-06-07,43.0,106.7226,-4836.722599999927
08:47:00,09:05:00,1,7102.15,7078.5,-23.649999999999636,stop,2010-06-07,43.0,106.7226,-4836.722599999927
09:02:00,10:41:00,1,7112.0,7076.8,-35.19999999999982,stop,2010-06-09,64.0,106.7552,-7146.755199999963
10:41:00,13:25:00,-1,7076.8,7042.0,34.80000000000018,eod,2010-06-09,64.0,106.4752,6853.5248000000365
12:30:00,13:25:00,1,7142.5,7145.0,2.5,eod,2010-06-10,149.0,107.15,392.85
11:06:00,13:25:00,-1,7253.0,7276.0,-23.0,eod,2010-06-11,126.0,108.116,-4708.116
13:09:00,13:25:00,1,7392.5,7383.0,-9.5,eod,2010-06-14,73.0,109.102,-2009.102
10:43:00,13:25:00,1,7407.5,7460.0,52.5,eod,2010-06-15,59.0,109.47,10390.53
09:39:00,10:46:00,-1,7335.0,7366.9,-31.899999999999636,stop,2010-06-18,58.0,108.80760000000001,-6488.807599999927
10:46:00,11:33:00,1,7366.9,7335.0,-31.899999999999636,stop,2010-06-18,58.0,108.80760000000001,-6488.807599999927
09:08:00,09:36:00,1,7485.0,7435.5,-49.5,stop,2010-06-21,90.0,109.682,-10009.682
09:36:00,10:53:00,-1,7435.5,7485.0,-49.5,stop,2010-06-21,90.0,109.682,-10009.682
09:29:00,10:15:00,-1,7411.0,7431.9,-20.899999999999636,stop,2010-06-23,38.0,109.3716,-4289.371599999928
10:15:00,13:25:00,1,7431.9,7425.0,-6.899999999999636,eod,2010-06-23,38.0,109.4276,-1489.4275999999272
09:32:00,11:48:00,1,7370.0,7338.1,-31.899999999999636,stop,2010-06-25,58.0,108.8324,-6488.8323999999275
11:48:00,13:25:00,-1,7338.1,7328.0,10.100000000000364,eod,2010-06-25,58.0,108.6644,1911.3356000000726
08:47:00,10:18:00,1,7417.5,7390.55,-26.949999999999818,stop,2010-06-29,49.0,109.2322,-5499.232199999964
10:18:00,13:25:00,-1,7390.55,7286.0,104.55000000000018,eod,2010-06-29,49.0,108.7062,20801.293800000036
10:15:00,10:43:00,-1,7085.0,7126.8,-41.80000000000018,stop,2010-07-01,76.0,106.8472,-8466.847200000037
10:43:00,12:03:00,1,7126.8,7085.0,-41.80000000000018,stop,2010-07-01,76.0,106.8472,-8466.847200000037
10:26:00,13:25:00,1,7178.0,7153.0,-25.0,eod,2010-07-02,86.0,107.324,-5107.324
12:00:00,13:25:00,1,7235.0,7271.0,36.0,eod,2010-07-05,100.0,108.024,7091.976
10:14:00,13:25:00,1,7340.5,7432.0,91.5,eod,2010-07-06,157.0,109.09,18190.91
09:01:00,13:25:00,-1,7543.5,7539.0,4.5,eod,2010-07-08,49.0,110.33,789.67
11:35:00,13:25:00,1,7575.5,7569.0,-6.5,eod,2010-07-09,71.0,110.578,-1410.578
09:32:00,10:28:00,-1,7560.0,7593.0,-33.0,stop,2010-07-12,60.0,110.612,-6710.612
10:28:00,13:21:00,1,7593.0,7560.0,-33.0,stop,2010-07-12,60.0,110.612,-6710.612
11:58:00,13:25:00,-1,7526.0,7550.0,-24.0,eod,2010-07-13,126.0,110.304,-4910.304
10:02:00,13:25:00,1,7706.0,7708.0,2.0,eod,2010-07-15,58.0,111.656,288.344
09:37:00,10:23:00,-1,7671.0,7704.0,-33.0,stop,2010-07-16,60.0,111.5,-6711.5
10:23:00,11:37:00,1,7704.0,7671.0,-33.0,stop,2010-07-16,60.0,111.5,-6711.5
09:41:00,13:25:00,1,7641.0,7654.0,13.0,eod,2010-07-19,80.0,111.18,2488.82
11:28:00,13:25:00,1,7688.0,7725.0,37.0,eod,2010-07-20,82.0,111.652,7288.348
09:33:00,13:25:00,-1,7547.5,7570.0,-22.5,eod,2010-07-22,75.0,110.47,-4610.47
12:07:00,13:25:00,1,7686.0,7686.0,0.0,eod,2010-07-23,78.0,111.488,-111.488
09:18:00,13:25:00,-1,7707.0,7659.0,48.0,eod,2010-07-27,46.0,111.464,9488.536
11:15:00,11:51:00,-1,7671.5,7724.85,-53.350000000000364,stop,2010-07-29,97.0,111.58539999999999,-10781.585400000073
11:51:00,13:25:00,1,7724.85,7706.0,-18.850000000000364,eod,2010-07-29,97.0,111.7234,-3881.7234000000726
09:16:00,10:21:00,-1,7653.5,7688.15,-34.649999999999636,stop,2010-07-30,63.0,111.3666,-7041.3665999999275
10:21:00,13:25:00,1,7688.15,7673.0,-15.149999999999636,eod,2010-07-30,63.0,111.44460000000001,-3141.444599999927
08:53:00,13:25:00,1,7778.5,7861.0,82.5,eod,2010-08-02,61.0,112.55799999999999,16387.442
09:42:00,11:08:00,1,7910.0,7883.6,-26.399999999999636,stop,2010-08-04,48.0,113.1744,-5393.174399999927
11:08:00,12:45:00,-1,7883.6,7910.0,-26.399999999999636,stop,2010-08-04,48.0,113.1744,-5393.174399999927
10:01:00,13:25:00,-1,7932.0,7898.0,34.0,eod,2010-08-05,56.0,113.32,6686.68
09:01:00,13:25:00,1,7937.0,7986.0,49.0,eod,2010-08-09,52.0,113.69200000000001,9686.308
11:15:00,13:25:00,-1,7953.0,7948.0,5.0,eod,2010-08-10,90.0,113.604,886.396
09:12:00,09:51:00,1,7918.5,7882.75,-35.75,stop,2010-08-11,65.0,113.205,-7263.205
09:51:00,10:14:00,-1,7882.75,7918.5,-35.75,stop,2010-08-11,65.0,113.205,-7263.205
11:45:00,13:25:00,1,7846.0,7904.0,58.0,eod,2010-08-13,60.0,113.0,11487.0
11:09:00,13:25:00,1,7904.0,7945.0,41.0,eod,2010-08-16,122.0,113.396,8086.604
09:06:00,09:38:00,-1,7863.5,7902.55,-39.05000000000018,stop,2010-08-19,71.0,113.0642,-7923.064200000036
09:38:00,10:08:00,1,7902.55,7863.5,-39.05000000000018,stop,2010-08-19,71.0,113.0642,-7923.064200000036
09:37:00,13:25:00,1,7900.0,7964.0,64.0,eod,2010-08-23,40.0,113.456,12686.544
09:06:00,13:25:00,-1,7807.0,7704.0,103.0,eod,2010-08-25,72.0,112.04400000000001,20487.956
09:14:00,09:45:00,1,7648.5,7607.25,-41.25,stop,2010-08-27,75.0,111.023,-8361.023
09:45:00,11:05:00,-1,7607.25,7648.5,-41.25,stop,2010-08-27,75.0,111.023,-8361.023
10:21:00,11:48:00,1,7777.5,7738.45,-39.05000000000018,stop,2010-08-30,71.0,112.06380000000001,-7922.063800000036
11:48:00,13:25:00,-1,7738.45,7710.0,28.449999999999818,eod,2010-08-30,71.0,111.7938,5578.206199999963
09:29:00,13:25:00,-1,7600.5,7551.0,49.5,eod,2010-08-31,105.0,110.606,9789.394
12:53:00,13:25:00,1,7630.0,7624.0,-6.0,eod,2010-09-01,122.0,111.01599999999999,-1311.016
09:13:00,09:57:00,1,7729.5,7691.55,-37.94999999999982,stop,2010-09-02,69.0,111.6842,-7701.684199999963
09:57:00,13:25:00,-1,7691.55,7687.0,4.550000000000182,eod,2010-09-02,69.0,111.51419999999999,798.4858000000364
09:14:00,13:25:00,1,7753.5,7775.0,21.5,eod,2010-09-03,79.0,112.114,4187.886
11:23:00,13:25:00,1,7874.5,7862.0,-12.5,eod,2010-09-06,73.0,112.946,-2612.946
08:50:00,10:12:00,1,7838.5,7821.45,-17.050000000000182,stop,2010-09-08,31.0,112.63980000000001,-3522.6398000000363
10:12:00,11:08:00,-1,7821.45,7838.5,-17.050000000000182,stop,2010-09-08,31.0,112.63980000000001,-3522.6398000000363
10:24:00,13:25:00,-1,7846.0,7832.0,14.0,eod,2010-09-09,78.0,112.712,2687.288
09:45:00,13:25:00,1,7972.5,8094.0,121.5,eod,2010-09-13,59.0,114.266,24185.734
10:35:00,13:25:00,-1,8122.5,8091.0,31.5,eod,2010-09-16,45.0,114.854,6185.146
10:06:00,13:25:00,1,8150.5,8161.0,10.5,eod,2010-09-17,101.0,115.246,1984.754
09:44:00,13:25:00,-1,8207.0,8185.0,22.0,eod,2010-09-21,60.0,115.568,4284.432
11:45:00,13:25:00,1,8223.5,8192.0,-31.5,eod,2010-09-23,91.0,115.662,-6415.662
09:30:00,10:11:00,-1,8142.5,8189.25,-46.75,stop,2010-09-24,85.0,115.327,-9465.327
10:11:00,11:27:00,1,8189.25,8142.5,-46.75,stop,2010-09-24,85.0,115.327,-9465.327
10:35:00,13:25:00,1,8189.0,8175.0,-14.0,eod,2010-09-28,54.0,115.456,-2915.456
09:00:00,09:19:00,1,8244.5,8217.55,-26.950000000000728,stop,2010-09-29,49.0,115.84819999999999,-5505.848200000146
09:19:00,11:46:00,-1,8217.55,8244.5,-26.950000000000728,stop,2010-09-29,49.0,115.84819999999999,-5505.848200000146
09:05:00,13:25:00,-1,8223.0,8226.0,-3.0,eod,2010-10-01,46.0,115.796,-715.796
09:22:00,10:06:00,1,8265.5,8235.25,-30.25,stop,2010-10-04,55.0,116.003,-6166.003
10:06:00,13:25:00,-1,8235.25,8229.0,6.25,eod,2010-10-04,55.0,115.857,1134.143
09:18:00,13:25:00,-1,8171.5,8181.0,-9.5,eod,2010-10-05,71.0,115.41,-2015.41
09:01:00,09:10:00,1,8279.5,8264.65,-14.850000000000364,stop,2010-10-08,27.0,116.17660000000001,-3086.1766000000725
09:10:00,13:25:00,-1,8264.65,8241.0,23.649999999999636,eod,2010-10-08,27.0,116.02260000000001,4613.977399999927
09:24:00,13:25:00,-1,8197.5,8146.0,51.5,eod,2010-10-11,87.0,115.374,10184.626
11:49:00,13:25:00,-1,8092.0,8054.0,38.0,eod,2010-10-12,116.0,114.584,7485.416
10:25:00,13:25:00,1,8243.0,8208.0,-35.0,eod,2010-10-14,132.0,115.804,-7115.804
09:13:00,13:25:00,-1,8161.0,8060.0,101.0,eod,2010-10-18,56.0,114.884,20085.116
09:12:00,13:25:00,1,8195.5,8297.0,101.5,eod,2010-10-25,45.0,115.97,20184.03
08:47:00,09:15:00,1,8351.0,8326.8,-24.200000000000728,stop,2010-10-27,44.0,116.7112,-4956.711200000145
09:15:00,13:25:00,-1,8326.8,8282.0,44.79999999999927,eod,2010-10-27,44.0,116.4352,8843.564799999855
10:45:00,13:25:00,-1,8283.5,8286.0,-2.5,eod,2010-10-29,73.0,116.278,-616.278
09:00:00,13:25:00,1,8360.0,8397.0,37.0,eod,2010-11-01,70.0,117.028,7282.972
09:04:00,13:25:00,-1,8389.0,8310.0,79.0,eod,2010-11-03,44.0,116.796,15683.204
09:24:00,12:51:00,-1,8446.5,8481.15,-34.649999999999636,stop,2010-11-05,63.0,117.71060000000001,-7047.710599999928
12:51:00,13:25:00,1,8481.15,8469.0,-12.149999999999636,eod,2010-11-05,63.0,117.8006,-2547.8005999999273
09:14:00,13:25:00,-1,8453.5,8443.0,10.5,eod,2010-11-08,57.0,117.586,1982.414
09:22:00,13:25:00,1,8468.5,8460.0,-8.5,eod,2010-11-09,57.0,117.714,-1817.714
08:50:00,13:25:00,-1,8469.0,8464.0,5.0,eod,2010-11-10,38.0,117.732,882.268
08:50:00,13:25:00,-1,8418.0,8307.0,111.0,eod,2010-11-12,34.0,116.9,22083.1
09:11:00,13:25:00,1,8270.5,8310.0,39.5,eod,2010-11-16,81.0,116.322,7783.678
11:22:00,13:25:00,-1,8309.5,8288.0,21.5,eod,2010-11-19,55.0,116.39,4183.61
11:40:00,13:25:00,1,8375.0,8372.0,-3.0,eod,2010-11-22,104.0,116.988,-716.988
11:01:00,13:25:00,-1,8332.0,8314.0,18.0,eod,2010-11-23,84.0,116.584,3483.416
09:09:00,13:25:00,1,8315.5,8313.0,-2.5,eod,2010-11-24,69.0,116.514,-616.514
11:42:00,13:25:00,1,8350.0,8347.0,-3.0,eod,2010-11-25,82.0,116.788,-716.788
09:31:00,13:25:00,-1,8327.0,8311.0,16.0,eod,2010-11-26,54.0,116.552,3083.448
09:02:00,09:32:00,1,8382.0,8346.8,-35.20000000000073,stop,2010-11-29,64.0,116.9152,-7156.915200000146
09:32:00,10:52:00,-1,8346.8,8382.0,-35.20000000000073,stop,2010-11-29,64.0,116.9152,-7156.915200000146
10:11:00,12:00:00,1,8441.5,8395.85,-45.649999999999636,stop,2010-11-30,83.0,117.34939999999999,-9247.349399999926
12:00:00,13:25:00,-1,8395.85,8400.0,-4.149999999999636,eod,2010-11-30,83.0,117.18339999999999,-947.1833999999272
09:14:00,13:25:00,1,8462.5,8535.0,72.5,eod,2010-12-01,79.0,117.99,14382.01
08:50:00,10:34:00,-1,8613.5,8641.55,-28.049999999999272,stop,2010-12-03,51.0,119.0202,-5729.020199999854
10:34:00,13:25:00,1,8641.55,8631.0,-10.549999999999272,eod,2010-12-03,51.0,119.0902,-2229.0901999998546
08:59:00,13:25:00,1,8658.0,8692.0,34.0,eod,2010-12-06,36.0,119.4,6680.6
09:46:00,13:25:00,-1,8657.0,8691.0,-34.0,eod,2010-12-07,82.0,119.392,-6919.392
09:15:00,13:25:00,-1,8686.0,8692.0,-6.0,eod,2010-12-08,64.0,119.512,-1319.512
08:45:00,13:25:00,1,8745.0,8779.0,34.0,eod,2010-12-09,46.0,120.096,6679.904
09:32:00,13:25:00,-1,8723.5,8730.0,-6.5,eod,2010-12-10,75.0,119.81400000000001,-1419.814
09:03:00,13:25:00,1,8759.5,8747.0,-12.5,eod,2010-12-13,63.0,120.026,-2620.026
09:04:00,10:02:00,1,8771.5,8750.05,-21.450000000000728,stop,2010-12-14,39.0,120.0862,-4410.086200000145
10:02:00,13:25:00,-1,8750.05,8731.0,19.049999999999272,eod,2010-12-14,39.0,119.9242,3690.0757999998546
09:00:00,13:25:00,1,8797.0,8818.0,21.0,eod,2010-12-17,40.0,120.46000000000001,4079.54
11:14:00,13:25:00,-1,8784.5,8775.0,9.5,eod,2010-12-20,65.0,120.238,1779.762
09:21:00,13:25:00,1,8875.0,8893.0,18.0,eod,2010-12-23,38.0,121.072,3478.928
08:59:00,09:17:00,-1,8850.5,8867.55,-17.049999999999272,stop,2010-12-27,31.0,120.87219999999999,-3530.8721999998543
09:17:00,09:22:00,1,8867.55,8850.5,-17.049999999999272,stop,2010-12-27,31.0,120.87219999999999,-3530.8721999998543
12:09:00,13:25:00,-1,8857.0,8866.0,-9.0,eod,2010-12-28,86.0,120.892,-1920.892
09:09:00,09:46:00,1,8905.5,8876.35,-29.149999999999636,stop,2010-12-30,53.0,121.1274,-5951.127399999928
09:46:00,13:25:00,-1,8876.35,8883.0,-6.649999999999636,eod,2010-12-30,53.0,121.03739999999999,-1451.0373999999272
08:51:00,13:25:00,1,8918.5,8990.0,71.5,eod,2010-12-31,53.0,121.634,14178.366
09:25:00,13:25:00,-1,9012.5,8988.0,24.5,eod,2011-01-04,35.0,122.002,4777.998
08:58:00,09:34:00,1,8995.0,8964.2,-30.799999999999272,stop,2011-01-05,56.0,121.83680000000001,-6281.8367999998545
09:34:00,13:25:00,-1,8964.2,8841.0,123.20000000000073,eod,2011-01-05,56.0,121.22080000000001,24518.779200000146
10:03:00,13:25:00,-1,8835.5,8754.0,81.5,eod,2011-01-07,61.0,120.358,16179.642
09:16:00,13:25:00,1,8811.0,8925.0,114.0,eod,2011-01-11,64.0,120.944,22679.056
10:24:00,13:25:00,-1,8969.0,8965.0,4.0,eod,2011-01-13,58.0,121.736,678.264
09:12:00,13:25:00,-1,8968.0,8936.0,32.0,eod,2011-01-17,50.0,121.616,6278.384
08:45:00,09:43:00,-1,8876.0,8924.4,-48.399999999999636,stop,2011-01-18,88.0,121.20160000000001,-9801.201599999928
09:43:00,13:25:00,1,8924.4,8991.0,66.60000000000036,eod,2011-01-18,88.0,121.6616,13198.338400000073
08:49:00,11:06:00,-1,8952.0,8971.8,-19.799999999999272,stop,2011-01-21,36.0,121.6952,-4081.6951999998546
11:06:00,11:32:00,1,8971.8,8952.0,-19.799999999999272,stop,2011-01-21,36.0,121.6952,-4081.6951999998546
09:12:00,09:31:00,1,9017.0,8991.7,-25.299999999999272,stop,2011-01-25,46.0,122.0348,-5182.034799999855
09:31:00,13:25:00,-1,8991.7,8984.0,7.700000000000728,eod,2011-01-25,46.0,121.9028,1418.0972000001454
08:59:00,13:25:00,1,9002.0,9048.0,46.0,eod,2011-01-26,64.0,122.2,9077.8
09:06:00,13:25:00,-1,9163.0,9112.0,51.0,eod,2011-02-08,46.0,123.10000000000001,10076.9
12:21:00,13:25:00,-1,9004.0,9012.0,-8.0,eod,2011-02-09,134.0,122.06400000000001,-1722.064
10:03:00,13:25:00,-1,8904.0,8869.0,35.0,eod,2011-02-10,134.0,121.092,6878.908
09:38:00,13:25:00,-1,8735.0,8572.0,163.0,eod,2011-02-11,166.0,119.228,32480.772
09:05:00,09:48:00,-1,8579.0,8629.6,-50.600000000000364,stop,2011-02-15,92.0,118.8344,-10238.834400000072
09:48:00,13:25:00,1,8629.6,8700.0,70.39999999999964,eod,2011-02-15,92.0,119.3184,13960.681599999927
09:47:00,10:13:00,-1,8620.0,8654.1,-34.100000000000364,stop,2011-02-17,62.0,119.0964,-6939.096400000073
10:13:00,13:07:00,1,8654.1,8620.0,-34.100000000000364,stop,2011-02-17,62.0,119.0964,-6939.096400000073
08:46:00,13:25:00,1,8721.0,8807.0,86.0,eod,2011-02-18,86.0,120.112,17079.888
08:51:00,13:25:00,-1,8671.5,8649.0,22.5,eod,2011-02-22,83.0,119.282,4380.718
12:38:00,13:25:00,-1,8508.0,8512.0,-4.0,eod,2011-02-23,160.0,118.08,-918.08
10:06:00,13:25:00,1,8580.5,8538.0,-42.5,eod,2011-02-24,157.0,118.474,-8618.474
08:50:00,09:16:00,1,8614.0,8554.6,-59.399999999999636,stop,2011-02-25,108.0,118.67439999999999,-11998.674399999927
09:16:00,12:58:00,-1,8554.6,8614.0,-59.399999999999636,stop,2011-02-25,108.0,118.67439999999999,-11998.674399999927
09:14:00,10:54:00,1,8648.0,8606.2,-41.79999999999927,stop,2011-03-02,76.0,119.0168,-8479.016799999854
10:54:00,11:26:00,-1,8606.2,8648.0,-41.79999999999927,stop,2011-03-02,76.0,119.0168,-8479.016799999854
11:37:00,13:25:00,1,8706.0,8736.0,30.0,eod,2011-03-03,92.0,119.768,5880.232
09:00:00,09:55:00,-1,8719.5,8745.35,-25.850000000000364,stop,2011-03-07,47.0,119.8594,-5289.859400000073
09:55:00,10:56:00,1,8745.35,8719.5,-25.850000000000364,stop,2011-03-07,47.0,119.8594,-5289.859400000073
09:14:00,13:25:00,1,8746.5,8737.0,-9.5,eod,2011-03-08,85.0,119.934,-2019.934
10:55:00,13:25:00,-1,8764.5,8733.0,31.5,eod,2011-03-09,57.0,119.99,6180.01
09:13:00,13:25:00,-1,8713.0,8640.0,73.0,eod,2011-03-10,100.0,119.412,14480.588
10:02:00,13:25:00,-1,8484.0,8502.0,-18.0,eod,2011-03-14,94.0,117.944,-3717.944
10:03:00,13:25:00,-1,8430.0,8236.0,194.0,eod,2011-03-15,202.0,116.664,38683.336
09:52:00,13:25:00,1,8224.5,8248.0,23.5,eod,2011-03-17,147.0,115.89,4584.11
09:29:00,13:25:00,1,8396.5,8402.0,5.5,eod,2011-03-21,75.0,117.194,982.806
09:11:00,13:25:00,1,8432.5,8454.0,21.5,eod,2011-03-23,65.0,117.546,4182.454
09:39:00,11:40:00,-1,8554.0,8591.4,-37.399999999999636,stop,2011-03-25,68.0,118.58160000000001,-7598.581599999928
11:40:00,13:25:00,1,8591.4,8573.0,-18.399999999999636,eod,2011-03-25,68.0,118.6576,-3798.6575999999272
09:06:00,13:25:00,-1,8546.0,8528.0,18.0,eod,2011-03-28,78.0,118.296,3481.704
09:30:00,13:25:00,1,8552.0,8555.0,3.0,eod,2011-03-29,90.0,118.428,481.572
09:24:00,09:50:00,1,8638.0,8600.6,-37.399999999999636,stop,2011-03-31,68.0,118.95439999999999,-7598.954399999927
09:50:00,13:25:00,-1,8600.6,8610.0,-9.399999999999636,eod,2011-03-31,68.0,118.8424,-1998.8423999999272
09:12:00,13:25:00,1,8772.5,8824.0,51.5,eod,2011-04-06,59.0,120.386,10179.614
08:45:00,13:25:00,-1,8900.0,8876.0,24.0,eod,2011-04-08,78.0,121.104,4678.896
09:17:00,13:25:00,-1,8823.5,8867.0,-43.5,eod,2011-04-11,89.0,120.762,-8820.762
09:05:00,13:25:00,-1,8789.0,8734.0,55.0,eod,2011-04-12,62.0,120.092,10879.908
11:25:00,12:06:00,1,8837.0,8774.3,-62.70000000000073,stop,2011-04-14,114.0,120.4452,-12660.445200000146
12:06:00,13:25:00,-1,8774.3,8800.0,-25.700000000000728,eod,2011-04-14,114.0,120.2972,-5260.2972000001455
12:31:00,13:25:00,-1,8735.0,8695.0,40.0,eod,2011-04-15,102.0,119.72,7880.28
09:30:00,13:25:00,-1,8614.0,8630.0,-16.0,eod,2011-04-19,86.0,118.976,-3318.976
10:15:00,13:25:00,1,8952.5,8987.0,34.5,eod,2011-04-21,141.0,121.758,6778.242
08:50:00,09:19:00,1,9020.5,9001.25,-19.25,stop,2011-04-25,35.0,122.087,-3972.087
09:19:00,11:13:00,-1,9001.25,9020.5,-19.25,stop,2011-04-25,35.0,122.087,-3972.087
09:37:00,11:45:00,1,8968.0,8908.6,-59.399999999999636,stop,2011-04-26,108.0,121.5064,-12001.506399999927
11:45:00,13:25:00,-1,8908.6,8943.0,-34.399999999999636,eod,2011-04-26,108.0,121.40639999999999,-7001.406399999927
09:02:00,13:25:00,-1,9075.0,9027.0,48.0,eod,2011-04-28,46.0,122.408,9477.592
09:07:00,09:20:00,-1,8967.0,9018.7,-51.70000000000073,stop,2011-04-29,94.0,121.9428,-10461.942800000146
09:20:00,12:20:00,1,9018.7,8967.0,-51.70000000000073,stop,2011-04-29,94.0,121.9428,-10461.942800000146
09:04:00,13:25:00,-1,8976.5,8967.0,9.5,eod,2011-05-03,119.0,121.774,1778.226
09:51:00,13:25:00,1,8952.5,9039.0,86.5,eod,2011-05-05,99.0,121.96600000000001,17178.034
09:17:00,13:25:00,1,9034.0,9058.0,24.0,eod,2011-05-09,66.0,122.368,4677.632
09:01:00,13:25:00,-1,9086.5,9027.0,59.5,eod,2011-05-11,45.0,122.45400000000001,11777.546
10:36:00,13:25:00,1,9011.5,9032.0,20.5,eod,2011-05-12,103.0,122.174,3977.826
09:25:00,13:25:00,-1,8963.5,8938.0,25.5,eod,2011-05-16,63.0,121.606,4978.394
09:16:00,12:27:00,1,9002.0,8955.8,-46.20000000000073,stop,2011-05-19,84.0,121.8312,-9361.831200000146
12:27:00,13:25:00,-1,8955.8,8883.0,72.79999999999927,eod,2011-05-19,84.0,121.3552,14438.644799999855
11:28:00,12:01:00,-1,8692.5,8752.45,-59.95000000000073,stop,2011-05-23,109.0,119.77980000000001,-12109.779800000146
12:01:00,13:25:00,1,8752.45,8740.0,-12.450000000000728,eod,2011-05-23,109.0,119.9698,-2609.9698000001454
10:04:00,11:17:00,-1,8671.5,8728.15,-56.649999999999636,stop,2011-05-24,103.0,119.5986,-11449.598599999927
11:17:00,13:25:00,1,8728.15,8748.0,19.850000000000364,eod,2011-05-24,103.0,119.9046,3850.095400000073
09:08:00,13:25:00,-1,8691.5,8713.0,-21.5,eod,2011-05-25,107.0,119.618,-4419.618
09:11:00,13:20:00,1,8811.5,8769.15,-42.350000000000364,stop,2011-05-27,77.0,120.32260000000001,-8590.322600000072
13:20:00,13:25:00,-1,8769.15,8777.0,-7.850000000000364,eod,2011-05-27,77.0,120.1846,-1690.1846000000728
09:02:00,09:13:00,-1,8716.5,8764.35,-47.850000000000364,stop,2011-05-30,87.0,119.9234,-9689.923400000072
09:13:00,13:25:00,1,8764.35,8795.0,30.649999999999636,eod,2011-05-30,87.0,120.2374,6009.762599999927
09:58:00,13:25:00,1,8916.5,9019.0,102.5,eod,2011-05-31,119.0,121.742,20378.258
09:02:00,13:25:00,1,9029.0,9019.0,-10.0,eod,2011-06-02,98.0,122.19200000000001,-2122.192
09:32:00,11:45:00,-1,9007.5,9052.05,-44.54999999999927,stop,2011-06-03,81.0,122.23819999999999,-9032.238199999854
11:45:00,13:25:00,1,9052.05,9063.0,10.950000000000728,eod,2011-06-03,81.0,122.4602,2067.5398000001455
09:11:00,11:40:00,-1,8992.0,9036.0,-44.0,stop,2011-06-07,80.0,122.112,-8922.112
11:40:00,13:25:00,1,9036.0,9068.0,32.0,eod,2011-06-07,80.0,122.416,6277.584
10:39:00,13:25:00,-1,9016.0,9027.0,-11.0,eod,2011-06-08,120.0,122.172,-2322.172
09:07:00,13:25:00,-1,9040.0,8824.0,216.0,eod,2011-06-10,56.0,121.456,43078.544
10:14:00,13:25:00,1,8804.0,8839.0,35.0,eod,2011-06-14,122.0,120.572,6879.428
10:19:00,13:25:00,-1,8485.5,8494.0,-8.5,eod,2011-06-16,147.0,117.918,-1817.9180000000001
08:56:00,09:43:00,1,8531.0,8488.1,-42.899999999999636,stop,2011-06-17,78.0,118.07639999999999,-8698.076399999927
09:43:00,13:25:00,-1,8488.1,8465.0,23.100000000000364,eod,2011-06-17,78.0,117.8124,4502.187600000073
11:08:00,13:25:00,-1,8447.5,8381.0,66.5,eod,2011-06-20,107.0,117.31400000000001,13182.686
09:12:00,13:25:00,-1,8475.5,8459.0,16.5,eod,2011-06-22,85.0,117.738,3182.262
09:04:00,13:25:00,-1,8377.0,8404.0,-27.0,eod,2011-06-24,86.0,117.124,-5517.124
08:45:00,10:40:00,-1,8276.5,8313.35,-36.850000000000364,stop,2011-06-27,67.0,116.3594,-7486.359400000073
10:40:00,13:25:00,1,8313.35,8355.0,41.649999999999636,eod,2011-06-27,67.0,116.6734,8213.326599999928
11:24:00,13:25:00,-1,8328.5,8329.0,-0.5,eod,2011-06-28,113.0,116.63,-216.63
10:05:00,13:25:00,1,8423.0,8445.0,22.0,eod,2011-06-29,92.0,117.47200000000001,4282.528
09:45:00,13:25:00,1,8596.0,8592.0,-4.0,eod,2011-07-01,72.0,118.752,-918.752
09:27:00,13:25:00,1,8651.0,8689.0,38.0,eod,2011-07-06,46.0,119.36,7480.64
09:08:00,11:01:00,1,8719.5,8693.65,-25.850000000000364,stop,2011-07-08,47.0,119.6526,-5289.652600000073
11:01:00,13:25:00,-1,8693.65,8658.0,35.649999999999636,eod,2011-07-08,47.0,119.40660000000001,7010.593399999927
09:34:00,13:25:00,-1,8482.5,8447.0,35.5,eod,2011-07-12,57.0,117.718,6982.282
09:01:00,10:03:00,1,8484.5,8444.35,-40.149999999999636,stop,2011-07-14,73.0,117.7154,-8147.715399999927
10:03:00,13:25:00,-1,8444.35,8449.0,-4.649999999999636,eod,2011-07-14,73.0,117.57339999999999,-1047.5733999999272
10:41:00,13:25:00,1,8545.0,8533.0,-12.0,eod,2011-07-15,146.0,118.312,-2518.312
10:14:00,13:25:00,1,8566.5,8543.0,-23.5,eod,2011-07-18,119.0,118.438,-4818.438
09:18:00,10:17:00,-1,8683.5,8704.95,-21.450000000000728,stop,2011-07-22,39.0,119.55380000000001,-4409.553800000145
10:17:00,13:25:00,1,8704.95,8714.0,9.049999999999272,eod,2011-07-22,39.0,119.67580000000001,1690.3241999998545
09:04:00,10:02:00,1,8679.0,8647.1,-31.899999999999636,stop,2011-07-25,58.0,119.3044,-6499.304399999927
10:02:00,13:25:00,-1,8647.1,8611.0,36.100000000000364,eod,2011-07-25,58.0,119.0324,7100.967600000073
10:14:00,13:25:00,1,8687.5,8712.0,24.5,eod,2011-07-26,103.0,119.598,4780.402
11:01:00,13:25:00,1,8772.0,8758.0,-14.0,eod,2011-07-27,116.0,120.12,-2920.12
09:07:00,09:42:00,-1,8662.5,8698.25,-35.75,stop,2011-07-28,65.0,119.443,-7269.443
09:42:00,13:25:00,1,8698.25,8709.0,10.75,eod,2011-07-28,65.0,119.629,2030.371
10:07:00,13:25:00,-1,8660.5,8604.0,56.5,eod,2011-07-29,75.0,119.058,11180.942
09:17:00,13:25:00,-1,8563.5,8565.0,-1.5,eod,2011-08-02,73.0,118.514,-418.514
09:44:00,10:54:00,-1,8384.0,8423.6,-39.600000000000364,stop,2011-08-03,72.0,117.23039999999999,-8037.230400000073
10:54:00,13:25:00,1,8423.6,8431.0,7.399999999999636,eod,2011-08-03,72.0,117.41839999999999,1362.5815999999272
09:18:00,10:05:00,1,8474.0,8425.6,-48.399999999999636,stop,2011-08-04,88.0,117.5984,-9797.598399999928
10:05:00,13:25:00,-1,8425.6,8320.0,105.60000000000036,eod,2011-08-04,88.0,116.9824,21003.017600000072
08:45:00,13:18:00,1,7925.0,7809.5,-115.5,stop,2011-08-05,210.0,112.938,-23212.938
13:18:00,13:25:00,-1,7809.5,7757.0,52.5,eod,2011-08-05,210.0,112.26599999999999,10387.734
11:05:00,13:25:00,-1,7616.0,7472.0,144.0,eod,2011-08-08,252.0,110.352,28689.648
11:38:00,13:25:00,1,7484.5,7485.0,0.5,eod,2011-08-09,509.0,109.878,-9.878
09:07:00,09:37:00,-1,7495.5,7559.85,-64.35000000000036,stop,2011-08-11,117.0,110.2214,-12980.221400000073
09:37:00,13:25:00,1,7559.85,7680.0,120.14999999999964,eod,2011-08-11,117.0,110.9594,23919.040599999928
12:39:00,13:25:00,-1,7596.5,7599.0,-2.5,eod,2011-08-12,287.0,110.78200000000001,-610.782
09:22:00,13:25:00,-1,7798.5,7775.0,23.5,eod,2011-08-16,119.0,112.29400000000001,4587.706
09:41:00,13:25:00,-1,7527.0,7507.0,20.0,eod,2011-08-18,106.0,110.136,3889.864
13:23:00,13:25:00,-1,7229.5,7232.0,-2.5,eod,2011-08-19,137.0,107.846,-607.846
09:07:00,11:41:00,1,7279.0,7188.8,-90.19999999999982,stop,2011-08-22,164.0,107.8712,-18147.871199999965
11:41:00,12:44:00,-1,7188.8,7279.0,-90.19999999999982,stop,2011-08-22,164.0,107.8712,-18147.871199999965
11:45:00,13:25:00,1,7437.5,7533.0,95.5,eod,2011-08-23,273.0,109.882,18990.118
10:08:00,13:25:00,-1,7407.0,7424.0,-17.0,eod,2011-08-24,246.0,109.324,-3509.324
11:23:00,13:25:00,-1,7438.0,7364.0,74.0,eod,2011-08-25,210.0,109.208,14690.792
09:19:00,13:25:00,1,7538.5,7553.0,14.5,eod,2011-08-29,137.0,110.366,2789.634
09:33:00,11:14:00,-1,7575.0,7621.2,-46.19999999999982,stop,2011-08-31,84.0,110.7848,-9350.784799999963
11:14:00,13:25:00,1,7621.2,7653.0,31.800000000000182,eod,2011-08-31,84.0,111.0968,6248.903200000036
09:31:00,11:59:00,1,7829.0,7742.1,-86.89999999999964,stop,2011-09-01,158.0,112.2844,-17492.284399999928
11:59:00,13:25:00,-1,7742.1,7717.0,25.100000000000364,eod,2011-09-01,158.0,111.8364,4908.163600000073
09:16:00,13:25:00,-1,7503.0,7494.0,9.0,eod,2011-09-05,94.0,109.988,1690.012
08:50:00,10:39:00,1,7450.5,7399.35,-51.149999999999636,stop,2011-09-06,93.0,109.3994,-10339.399399999927
10:39:00,13:25:00,-1,7399.35,7335.0,64.35000000000036,eod,2011-09-06,93.0,108.9374,12761.062600000072
10:25:00,12:59:00,-1,7502.0,7571.3,-69.30000000000018,stop,2011-09-08,126.0,110.2932,-13970.293200000036
12:59:00,13:25:00,1,7571.3,7537.0,-34.30000000000018,eod,2011-09-08,126.0,110.4332,-6970.433200000037
09:57:00,11:49:00,1,7613.5,7546.95,-66.55000000000018,stop,2011-09-09,121.0,110.6418,-13420.641800000036
11:49:00,13:25:00,-1,7546.95,7583.0,-36.05000000000018,eod,2011-09-09,121.0,110.5198,-7320.519800000036
09:50:00,13:25:00,-1,7430.0,7357.0,73.0,eod,2011-09-13,144.0,109.148,14490.852
11:15:00,13:25:00,-1,7296.5,7220.0,76.5,eod,2011-09-14,203.0,108.066,15191.934
09:15:00,13:25:00,1,7577.0,7614.0,37.0,eod,2011-09-16,126.0,110.76400000000001,7289.236
09:45:00,13:25:00,-1,7519.5,7464.0,55.5,eod,2011-09-19,121.0,109.934,10990.066
08:50:00,10:14:00,1,7508.0,7437.6,-70.39999999999964,stop,2011-09-20,128.0,109.7824,-14189.782399999927
10:14:00,13:17:00,-1,7437.6,7508.0,-70.39999999999964,stop,2011-09-20,128.0,109.7824,-14189.782399999927
10:19:00,13:25:00,-1,7293.0,7284.0,9.0,eod,2011-09-22,138.0,108.30799999999999,1691.692
09:53:00,10:16:00,-1,6977.0,7043.0,-66.0,stop,2011-09-23,120.0,106.08,-13306.08
10:16:00,13:25:00,1,7043.0,7042.0,-1.0,eod,2011-09-23,120.0,106.34,-306.34000000000003
09:17:00,13:25:00,-1,6970.0,6878.0,92.0,eod,2011-09-26,132.0,105.392,18294.608
08:50:00,13:25:00,-1,7134.5,7111.0,23.5,eod,2011-09-28,105.0,106.982,4593.018
09:59:00,13:25:00,1,7105.5,7171.0,65.5,eod,2011-09-29,129.0,107.106,12992.894
09:21:00,10:54:00,1,7078.5,7024.05,-54.44999999999982,stop,2011-10-03,99.0,106.4102,-10996.410199999964
10:54:00,13:25:00,-1,7024.05,6969.0,55.05000000000018,eod,2011-10-03,99.0,105.9722,10904.027800000036
09:05:00,13:25:00,1,6934.0,7055.0,121.0,eod,2011-10-04,126.0,105.956,24094.044
09:15:00,11:13:00,1,7172.0,7109.3,-62.69999999999982,stop,2011-10-06,114.0,107.1252,-12647.125199999964
11:13:00,13:05:00,-1,7109.3,7172.0,-62.69999999999982,stop,2011-10-06,114.0,107.1252,-12647.125199999964
09:01:00,11:21:00,-1,7205.0,7254.5,-49.5,stop,2011-10-07,90.0,107.838,-10007.838
11:21:00,12:09:00,1,7254.5,7205.0,-49.5,stop,2011-10-07,90.0,107.838,-10007.838
09:29:00,13:25:00,1,7391.5,7395.0,3.5,eod,2011-10-11,77.0,109.146,590.854
11:20:00,13:25:00,1,7406.0,7394.0,-12.0,eod,2011-10-12,72.0,109.2,-2509.2
09:17:00,13:25:00,-1,7412.0,7400.0,12.0,eod,2011-10-13,84.0,109.248,2290.752
08:59:00,13:25:00,-1,7357.5,7364.0,-6.5,eod,2011-10-14,85.0,108.886,-1408.886
09:00:00,10:41:00,-1,7446.0,7472.4,-26.399999999999636,stop,2011-10-17,48.0,109.6736,-5389.673599999927
10:41:00,12:47:00,1,7472.4,7446.0,-26.399999999999636,stop,2011-10-17,48.0,109.6736,-5389.673599999927
10:15:00,13:25:00,-1,7317.5,7341.0,-23.5,eod,2011-10-18,87.0,108.634,-4808.634
09:24:00,13:25:00,-1,7325.0,7229.0,96.0,eod,2011-10-20,62.0,108.21600000000001,19091.784
09:14:00,13:25:00,1,7433.5,7497.0,63.5,eod,2011-10-24,79.0,109.72200000000001,12590.278
09:19:00,13:25:00,1,7453.0,7546.0,93.0,eod,2011-10-26,56.0,109.99600000000001,18490.004
08:54:00,09:24:00,1,7775.5,7719.95,-55.55000000000018,stop,2011-10-28,101.0,111.9818,-11221.981800000036
09:24:00,13:25:00,-1,7719.95,7628.0,91.94999999999982,eod,2011-10-28,101.0,111.3918,18278.608199999962
13:10:00,13:25:00,-1,7566.0,7565.0,1.0,eod,2011-10-31,166.0,110.524,89.476
10:04:00,13:25:00,1,7638.0,7635.0,-3.0,eod,2011-11-01,136.0,111.092,-711.092
11:44:00,13:25:00,1,7569.5,7618.0,48.5,eod,2011-11-02,163.0,110.75,9589.25
10:28:00,13:25:00,-1,7473.5,7472.0,1.5,eod,2011-11-03,183.0,109.78200000000001,190.218
09:05:00,10:13:00,1,7663.0,7627.8,-35.19999999999982,stop,2011-11-08,64.0,111.16319999999999,-7151.163199999964
10:13:00,13:25:00,-1,7627.8,7601.0,26.800000000000182,eod,2011-11-08,64.0,110.9152,5249.084800000036
12:05:00,13:25:00,-1,7590.0,7598.0,-8.0,eod,2011-11-09,130.0,110.75200000000001,-1710.752
10:11:00,13:25:00,-1,7382.0,7327.0,55.0,eod,2011-11-10,96.0,108.836,10891.164
09:15:00,13:25:00,1,7541.0,7542.0,1.0,eod,2011-11-14,96.0,110.332,89.668
12:39:00,13:25:00,-1,7490.5,7499.0,-8.5,eod,2011-11-15,75.0,109.958,-1809.958
09:09:00,13:25:00,-1,7138.0,7065.0,73.0,eod,2011-11-21,96.0,106.81200000000001,14493.188
09:25:00,09:31:00,-1,6904.0,6976.6,-72.60000000000036,stop,2011-11-23,132.0,105.5224,-14625.522400000073
09:31:00,10:00:00,1,6976.6,6904.0,-72.60000000000036,stop,2011-11-23,132.0,105.5224,-14625.522400000073
09:02:00,09:12:00,1,6939.0,6863.1,-75.89999999999964,stop,2011-11-25,138.0,105.20840000000001,-15285.208399999927
09:12:00,13:25:00,-1,6863.1,6804.0,59.100000000000364,eod,2011-11-25,138.0,104.6684,11715.331600000072
10:10:00,12:59:00,-1,6927.5,6968.75,-41.25,stop,2011-11-29,75.0,105.58500000000001,-8355.585
12:59:00,13:25:00,1,6968.75,6989.0,20.25,eod,2011-11-29,75.0,105.831,3944.169
10:02:00,13:25:00,-1,6901.0,6868.0,33.0,eod,2011-11-30,84.0,105.076,6494.924
10:23:00,13:25:00,-1,7146.5,7158.0,-11.5,eod,2011-12-02,111.0,107.218,-2407.218
09:07:00,13:25:00,-1,7116.0,7120.0,-4.0,eod,2011-12-05,98.0,106.944,-906.944
09:08:00,13:25:00,-1,7028.0,6964.0,64.0,eod,2011-12-06,116.0,105.968,12694.032
08:53:00,13:25:00,-1,6986.0,6958.0,28.0,eod,2011-12-08,58.0,105.77600000000001,5494.224
09:27:00,13:25:00,1,6861.0,6876.0,15.0,eod,2011-12-09,120.0,104.94800000000001,2895.052
12:10:00,13:25:00,1,6897.0,6901.0,4.0,eod,2011-12-13,84.0,105.19200000000001,694.808
09:20:00,13:25:00,-1,6811.0,6769.0,42.0,eod,2011-12-15,68.0,104.32,8295.68
08:57:00,09:57:00,1,6698.5,6667.15,-31.350000000000364,stop,2011-12-19,57.0,103.46260000000001,-6373.462600000073
09:57:00,13:25:00,-1,6667.15,6635.0,32.149999999999636,eod,2011-12-19,57.0,103.20859999999999,6326.791399999927
09:09:00,13:25:00,1,7069.5,7104.0,34.5,eod,2011-12-23,43.0,106.694,6793.306
09:14:00,13:25:00,-1,7074.0,7075.0,-1.0,eod,2011-12-27,42.0,106.596,-306.596
10:34:00,13:25:00,1,7037.5,7069.0,31.5,eod,2011-12-29,51.0,106.426,6193.574
08:54:00,09:41:00,1,7136.5,7094.15,-42.350000000000364,stop,2011-12-30,77.0,106.9226,-8576.922600000073
09:41:00,13:25:00,-1,7094.15,7069.0,25.149999999999636,eod,2011-12-30,77.0,106.6526,4923.347399999927
10:59:00,13:25:00,-1,6966.0,6961.0,5.0,eod,2012-01-02,112.0,105.708,894.292
11:15:00,13:25:00,1,7081.5,7055.0,-26.5,eod,2012-01-03,123.0,106.54599999999999,-5406.546
08:48:00,09:01:00,1,7121.0,7084.7,-36.30000000000018,stop,2012-01-05,66.0,106.8228,-7366.822800000036
09:01:00,13:25:00,-1,7084.7,7100.0,-15.300000000000182,eod,2012-01-05,66.0,106.7388,-3166.7388000000365
10:45:00,12:39:00,-1,7068.5,7103.15,-34.649999999999636,stop,2012-01-06,63.0,106.6866,-7036.686599999927
12:39:00,13:25:00,1,7103.15,7087.0,-16.149999999999636,eod,2012-01-06,63.0,106.7606,-3336.7605999999273
09:00:00,10:00:00,1,7075.5,7044.15,-31.350000000000364,stop,2012-01-09,57.0,106.4786,-6376.478600000073
10:00:00,10:42:00,-1,7044.15,7075.5,-31.350000000000364,stop,2012-01-09,57.0,106.4786,-6376.478600000073
09:13:00,13:25:00,1,7148.0,7173.0,25.0,eod,2012-01-10,56.0,107.28399999999999,4892.716
09:08:00,10:04:00,-1,7170.5,7186.45,-15.949999999999818,stop,2012-01-12,29.0,107.4278,-3297.4277999999636
10:04:00,11:13:00,1,7186.45,7170.5,-15.949999999999818,stop,2012-01-12,29.0,107.4278,-3297.4277999999636
08:50:00,09:27:00,1,7251.5,7233.35,-18.149999999999636,stop,2012-01-13,33.0,107.9394,-3737.9393999999274
09:27:00,13:25:00,-1,7233.35,7170.0,63.350000000000364,eod,2012-01-13,33.0,107.61340000000001,12562.386600000073
09:04:00,13:25:00,-1,7178.0,7100.0,78.0,eod,2012-01-16,116.0,107.112,15492.888
08:45:00,13:25:00,1,7380.0,7399.0,19.0,eod,2012-01-30,56.0,109.116,3690.884
10:38:00,12:27:00,1,7492.5,7439.15,-53.350000000000364,stop,2012-01-31,97.0,109.72659999999999,-10779.726600000073
12:27:00,13:25:00,-1,7439.15,7452.0,-12.850000000000364,eod,2012-01-31,97.0,109.5646,-2679.564600000073
10:05:00,13:25:00,1,7532.5,7525.0,-7.5,eod,2012-02-01,81.0,110.23,-1610.23
10:45:00,13:25:00,-1,7584.0,7620.0,-36.0,eod,2012-02-02,72.0,110.816,-7310.816
09:02:00,09:34:00,-1,7696.0,7722.4,-26.399999999999636,stop,2012-02-04,48.0,111.6736,-5391.673599999927
09:34:00,13:25:00,1,7722.4,7737.0,14.600000000000364,eod,2012-02-04,48.0,111.83760000000001,2808.162400000073
10:14:00,11:43:00,-1,7673.5,7709.25,-35.75,stop,2012-02-06,65.0,111.531,-7261.531
11:43:00,13:04:00,1,7709.25,7673.5,-35.75,stop,2012-02-06,65.0,111.531,-7261.531
09:44:00,10:39:00,1,7734.0,7703.2,-30.800000000000182,stop,2012-02-07,56.0,111.7488,-6271.748800000037
10:39:00,13:25:00,-1,7703.2,7712.0,-8.800000000000182,eod,2012-02-07,56.0,111.6608,-1871.6608000000365
09:45:00,13:25:00,1,7803.5,7883.0,79.5,eod,2012-02-08,75.0,112.74600000000001,15787.254
09:08:00,09:50:00,1,7928.0,7870.8,-57.19999999999982,stop,2012-02-10,104.0,113.1952,-11553.195199999964
09:50:00,13:25:00,-1,7870.8,7869.0,1.800000000000182,eod,2012-02-10,104.0,112.9592,247.04080000003637
11:09:00,13:25:00,1,7914.0,7926.0,12.0,eod,2012-02-13,78.0,113.36,2286.64
09:45:00,13:25:00,-1,7857.0,7867.0,-10.0,eod,2012-02-14,96.0,112.896,-2112.896
13:11:00,13:25:00,-1,7902.0,7883.0,19.0,eod,2012-02-16,132.0,113.14,3686.86
10:44:00,13:25:00,-1,7918.5,7923.0,-4.5,eod,2012-02-17,127.0,113.366,-1013.366
09:54:00,13:25:00,-1,7915.5,7926.0,-10.5,eod,2012-02-21,77.0,113.366,-2213.366
10:15:00,13:25:00,1,7978.5,8011.0,32.5,eod,2012-02-22,121.0,113.958,6386.042
09:00:00,09:35:00,1,7970.0,7942.5,-27.5,stop,2012-02-24,50.0,113.65,-5613.65
09:35:00,13:25:00,-1,7942.5,7940.0,2.5,eod,2012-02-24,50.0,113.53,386.47
09:00:00,13:25:00,1,8052.0,8103.0,51.0,eod,2012-02-29,92.0,114.62,10085.38
09:29:00,13:25:00,-1,8148.5,8146.0,2.5,eod,2012-03-02,63.0,115.178,384.822
09:08:00,13:25:00,-1,8092.5,8125.0,-32.5,eod,2012-03-03,75.0,114.87,-6614.87
08:54:00,13:25:00,-1,8079.0,8014.0,65.0,eod,2012-03-05,44.0,114.372,12885.628
09:15:00,13:25:00,-1,7968.0,7939.0,29.0,eod,2012-03-06,104.0,113.628,5686.372
09:45:00,11:03:00,-1,7893.5,7942.45,-48.94999999999982,stop,2012-03-08,89.0,113.3438,-9903.343799999964
11:03:00,13:25:00,1,7942.45,7989.0,46.55000000000018,eod,2012-03-08,89.0,113.7258,9196.274200000036
10:37:00,13:25:00,-1,7954.0,7937.0,17.0,eod,2012-03-12,88.0,113.564,3286.436
10:12:00,12:41:00,-1,8112.0,8142.8,-30.800000000000182,stop,2012-03-15,56.0,115.0192,-6275.019200000036
12:41:00,13:25:00,1,8142.8,8131.0,-11.800000000000182,eod,2012-03-15,56.0,115.0952,-2475.0952000000366
09:02:00,13:25:00,-1,8096.0,8101.0,-5.0,eod,2012-03-16,68.0,114.788,-1114.788
09:27:00,13:25:00,-1,8070.5,8034.0,36.5,eod,2012-03-19,85.0,114.418,7185.582
10:17:00,13:25:00,-1,8005.0,7967.0,38.0,eod,2012-03-20,144.0,113.888,7486.112
09:15:00,13:25:00,1,8040.0,8081.0,41.0,eod,2012-03-22,62.0,114.484,8085.516
08:51:00,13:25:00,-1,8056.0,7956.0,100.0,eod,2012-03-26,50.0,114.048,19885.952
08:59:00,09:43:00,1,8039.5,8012.55,-26.949999999999818,stop,2012-03-28,49.0,114.2082,-5504.208199999964
09:43:00,10:45:00,-1,8012.55,8039.5,-26.949999999999818,stop,2012-03-28,49.0,114.2082,-5504.208199999964
09:01:00,13:25:00,-1,7956.5,7871.0,85.5,eod,2012-03-29,83.0,113.31,16986.69
09:41:00,13:25:00,-1,7854.5,7771.0,83.5,eod,2012-04-03,69.0,112.50200000000001,16587.498
09:27:00,13:25:00,-1,7559.5,7634.0,-74.5,eod,2012-04-05,183.0,110.774,-15010.774
08:52:00,09:40:00,-1,7534.5,7575.75,-41.25,stop,2012-04-09,75.0,110.441,-8360.441
09:40:00,13:25:00,1,7575.75,7583.0,7.25,eod,2012-04-09,75.0,110.63499999999999,1339.365
09:03:00,13:25:00,1,7563.0,7635.0,72.0,eod,2012-04-11,104.0,110.792,14289.208
09:35:00,13:25:00,1,7741.0,7750.0,9.0,eod,2012-04-13,80.0,111.964,1688.036
09:01:00,09:15:00,1,7734.5,7705.35,-29.149999999999636,stop,2012-04-17,53.0,111.7594,-5941.759399999927
09:15:00,13:25:00,-1,7705.35,7601.0,104.35000000000036,eod,2012-04-17,53.0,111.22540000000001,20758.774600000073
09:03:00,09:26:00,-1,7544.5,7595.65,-51.149999999999636,stop,2012-04-19,93.0,110.5606,-10340.560599999928
09:26:00,13:25:00,1,7595.65,7606.0,10.350000000000364,eod,2012-04-19,93.0,110.8066,1959.1934000000729
12:15:00,13:25:00,-1,7523.0,7507.0,16.0,eod,2012-04-20,116.0,110.12,3089.88
09:59:00,13:25:00,-1,7444.0,7472.0,-28.0,eod,2012-04-23,110.0,109.664,-5709.664
09:46:00,11:19:00,1,7498.0,7446.3,-51.69999999999982,stop,2012-04-24,94.0,109.7772,-10449.777199999964
11:19:00,13:25:00,-1,7446.3,7488.0,-41.69999999999982,eod,2012-04-24,94.0,109.7372,-8449.737199999963
09:14:00,13:25:00,-1,7545.5,7483.0,62.5,eod,2012-04-26,63.0,110.114,12389.886
09:49:00,13:25:00,-1,7493.5,7450.0,43.5,eod,2012-04-27,105.0,109.774,8590.226
09:14:00,13:25:00,1,7533.0,7682.0,149.0,eod,2012-05-02,74.0,110.86,29689.14
08:57:00,09:12:00,-1,7594.5,7617.05,-22.550000000000182,stop,2012-05-04,41.0,110.8462,-4620.846200000036
09:12:00,13:25:00,1,7617.05,7655.0,37.94999999999982,eod,2012-05-04,41.0,111.0882,7478.9117999999635
09:25:00,13:25:00,-1,7506.0,7507.0,-1.0,eod,2012-05-07,102.0,110.05199999999999,-310.052
08:45:00,09:23:00,-1,7442.0,7470.6,-28.600000000000364,stop,2012-05-09,52.0,109.6504,-5829.650400000073
09:23:00,11:07:00,1,7470.6,7442.0,-28.600000000000364,stop,2012-05-09,52.0,109.6504,-5829.650400000073
08:50:00,13:25:00,1,7461.5,7476.0,14.5,eod,2012-05-10,73.0,109.75,2790.25
09:08:00,13:25:00,-1,7412.5,7373.0,39.5,eod,2012-05-11,91.0,109.142,7790.858
09:36:00,13:25:00,1,7340.5,7396.0,55.5,eod,2012-05-15,71.0,108.946,10991.054
09:18:00,11:28:00,1,7205.0,7159.9,-45.100000000000364,stop,2012-05-18,82.0,107.4596,-9127.459600000073
11:28:00,13:25:00,-1,7159.9,7137.0,22.899999999999636,eod,2012-05-18,82.0,107.1876,4472.812399999927
09:14:00,13:25:00,-1,7223.5,7240.0,-16.5,eod,2012-05-22,53.0,107.854,-3407.854
09:13:00,10:00:00,-1,7122.0,7153.9,-31.899999999999636,stop,2012-05-23,58.0,107.1036,-6487.103599999928
10:00:00,10:55:00,1,7153.9,7122.0,-31.899999999999636,stop,2012-05-23,58.0,107.1036,-6487.103599999928
11:29:00,13:25:00,-1,7116.0,7106.0,10.0,eod,2012-05-24,80.0,106.888,1893.112
09:30:00,13:25:00,-1,7107.0,7071.0,36.0,eod,2012-05-25,96.0,106.712,7093.288
12:55:00,13:25:00,1,7127.5,7119.0,-8.5,eod,2012-05-28,111.0,106.986,-1806.986
09:05:00,13:25:00,1,7178.0,7316.0,138.0,eod,2012-05-29,108.0,107.976,27492.024
09:13:00,09:50:00,-1,7103.5,7145.85,-42.350000000000364,stop,2012-05-31,77.0,106.9974,-8576.997400000073
09:50:00,13:25:00,1,7145.85,7205.0,59.149999999999636,eod,2012-05-31,77.0,107.4034,11722.596599999928
09:11:00,13:25:00,-1,7115.0,7096.0,19.0,eod,2012-06-01,170.0,106.844,3693.156
11:05:00,13:25:00,-1,6859.5,6875.0,-15.5,eod,2012-06-04,135.0,104.938,-3204.938
09:29:00,11:44:00,1,6998.0,6944.1,-53.899999999999636,stop,2012-06-05,98.0,105.7684,-10885.768399999928
11:44:00,13:25:00,-1,6944.1,6978.0,-33.899999999999636,eod,2012-06-05,98.0,105.6884,-6885.688399999927
09:53:00,13:25:00,1,7029.0,7035.0,6.0,eod,2012-06-06,80.0,106.256,1093.744
09:10:00,13:25:00,-1,7086.5,7044.0,42.5,eod,2012-06-07,97.0,106.52199999999999,8393.478
09:17:00,13:25:00,1,7014.5,7018.0,3.5,eod,2012-06-12,77.0,106.13,593.87
10:13:00,13:25:00,-1,7011.0,7041.0,-30.0,eod,2012-06-13,76.0,106.208,-6106.208
11:34:00,13:25:00,1,7076.0,7063.0,-13.0,eod,2012-06-14,68.0,106.55600000000001,-2706.556
09:27:00,13:25:00,1,7087.0,7143.0,56.0,eod,2012-06-15,74.0,106.92,11093.08
09:05:00,13:25:00,-1,7140.5,7121.0,19.5,eod,2012-06-21,39.0,107.04599999999999,3792.954
09:35:00,13:25:00,1,7037.0,7034.0,-3.0,eod,2012-06-22,70.0,106.28399999999999,-706.284
10:42:00,13:25:00,1,6978.0,6955.0,-23.0,eod,2012-06-25,52.0,105.732,-4705.732
09:03:00,09:13:00,-1,6924.0,6946.0,-22.0,stop,2012-06-26,40.0,105.48,-4505.48
09:13:00,13:25:00,1,6946.0,6937.0,-9.0,eod,2012-06-26,40.0,105.53200000000001,-1905.532
08:55:00,09:09:00,-1,6899.5,6919.85,-20.350000000000364,stop,2012-06-27,37.0,105.2774,-4175.277400000073
09:09:00,13:25:00,1,6919.85,6990.0,70.14999999999964,eod,2012-06-27,37.0,105.6394,13924.360599999927
10:34:00,13:25:00,-1,6967.5,6999.0,-31.5,eod,2012-06-28,107.0,105.866,-6405.866
09:14:00,13:25:00,1,7019.5,7115.0,95.5,eod,2012-06-29,75.0,106.53800000000001,18993.462
09:51:00,13:25:00,1,7199.5,7232.0,32.5,eod,2012-07-03,45.0,107.726,6392.274
09:13:00,09:47:00,1,7310.0,7285.8,-24.199999999999818,stop,2012-07-06,44.0,108.38319999999999,-4948.383199999964
09:47:00,13:25:00,-1,7285.8,7255.0,30.800000000000182,eod,2012-07-06,44.0,108.16319999999999,6051.836800000036
09:26:00,13:25:00,1,7245.0,7240.0,-5.0,eod,2012-07-09,82.0,107.94,-1107.94
10:44:00,13:25:00,-1,7216.0,7184.0,32.0,eod,2012-07-10,70.0,107.6,6292.4
10:24:00,13:25:00,1,7192.0,7188.0,-4.0,eod,2012-07-11,108.0,107.52000000000001,-907.52
09:26:00,13:25:00,-1,7150.5,7090.0,60.5,eod,2012-07-12,71.0,106.962,11993.038
09:24:00,13:25:00,-1,7057.5,7059.0,-1.5,eod,2012-07-16,63.0,106.46600000000001,-406.466
09:19:00,13:25:00,1,7093.0,7110.0,17.0,eod,2012-07-17,90.0,106.81200000000001,3293.188
10:44:00,13:25:00,1,7022.5,7015.0,-7.5,eod,2012-07-19,97.0,106.15,-1606.15
09:07:00,13:25:00,-1,6893.5,6877.0,16.5,eod,2012-07-23,43.0,105.082,3194.918
09:11:00,13:25:00,1,6801.5,6847.0,45.5,eod,2012-07-25,39.0,104.594,8995.406
10:16:00,13:25:00,1,7005.5,7013.0,7.5,eod,2012-07-27,73.0,106.074,1393.926
09:10:00,09:41:00,-1,7078.5,7104.35,-25.850000000000364,stop,2012-07-31,47.0,106.73140000000001,-5276.731400000072
09:41:00,13:25:00,1,7104.35,7167.0,62.649999999999636,eod,2012-07-31,47.0,107.08539999999999,12422.914599999927
11:05:00,13:25:00,1,7198.0,7186.0,-12.0,eod,2012-08-01,118.0,107.536,-2507.536
08:48:00,09:21:00,1,7302.0,7275.6,-26.399999999999636,stop,2012-08-06,48.0,108.3104,-5388.3103999999275
09:21:00,13:25:00,-1,7275.6,7249.0,26.600000000000364,eod,2012-08-06,48.0,108.0984,5211.901600000073
09:16:00,09:21:00,1,7326.0,7304.0,-22.0,stop,2012-08-08,40.0,108.52000000000001,-4508.52
09:21:00,10:27:00,-1,7304.0,7326.0,-22.0,stop,2012-08-08,40.0,108.52000000000001,-4508.52
09:50:00,13:25:00,1,7400.5,7441.0,40.5,eod,2012-08-09,59.0,109.366,7990.634
08:50:00,09:07:00,1,7464.0,7442.0,-22.0,stop,2012-08-13,40.0,109.624,-4509.624
09:07:00,10:05:00,-1,7442.0,7464.0,-22.0,stop,2012-08-13,40.0,109.624,-4509.624
09:05:00,10:20:00,1,7506.5,7481.75,-24.75,stop,2012-08-14,45.0,109.953,-5059.953
10:20:00,13:25:00,-1,7481.75,7475.0,6.75,eod,2012-08-14,45.0,109.827,1240.173
10:13:00,13:25:00,1,7492.0,7491.0,-1.0,eod,2012-08-16,64.0,109.932,-309.932
08:53:00,09:06:00,-1,7442.0,7466.2,-24.199999999999818,stop,2012-08-20,44.0,109.6328,-4949.632799999964
09:06:00,09:32:00,1,7466.2,7442.0,-24.199999999999818,stop,2012-08-20,44.0,109.6328,-4949.632799999964
09:04:00,13:25:00,1,7503.5,7513.0,9.5,eod,2012-08-21,77.0,110.066,1789.934
09:04:00,13:25:00,1,7503.5,7506.0,2.5,eod,2012-08-23,55.0,110.03800000000001,389.962
11:48:00,13:25:00,1,7483.0,7473.0,-10.0,eod,2012-08-24,66.0,109.824,-2109.824
09:18:00,13:25:00,-1,7511.0,7478.0,33.0,eod,2012-08-27,48.0,109.956,6490.044
12:32:00,13:25:00,-1,7385.5,7382.0,3.5,eod,2012-08-28,99.0,109.07,590.9300000000001
09:19:00,11:38:00,1,7376.0,7358.4,-17.600000000000364,stop,2012-08-30,32.0,108.9376,-3628.937600000073
11:38:00,13:25:00,-1,7358.4,7362.0,-3.600000000000364,eod,2012-08-30,32.0,108.88159999999999,-828.8816000000727
09:15:00,09:59:00,1,7402.0,7372.3,-29.699999999999818,stop,2012-08-31,54.0,109.0972,-6049.097199999964
09:59:00,13:25:00,-1,7372.3,7380.0,-7.699999999999818,eod,2012-08-31,54.0,109.00919999999999,-1649.0091999999636
09:09:00,13:25:00,1,7398.5,7445.0,46.5,eod,2012-09-03,57.0,109.374,9190.626
09:12:00,13:25:00,-1,7381.0,7352.0,29.0,eod,2012-09-05,40.0,108.932,5691.068
10:03:00,11:15:00,1,7367.0,7328.5,-38.5,stop,2012-09-06,70.0,108.78200000000001,-7808.782
11:15:00,13:25:00,-1,7328.5,7316.0,12.5,eod,2012-09-06,70.0,108.578,2391.422
09:01:00,13:25:00,-1,7430.0,7429.0,1.0,eod,2012-09-07,82.0,109.436,90.564
10:43:00,13:25:00,1,7458.5,7453.0,-5.5,eod,2012-09-10,75.0,109.646,-1209.646
08:54:00,13:25:00,1,7464.5,7462.0,-2.5,eod,2012-09-11,55.0,109.706,-609.706
09:30:00,13:25:00,1,7552.0,7570.0,18.0,eod,2012-09-12,54.0,110.488,3489.512
08:47:00,09:23:00,-1,7679.0,7699.9,-20.899999999999636,stop,2012-09-14,38.0,111.5156,-4291.515599999927
09:23:00,13:25:00,1,7699.9,7745.0,45.100000000000364,eod,2012-09-14,38.0,111.7796,8908.220400000073
09:04:00,09:09:00,-1,7721.5,7744.05,-22.550000000000182,stop,2012-09-18,41.0,111.8622,-4621.862200000036
09:09:00,13:25:00,1,7744.05,7744.0,-0.0500000000001819,eod,2012-09-18,41.0,111.9522,-121.95220000003638
10:38:00,13:25:00,-1,7754.0,7742.0,12.0,eod,2012-09-20,56.0,111.98400000000001,2288.016
09:00:00,11:21:00,-1,7729.5,7748.75,-19.25,stop,2012-09-24,35.0,111.91300000000001,-3961.913
11:21:00,13:25:00,1,7748.75,7775.0,26.25,eod,2012-09-24,35.0,112.095,5137.905
09:26:00,10:19:00,1,7724.0,7687.7,-36.30000000000018,stop,2012-09-26,66.0,111.64680000000001,-7371.646800000037
10:19:00,13:25:00,-1,7687.7,7688.0,-0.3000000000001819,eod,2012-09-26,66.0,111.50280000000001,-171.5028000000364
09:47:00,13:25:00,1,7710.5,7708.0,-2.5,eod,2012-09-27,55.0,111.674,-611.674
09:18:00,13:25:00,-1,7700.5,7711.0,-10.5,eod,2012-09-28,51.0,111.646,-2211.646
09:36:00,10:57:00,-1,7696.0,7718.0,-22.0,stop,2012-10-02,40.0,111.656,-4511.656
10:57:00,13:25:00,1,7718.0,7729.0,11.0,eod,2012-10-02,40.0,111.78800000000001,2088.212
11:50:00,13:25:00,-1,7712.5,7701.0,11.5,eod,2012-10-03,55.0,111.654,2188.346
09:04:00,12:04:00,-1,7679.5,7709.75,-30.25,stop,2012-10-04,55.0,111.557,-6161.557
12:04:00,13:25:00,1,7709.75,7697.0,-12.75,eod,2012-10-04,55.0,111.62700000000001,-2661.627
09:08:00,13:25:00,-1,7650.5,7633.0,17.5,eod,2012-10-08,53.0,111.134,3388.866
12:37:00,13:25:00,-1,7457.5,7454.0,3.5,eod,2012-10-11,51.0,109.646,590.354
11:05:00,13:25:00,-1,7402.0,7427.0,-25.0,eod,2012-10-12,64.0,109.316,-5109.316
09:46:00,13:25:00,-1,7435.5,7455.0,-19.5,eod,2012-10-16,49.0,109.56200000000001,-4009.562
08:51:00,13:25:00,-1,7450.5,7400.0,50.5,eod,2012-10-19,35.0,109.402,9990.598
11:13:00,13:25:00,1,7342.0,7354.0,12.0,eod,2012-10-22,84.0,108.78399999999999,2291.216
11:25:00,13:25:00,-1,7306.5,7317.0,-10.5,eod,2012-10-23,71.0,108.494,-2208.494
09:02:00,13:25:00,1,7258.5,7301.0,42.5,eod,2012-10-24,57.0,108.238,8391.762
08:47:00,10:42:00,1,7260.0,7222.6,-37.399999999999636,stop,2012-10-26,68.0,107.9304,-7587.930399999927
10:42:00,13:25:00,-1,7222.6,7114.0,108.60000000000036,eod,2012-10-26,68.0,107.3464,21612.653600000074
09:09:00,09:55:00,1,7201.0,7166.9,-34.100000000000364,stop,2012-10-30,62.0,107.4716,-6927.471600000073
09:55:00,13:25:00,-1,7166.9,7177.0,-10.100000000000364,eod,2012-10-30,62.0,107.37559999999999,-2127.3756000000726
10:35:00,13:25:00,-1,7152.5,7147.0,5.5,eod,2012-10-31,79.0,107.19800000000001,992.802
09:14:00,10:42:00,-1,7054.5,7102.35,-47.850000000000364,stop,2012-11-01,87.0,106.6274,-9676.627400000072
10:42:00,13:25:00,1,7102.35,7157.0,54.649999999999636,eod,2012-11-01,87.0,107.0374,10822.962599999928
09:01:00,09:26:00,-1,7168.5,7192.15,-23.649999999999636,stop,2012-11-05,43.0,107.4426,-4837.442599999928
09:26:00,10:40:00,1,7192.15,7168.5,-23.649999999999636,stop,2012-11-05,43.0,107.4426,-4837.442599999928
12:30:00,13:25:00,1,7218.0,7244.0,26.0,eod,2012-11-06,76.0,107.848,5092.152
09:18:00,11:01:00,1,7253.0,7200.2,-52.80000000000018,stop,2012-11-07,96.0,107.81280000000001,-10667.812800000036
11:01:00,12:19:00,-1,7200.2,7253.0,-52.80000000000018,stop,2012-11-07,96.0,107.81280000000001,-10667.812800000036
09:28:00,13:25:00,1,7166.0,7279.0,113.0,eod,2012-11-09,60.0,107.78,22492.22
09:07:00,13:25:00,-1,7194.0,7107.0,87.0,eod,2012-11-13,66.0,107.20400000000001,17292.796
09:08:00,09:23:00,-1,7058.5,7098.65,-40.149999999999636,stop,2012-11-15,73.0,106.6286,-8136.628599999927
09:23:00,13:25:00,1,7098.65,7133.0,34.350000000000364,eod,2012-11-15,73.0,106.92660000000001,6763.073400000073
09:22:00,10:28:00,1,7176.0,7110.0,-66.0,stop,2012-11-16,120.0,107.144,-13307.144
10:28:00,13:25:00,-1,7110.0,7104.0,6.0,eod,2012-11-16,120.0,106.856,1093.144
09:43:00,13:25:00,-1,7150.0,7144.0,6.0,eod,2012-11-20,48.0,107.176,1092.824
08:45:00,13:25:00,1,7140.0,7318.0,178.0,eod,2012-11-23,34.0,107.832,35492.168
09:01:00,09:41:00,-1,7384.0,7412.6,-28.600000000000364,stop,2012-11-27,52.0,109.1864,-5829.186400000072
09:41:00,11:35:00,1,7412.6,7384.0,-28.600000000000364,stop,2012-11-27,52.0,109.1864,-5829.186400000072
12:26:00,13:25:00,1,7434.5,7425.0,-9.5,eod,2012-11-28,55.0,109.438,-2009.438
09:18:00,13:25:00,1,7494.5,7529.0,34.5,eod,2012-11-29,49.0,110.094,6789.906
09:53:00,13:25:00,1,7572.0,7590.0,18.0,eod,2012-11-30,74.0,110.648,3489.352
09:21:00,12:18:00,1,7636.5,7591.95,-44.55000000000018,stop,2012-12-03,81.0,110.91380000000001,-9020.913800000037
12:18:00,13:25:00,-1,7591.95,7592.0,-0.0500000000001819,eod,2012-12-03,81.0,110.73580000000001,-120.73580000003639
10:09:00,13:25:00,1,7620.5,7651.0,30.5,eod,2012-12-05,55.0,111.086,5988.914
09:20:00,09:30:00,1,7683.0,7655.5,-27.5,stop,2012-12-07,50.0,111.354,-5611.354
09:30:00,10:20:00,-1,7655.5,7683.0,-27.5,stop,2012-12-07,50.0,111.354,-5611.354
09:27:00,13:25:00,-1,7655.5,7627.0,28.5,eod,2012-12-10,49.0,111.13,5588.87
09:48:00,13:25:00,-1,7596.0,7618.0,-22.0,eod,2012-12-11,86.0,110.856,-4510.856
09:23:00,13:25:00,1,7690.0,7692.0,2.0,eod,2012-12-12,66.0,111.52799999999999,288.472
11:29:00,13:25:00,1,7754.5,7764.0,9.5,eod,2012-12-13,73.0,112.074,1787.926
09:45:00,10:02:00,-1,7703.0,7741.5,-38.5,stop,2012-12-14,70.0,111.77799999999999,-7811.778
10:02:00,13:25:00,1,7741.5,7719.0,-22.5,eod,2012-12-14,70.0,111.842,-4611.842
09:16:00,13:25:00,-1,7667.0,7642.0,25.0,eod,2012-12-17,46.0,111.236,4888.764
08:46:00,13:25:00,-1,7604.5,7567.0,37.5,eod,2012-12-20,53.0,110.686,7389.314
09:18:00,13:25:00,-1,7526.5,7515.0,11.5,eod,2012-12-21,77.0,110.166,2189.834
09:10:00,13:25:00,1,7517.5,7521.0,3.5,eod,2012-12-24,35.0,110.154,589.846
11:27:00,13:25:00,1,7591.5,7660.0,68.5,eod,2012-12-25,73.0,111.006,13588.994
09:20:00,13:25:00,1,7633.0,7627.0,-6.0,eod,2012-12-27,62.0,111.03999999999999,-1311.04
08:57:00,13:25:00,1,7691.0,7692.0,1.0,eod,2012-12-28,82.0,111.53200000000001,88.46799999999999
09:54:00,13:25:00,1,7750.5,7774.0,23.5,eod,2013-01-02,61.0,112.098,4587.902
09:00:00,13:25:00,-1,7783.5,7766.0,17.5,eod,2013-01-04,33.0,112.19800000000001,3387.802
08:50:00,09:25:00,1,7772.0,7740.1,-31.899999999999636,stop,2013-01-07,58.0,112.0484,-6492.048399999927
09:25:00,13:25:00,-1,7740.1,7738.0,2.100000000000364,eod,2013-01-07,58.0,111.9124,308.08760000007277
09:27:00,13:25:00,-1,7695.0,7694.0,1.0,eod,2013-01-08,74.0,111.55600000000001,88.44399999999999
09:14:00,13:25:00,1,7723.0,7749.0,26.0,eod,2013-01-09,74.0,111.888,5088.112
09:08:00,13:25:00,1,7808.0,7823.0,15.0,eod,2013-01-10,92.0,112.524,2887.476
09:41:00,13:25:00,-1,7819.5,7810.0,9.5,eod,2013-01-11,87.0,112.518,1787.482
08:45:00,09:06:00,1,7765.5,7726.45,-39.05000000000018,stop,2013-01-14,71.0,111.96780000000001,-7921.967800000037
09:06:00,10:55:00,-1,7726.45,7765.5,-39.05000000000018,stop,2013-01-14,71.0,111.96780000000001,-7921.967800000037
11:22:00,13:25:00,-1,7738.5,7752.0,-13.5,eod,2013-01-15,123.0,111.962,-2811.962
09:00:00,11:20:00,1,7739.5,7698.25,-41.25,stop,2013-01-17,75.0,111.751,-8361.751
11:20:00,13:25:00,-1,7698.25,7600.0,98.25,eod,2013-01-17,75.0,111.193,19538.807
09:09:00,09:56:00,-1,7654.5,7685.85,-31.350000000000364,stop,2013-01-21,57.0,111.3614,-6381.3614000000725
09:56:00,13:25:00,1,7685.85,7705.0,19.149999999999636,eod,2013-01-21,57.0,111.5634,3718.4365999999272
09:34:00,10:40:00,-1,7676.5,7726.55,-50.05000000000018,stop,2013-01-22,91.0,111.6122,-10121.612200000036
10:40:00,13:25:00,1,7726.55,7744.0,17.449999999999818,eod,2013-01-22,91.0,111.8822,3378.1177999999636
10:53:00,13:25:00,-1,7730.5,7727.0,3.5,eod,2013-01-23,93.0,111.83,588.17
09:20:00,10:02:00,-1,7651.0,7691.7,-40.69999999999982,stop,2013-01-24,74.0,111.3708,-8251.370799999964
10:02:00,13:25:00,1,7691.7,7671.0,-20.699999999999818,eod,2013-01-24,74.0,111.4508,-4251.450799999963
08:57:00,13:25:00,1,7658.0,7706.0,48.0,eod,2013-01-28,76.0,111.456,9488.544
13:24:00,13:25:00,1,7814.5,7814.0,-0.5,eod,2013-01-29,111.0,112.51400000000001,-212.514
09:45:00,12:01:00,-1,7781.0,7818.4,-37.399999999999636,stop,2013-01-31,68.0,112.3976,-7592.3975999999275
12:01:00,13:25:00,1,7818.4,7822.0,3.600000000000364,eod,2013-01-31,68.0,112.5616,607.4384000000728
10:01:00,10:02:00,1,7895.0,7855.4,-39.600000000000364,stop,2013-02-01,72.0,113.0016,-8033.001600000072
10:02:00,13:25:00,-1,7855.4,7866.0,-10.600000000000364,eod,2013-02-01,72.0,112.8856,-2232.885600000073
09:28:00,13:25:00,1,7916.0,7929.0,13.0,eod,2013-02-04,76.0,113.38,2486.62
09:00:00,13:06:00,1,7938.5,7913.75,-24.75,stop,2013-02-06,45.0,113.40899999999999,-5063.409
13:06:00,13:25:00,-1,7913.75,7918.0,-4.25,eod,2013-02-06,45.0,113.327,-963.327
09:51:00,13:25:00,-1,7936.5,7954.0,-17.5,eod,2013-02-18,61.0,113.56200000000001,-3613.562
11:22:00,13:25:00,-1,7964.5,7969.0,-4.5,eod,2013-02-21,45.0,113.73400000000001,-1013.734
08:50:00,09:11:00,1,7964.0,7936.5,-27.5,stop,2013-02-22,50.0,113.602,-5613.602
09:11:00,11:53:00,-1,7936.5,7964.0,-27.5,stop,2013-02-22,50.0,113.602,-5613.602
08:47:00,13:25:00,-1,7973.0,7956.0,17.0,eod,2013-02-25,24.0,113.71600000000001,3286.284
09:00:00,10:02:00,-1,7864.5,7895.85,-31.350000000000364,stop,2013-02-26,57.0,113.04140000000001,-6383.041400000073
10:02:00,13:25:00,1,7895.85,7877.0,-18.850000000000364,eod,2013-02-26,57.0,113.0914,-3883.0914000000726
09:06:00,13:25:00,-1,7878.0,7886.0,-8.0,eod,2013-02-27,58.0,113.05600000000001,-1713.056
08:50:00,13:25:00,-1,7921.5,7934.0,-12.5,eod,2013-03-01,47.0,113.422,-2613.422
08:46:00,13:25:00,-1,7920.0,7846.0,74.0,eod,2013-03-04,30.0,113.064,14686.936
12:45:00,13:25:00,1,7922.0,7914.0,-8.0,eod,2013-03-05,110.0,113.344,-1713.344
09:42:00,13:25:00,-1,7945.5,7948.0,-2.5,eod,2013-03-06,69.0,113.574,-613.574
09:13:00,13:25:00,1,7964.5,7949.0,-15.5,eod,2013-03-07,63.0,113.654,-3213.654
09:13:00,13:25:00,1,7998.5,8011.0,12.5,eod,2013-03-08,61.0,114.038,2385.962
12:16:00,13:25:00,1,8043.5,8049.0,5.5,eod,2013-03-11,67.0,114.37,985.63
12:36:00,13:25:00,-1,8002.5,7997.0,5.5,eod,2013-03-12,75.0,113.998,986.002
11:07:00,12:17:00,-1,7962.5,8003.75,-41.25,stop,2013-03-13,75.0,113.86500000000001,-8363.865
12:17:00,13:25:00,1,8003.75,7988.0,-15.75,eod,2013-03-13,75.0,113.967,-3263.967
09:23:00,13:25:00,-1,7955.0,7964.0,-9.0,eod,2013-03-14,84.0,113.676,-1913.676
09:45:00,13:25:00,-1,7941.0,7937.0,4.0,eod,2013-03-15,56.0,113.512,686.488
10:41:00,13:25:00,-1,7817.0,7795.0,22.0,eod,2013-03-18,80.0,112.44800000000001,4287.552
09:08:00,13:25:00,1,7797.5,7793.0,-4.5,eod,2013-03-22,35.0,112.362,-1012.362
09:59:00,12:36:00,-1,7825.5,7846.95,-21.449999999999818,stop,2013-03-26,39.0,112.6898,-4402.689799999964
12:36:00,13:25:00,1,7846.95,7835.0,-11.949999999999818,eod,2013-03-26,39.0,112.7278,-2502.7277999999637
09:06:00,09:18:00,-1,7828.0,7842.3,-14.300000000000182,stop,2013-03-27,26.0,112.68119999999999,-2972.6812000000364
09:18:00,13:25:00,1,7842.3,7857.0,14.699999999999818,eod,2013-03-27,26.0,112.7972,2827.2027999999636
09:52:00,13:25:00,-1,7834.5,7833.0,1.5,eod,2013-03-28,49.0,112.67,187.32999999999998
12:27:00,13:25:00,1,7911.5,7926.0,14.5,eod,2013-03-29,55.0,113.35,2786.65
09:02:00,09:41:00,-1,7889.5,7908.75,-19.25,stop,2013-04-02,35.0,113.193,-3963.193
09:41:00,13:21:00,1,7908.75,7889.5,-19.25,stop,2013-04-02,35.0,113.193,-3963.193
09:15:00,13:25:00,-1,7918.0,7928.0,-10.0,eod,2013-04-03,52.0,113.384,-2113.384
09:02:00,13:25:00,-1,7837.5,7742.0,95.5,eod,2013-04-08,43.0,112.318,18987.682
08:58:00,09:53:00,-1,7760.0,7777.6,-17.600000000000364,stop,2013-04-11,32.0,112.1504,-3632.1504000000728
09:53:00,13:25:00,1,7777.6,7807.0,29.399999999999636,eod,2013-04-11,32.0,112.33840000000001,5767.661599999928
12:53:00,13:25:00,-1,7789.0,7793.0,-4.0,eod,2013-04-12,66.0,112.328,-912.328
09:00:00,11:22:00,1,7787.5,7760.55,-26.949999999999818,stop,2013-04-15,49.0,112.1922,-5502.192199999964
11:22:00,13:25:00,-1,7760.55,7748.0,12.550000000000182,eod,2013-04-15,49.0,112.0342,2397.9658000000363
11:47:00,13:25:00,1,7753.5,7768.0,14.5,eod,2013-04-16,87.0,112.086,2787.914
09:14:00,13:25:00,1,7732.0,7745.0,13.0,eod,2013-04-18,34.0,111.908,2488.092
09:00:00,13:25:00,1,7821.5,7931.0,109.5,eod,2013-04-19,75.0,113.00999999999999,21786.99
09:43:00,13:25:00,-1,7923.0,7920.0,3.0,eod,2013-04-23,38.0,113.372,486.628
11:15:00,13:25:00,1,7994.5,7999.0,4.5,eod,2013-04-24,55.0,113.974,786.026
11:25:00,13:25:00,1,8009.0,7993.0,-16.0,eod,2013-04-25,66.0,114.008,-3314.008
09:06:00,13:25:00,1,8029.5,8015.0,-14.5,eod,2013-04-26,39.0,114.178,-3014.178
08:47:00,13:25:00,1,8087.5,8096.0,8.5,eod,2013-04-30,41.0,114.734,1585.266
10:19:00,13:25:00,1,8113.0,8120.0,7.0,eod,2013-05-02,60.0,114.932,1285.068
08:47:00,11:53:00,1,8161.0,8136.8,-24.199999999999818,stop,2013-05-03,44.0,115.1912,-4955.191199999964
11:53:00,13:25:00,-1,8136.8,8131.0,5.800000000000182,eod,2013-05-03,44.0,115.0712,1044.9288000000363
09:27:00,13:25:00,-1,8172.5,8165.0,7.5,eod,2013-05-06,55.0,115.35,1384.65
09:21:00,12:03:00,-1,8152.5,8182.75,-30.25,stop,2013-05-07,55.0,115.34100000000001,-6165.341
12:03:00,13:25:00,1,8182.75,8176.0,-6.75,eod,2013-05-07,55.0,115.435,-1465.435
09:00:00,13:25:00,1,8206.5,8275.0,68.5,eod,2013-05-08,37.0,115.926,13584.074
08:48:00,13:25:00,-1,8295.0,8255.0,40.0,eod,2013-05-13,32.0,116.2,7883.8
08:46:00,13:25:00,1,8350.5,8416.0,65.5,eod,2013-05-16,51.0,117.066,12982.934
08:47:00,13:25:00,-1,8379.5,8382.0,-2.5,eod,2013-05-20,37.0,117.046,-617.046
09:54:00,11:06:00,1,8410.0,8377.0,-33.0,stop,2013-05-21,60.0,117.148,-6717.148
11:06:00,13:25:00,-1,8377.0,8386.0,-9.0,eod,2013-05-21,60.0,117.052,-1917.052
12:02:00,13:25:00,-1,8393.0,8408.0,-15.0,eod,2013-05-22,84.0,117.20400000000001,-3117.204
09:57:00,13:25:00,-1,8308.5,8230.0,78.5,eod,2013-05-23,57.0,116.154,15583.846
12:37:00,13:25:00,-1,8165.5,8198.0,-32.5,eod,2013-05-24,145.0,115.45400000000001,-6615.454
10:22:00,13:25:00,1,8235.0,8259.0,24.0,eod,2013-05-27,102.0,115.976,4684.024
08:55:00,13:25:00,1,8276.0,8327.0,51.0,eod,2013-05-29,38.0,116.412,10083.588
11:10:00,13:25:00,-1,8254.5,8246.0,8.5,eod,2013-05-30,99.0,116.002,1583.998
08:56:00,09:28:00,1,8327.0,8272.0,-55.0,stop,2013-05-31,100.0,116.396,-11116.396
09:28:00,13:25:00,-1,8272.0,8242.0,30.0,eod,2013-05-31,100.0,116.056,5883.944
09:25:00,13:25:00,1,8158.0,8196.0,38.0,eod,2013-06-03,116.0,115.416,7484.584
10:00:00,13:25:00,-1,8166.5,8165.0,1.5,eod,2013-06-04,113.0,115.32600000000001,184.67399999999998
09:59:00,13:25:00,1,8169.0,8154.0,-15.0,eod,2013-06-05,78.0,115.292,-3115.292
09:40:00,13:25:00,-1,8062.0,8081.0,-19.0,eod,2013-06-06,72.0,114.572,-3914.572
10:29:00,13:25:00,1,8172.5,8144.0,-28.5,eod,2013-06-10,61.0,115.266,-5815.266
09:05:00,13:25:00,-1,8025.0,7951.0,74.0,eod,2013-06-13,50.0,113.904,14686.096
11:20:00,13:25:00,-1,7921.0,7921.0,-0.0,eod,2013-06-14,124.0,113.368,-113.368
09:32:00,13:25:00,1,7963.0,7970.0,7.0,eod,2013-06-17,80.0,113.732,1286.268
09:45:00,10:45:00,-1,7940.0,7974.1,-34.100000000000364,stop,2013-06-18,62.0,113.6564,-6933.656400000073
10:45:00,13:25:00,1,7974.1,7999.0,24.899999999999636,eod,2013-06-18,62.0,113.89240000000001,4866.1075999999275
09:45:00,13:25:00,-1,7767.5,7745.0,22.5,eod,2013-06-20,55.0,112.05000000000001,4387.95
09:40:00,13:25:00,1,7640.0,7662.0,22.0,eod,2013-06-21,80.0,111.208,4288.792
08:58:00,09:26:00,1,7643.5,7609.95,-33.55000000000018,stop,2013-06-25,61.0,111.0138,-6821.013800000036
09:26:00,09:35:00,-1,7609.95,7643.5,-33.55000000000018,stop,2013-06-25,61.0,111.0138,-6821.013800000036
09:19:00,10:09:00,-1,7732.0,7757.3,-25.300000000000182,stop,2013-06-28,46.0,111.9572,-5171.957200000036
10:09:00,13:25:00,1,7757.3,7793.0,35.69999999999982,eod,2013-06-28,46.0,112.2012,7027.798799999963
10:18:00,13:25:00,1,7883.5,7907.0,23.5,eod,2013-07-01,131.0,113.162,4586.838
09:20:00,13:25:00,-1,7864.0,7815.0,49.0,eod,2013-07-03,40.0,112.71600000000001,9687.284
09:21:00,13:25:00,1,7916.0,7968.0,52.0,eod,2013-07-05,62.0,113.536,10286.464
09:34:00,13:25:00,-1,7901.0,7832.0,69.0,eod,2013-07-08,108.0,112.932,13687.068
09:48:00,13:25:00,1,7902.0,7923.0,21.0,eod,2013-07-09,144.0,113.30000000000001,4086.7
09:13:00,12:58:00,1,7992.0,7932.6,-59.399999999999636,stop,2013-07-10,108.0,113.69839999999999,-11993.698399999927
12:58:00,13:25:00,-1,7932.6,7933.0,-0.3999999999996362,eod,2013-07-10,108.0,113.4624,-193.46239999992724
11:44:00,13:25:00,1,8155.0,8145.0,-10.0,eod,2013-07-11,96.0,115.2,-2115.2
09:10:00,13:25:00,1,8166.0,8199.0,33.0,eod,2013-07-15,50.0,115.46000000000001,6484.54
09:24:00,13:25:00,-1,8129.0,8112.0,17.0,eod,2013-07-18,58.0,114.964,3285.036
09:12:00,13:25:00,-1,8018.5,7975.0,43.5,eod,2013-07-19,81.0,113.974,8586.026
09:05:00,13:25:00,1,8034.0,8027.0,-7.0,eod,2013-07-22,120.0,114.244,-1514.244
09:52:00,13:25:00,-1,8100.5,8127.0,-26.5,eod,2013-07-24,83.0,114.91,-5414.91
09:01:00,09:24:00,-1,8076.0,8102.4,-26.399999999999636,stop,2013-07-25,48.0,114.7136,-5394.713599999927
09:24:00,13:25:00,1,8102.4,8115.0,12.600000000000364,eod,2013-07-25,48.0,114.8696,2405.1304000000728
09:05:00,09:39:00,1,8160.0,8103.9,-56.100000000000364,stop,2013-07-26,102.0,115.0556,-11335.055600000072
09:39:00,13:25:00,-1,8103.9,8100.0,3.899999999999636,eod,2013-07-26,102.0,114.8156,665.1843999999272
12:28:00,13:25:00,-1,8034.5,8040.0,-5.5,eod,2013-07-29,95.0,114.298,-1214.298
10:25:00,13:25:00,1,8105.5,8123.0,17.5,eod,2013-07-30,91.0,114.914,3385.086
10:45:00,13:25:00,-1,8076.0,8079.0,-3.0,eod,2013-07-31,88.0,114.62,-714.62
09:21:00,09:29:00,-1,8005.5,8053.35,-47.850000000000364,stop,2013-08-01,87.0,114.2354,-9684.235400000072
09:29:00,13:25:00,1,8053.35,8038.0,-15.350000000000364,eod,2013-08-01,87.0,114.36540000000001,-3184.365400000073
09:14:00,10:31:00,1,8138.0,8094.0,-44.0,stop,2013-08-02,80.0,114.928,-8914.928
10:31:00,13:25:00,-1,8094.0,8066.0,28.0,eod,2013-08-02,80.0,114.64,5485.36
09:03:00,10:37:00,-1,8023.0,8076.9,-53.899999999999636,stop,2013-08-05,98.0,114.3996,-10894.399599999928
10:37:00,13:25:00,1,8076.9,8101.0,24.100000000000364,eod,2013-08-05,98.0,114.7116,4705.288400000073
09:41:00,13:25:00,-1,8016.0,7995.0,21.0,eod,2013-08-06,86.0,114.044,4085.956
09:08:00,09:16:00,-1,7823.5,7850.45,-26.949999999999818,stop,2013-08-09,49.0,112.6958,-5502.695799999964
09:16:00,11:30:00,1,7850.45,7823.5,-26.949999999999818,stop,2013-08-09,49.0,112.6958,-5502.695799999964
09:00:00,13:25:00,1,7925.0,7951.0,26.0,eod,2013-08-13,62.0,113.50399999999999,5086.496
09:08:00,13:25:00,-1,7923.0,7919.0,4.0,eod,2013-08-14,72.0,113.368,686.6320000000001
09:05:00,09:48:00,-1,7807.0,7846.6,-39.600000000000364,stop,2013-08-15,72.0,112.6144,-8032.614400000073
09:48:00,13:25:00,1,7846.6,7858.0,11.399999999999636,eod,2013-08-15,72.0,112.8184,2167.181599999927
09:12:00,13:25:00,1,7845.5,7908.0,62.5,eod,2013-08-16,73.0,113.01400000000001,12386.986
09:15:00,11:28:00,1,7874.0,7847.6,-26.399999999999636,stop,2013-08-20,48.0,112.88640000000001,-5392.886399999928
11:28:00,13:25:00,-1,7847.6,7820.0,27.600000000000364,eod,2013-08-20,48.0,112.6704,5407.329600000073
10:05:00,13:25:00,1,7713.0,7713.0,0.0,eod,2013-08-22,120.0,111.70400000000001,-111.70400000000001
09:45:00,13:25:00,1,7807.0,7797.0,-10.0,eod,2013-08-23,94.0,112.416,-2112.416
12:22:00,13:25:00,-1,7773.5,7758.0,15.5,eod,2013-08-27,57.0,112.126,2987.874
09:03:00,13:25:00,1,7734.5,7771.0,36.5,eod,2013-08-28,71.0,112.02199999999999,7187.978
09:28:00,13:25:00,1,7849.5,7878.0,28.5,eod,2013-08-29,103.0,112.91,5587.09
11:36:00,13:25:00,1,8015.5,8016.0,0.5,eod,2013-09-02,103.0,114.126,-14.126000000000005
08:59:00,09:28:00,1,8072.5,8034.55,-37.94999999999982,stop,2013-09-03,69.0,114.4282,-7704.428199999964
09:28:00,13:25:00,-1,8034.55,8057.0,-22.449999999999818,eod,2013-09-03,69.0,114.36619999999999,-4604.366199999964
12:36:00,13:25:00,1,8055.0,8064.0,9.0,eod,2013-09-04,54.0,114.476,1685.524
11:19:00,13:25:00,1,8125.5,8127.0,1.5,eod,2013-09-05,69.0,115.01,184.99
08:50:00,09:04:00,1,8166.5,8148.35,-18.149999999999636,stop,2013-09-09,33.0,115.2594,-3745.259399999927
09:04:00,11:13:00,-1,8148.35,8166.5,-18.149999999999636,stop,2013-09-09,33.0,115.2594,-3745.259399999927
11:23:00,13:25:00,-1,8144.5,8157.0,-12.5,eod,2013-09-10,89.0,115.206,-2615.206
09:01:00,13:25:00,-1,8157.0,8186.0,-29.0,eod,2013-09-11,84.0,115.372,-5915.372
10:15:00,13:25:00,-1,8171.5,8167.0,4.5,eod,2013-09-13,53.0,115.354,784.646
09:12:00,09:22:00,-1,8198.5,8215.55,-17.049999999999272,stop,2013-09-16,31.0,115.6562,-3525.6561999998544
09:22:00,13:25:00,1,8215.55,8248.0,32.45000000000073,eod,2013-09-16,31.0,115.85419999999999,6374.145800000146
09:26:00,13:25:00,1,8226.5,8255.0,28.5,eod,2013-09-23,83.0,115.926,5584.074
09:34:00,09:52:00,-1,8224.0,8252.6,-28.600000000000364,stop,2013-09-25,52.0,115.90639999999999,-5835.906400000073
09:52:00,13:25:00,1,8252.6,8239.0,-13.600000000000364,eod,2013-09-25,52.0,115.9664,-2835.9664000000726
08:50:00,09:40:00,1,8238.0,8218.2,-19.799999999999272,stop,2013-09-26,36.0,115.82480000000001,-4075.8247999998543
09:40:00,13:25:00,-1,8218.2,8179.0,39.20000000000073,eod,2013-09-26,36.0,115.5888,7724.411200000145
09:44:00,09:48:00,1,8129.5,8112.45,-17.050000000000182,stop,2013-09-30,31.0,114.96780000000001,-3524.9678000000363
09:48:00,10:35:00,-1,8112.45,8129.5,-17.050000000000182,stop,2013-09-30,31.0,114.96780000000001,-3524.9678000000363
10:01:00,13:25:00,-1,8166.5,8169.0,-2.5,eod,2013-10-02,37.0,115.342,-615.342
08:46:00,13:25:00,1,8189.5,8362.0,172.5,eod,2013-10-03,35.0,116.206,34383.794
08:49:00,13:25:00,-1,8343.0,8321.0,22.0,eod,2013-10-07,48.0,116.656,4283.344
10:34:00,13:25:00,1,8339.0,8380.0,41.0,eod,2013-10-08,74.0,116.876,8083.124
09:55:00,13:25:00,1,8370.0,8339.0,-31.0,eod,2013-10-09,92.0,116.836,-6316.836
09:18:00,13:25:00,-1,8410.0,8367.0,43.0,eod,2013-10-11,58.0,117.108,8482.892
09:23:00,13:25:00,-1,8297.5,8295.0,2.5,eod,2013-10-14,95.0,116.37,383.63
09:01:00,09:11:00,1,8402.0,8377.8,-24.200000000000728,stop,2013-10-17,44.0,117.11919999999999,-4957.119200000146
09:11:00,13:25:00,-1,8377.8,8362.0,15.799999999999272,eod,2013-10-17,44.0,116.9592,3043.0407999998547
12:26:00,13:25:00,1,8415.0,8418.0,3.0,eod,2013-10-18,66.0,117.33200000000001,482.668
09:12:00,13:25:00,-1,8413.0,8405.0,8.0,eod,2013-10-21,56.0,117.272,1482.728
10:50:00,13:25:00,1,8403.0,8413.0,10.0,eod,2013-10-22,52.0,117.264,1882.736
09:37:00,13:25:00,-1,8400.5,8351.0,49.5,eod,2013-10-23,71.0,117.006,9782.994
10:22:00,13:25:00,-1,8316.0,8322.0,-6.0,eod,2013-10-25,74.0,116.552,-1316.552
09:44:00,13:25:00,1,8357.5,8382.0,24.5,eod,2013-10-28,75.0,116.958,4783.042
09:44:00,13:25:00,1,8407.0,8410.0,3.0,eod,2013-10-29,90.0,117.268,482.73199999999997
11:15:00,13:25:00,1,8449.5,8430.0,-19.5,eod,2013-10-31,55.0,117.518,-4017.518
09:34:00,13:25:00,-1,8428.5,8379.0,49.5,eod,2013-11-01,57.0,117.23,9782.77
09:35:00,13:25:00,-1,8298.0,8274.0,24.0,eod,2013-11-05,56.0,116.288,4683.712
09:55:00,13:25:00,-1,8232.0,8269.0,-37.0,eod,2013-11-06,98.0,116.004,-7516.004
11:09:00,13:25:00,-1,8237.5,8255.0,-17.5,eod,2013-11-07,57.0,115.97,-3615.97
09:47:00,12:49:00,1,8257.5,8227.25,-30.25,stop,2013-11-08,55.0,115.93900000000001,-6165.939
12:49:00,13:25:00,-1,8227.25,8225.0,2.25,eod,2013-11-08,55.0,115.809,334.19100000000003
09:30:00,09:38:00,-1,8201.0,8232.9,-31.899999999999636,stop,2013-11-11,58.0,115.7356,-6495.735599999927
09:38:00,10:03:00,1,8232.9,8201.0,-31.899999999999636,stop,2013-11-11,58.0,115.7356,-6495.735599999927
12:12:00,13:25:00,-1,8196.5,8220.0,-23.5,eod,2013-11-12,57.0,115.666,-4815.666
10:04:00,13:25:00,-1,8148.5,8111.0,37.5,eod,2013-11-13,75.0,115.038,7384.962
09:48:00,10:56:00,-1,8097.0,8147.6,-50.600000000000364,stop,2013-11-14,92.0,114.97840000000001,-10234.978400000073
10:56:00,13:25:00,1,8147.6,8133.0,-14.600000000000364,eod,2013-11-14,92.0,115.1224,-3035.122400000073
10:46:00,13:15:00,1,8213.0,8173.4,-39.600000000000364,stop,2013-11-15,72.0,115.54560000000001,-8035.545600000073
13:15:00,13:25:00,-1,8173.4,8179.0,-5.600000000000364,eod,2013-11-15,72.0,115.4096,-1235.4096000000727
11:51:00,13:25:00,1,8246.5,8252.0,5.5,eod,2013-11-19,45.0,115.994,984.006
09:03:00,13:25:00,-1,8146.5,8074.0,72.5,eod,2013-11-21,39.0,114.882,14385.118
08:46:00,13:25:00,1,8162.0,8197.0,35.0,eod,2013-11-25,34.0,115.436,6884.564
09:43:00,13:25:00,1,8204.0,8266.0,62.0,eod,2013-11-26,76.0,115.88,12284.12
11:12:00,13:25:00,1,8297.5,8293.0,-4.5,eod,2013-11-27,123.0,116.362,-1016.362
10:10:00,13:25:00,1,8384.0,8376.0,-8.0,eod,2013-11-28,68.0,117.04,-1717.04
09:35:00,13:25:00,1,8402.0,8419.0,17.0,eod,2013-11-29,54.0,117.284,3282.716
09:33:00,09:55:00,-1,8403.0,8433.8,-30.799999999999272,stop,2013-12-02,56.0,117.3472,-6277.347199999855
09:55:00,11:02:00,1,8433.8,8403.0,-30.799999999999272,stop,2013-12-02,56.0,117.3472,-6277.347199999855
12:27:00,13:25:00,1,8420.0,8419.0,-1.0,eod,2013-12-03,56.0,117.356,-317.356
09:03:00,13:25:00,1,8398.0,8432.0,34.0,eod,2013-12-04,46.0,117.32000000000001,6682.68
10:43:00,13:25:00,-1,8384.5,8379.0,5.5,eod,2013-12-05,77.0,117.054,982.946
09:25:00,13:04:00,1,8482.5,8452.25,-30.25,stop,2013-12-09,55.0,117.739,-6167.739
13:04:00,13:25:00,-1,8452.25,8454.0,-1.75,eod,2013-12-09,55.0,117.625,-467.625
09:24:00,13:25:00,1,8456.0,8452.0,-4.0,eod,2013-12-10,50.0,117.632,-917.6320000000001
08:53:00,10:20:00,1,8473.5,8456.45,-17.049999999999272,stop,2013-12-11,31.0,117.7198,-3527.7197999998543
10:20:00,13:25:00,-1,8456.45,8430.0,26.450000000000728,eod,2013-12-11,31.0,117.5458,5172.454200000146
09:18:00,13:25:00,1,8383.0,8390.0,7.0,eod,2013-12-13,48.0,117.092,1282.908
09:06:00,13:25:00,-1,8349.0,8337.0,12.0,eod,2013-12-16,52.0,116.744,2283.256
08:55:00,10:40:00,1,8410.5,8390.15,-20.350000000000364,stop,2013-12-19,37.0,117.2026,-4187.202600000072
10:40:00,13:25:00,-1,8390.15,8391.0,-0.8500000000003638,eod,2013-12-19,37.0,117.1246,-287.12460000007275
10:19:00,13:25:00,1,8421.0,8417.0,-4.0,eod,2013-12-20,60.0,117.352,-917.352
09:03:00,13:25:00,1,8472.0,8477.0,5.0,eod,2013-12-23,46.0,117.796,882.204
08:50:00,13:25:00,-1,8502.0,8501.0,1.0,eod,2013-12-26,16.0,118.012,81.988
09:23:00,13:25:00,1,8511.5,8540.0,28.5,eod,2013-12-27,31.0,118.206,5581.794
09:08:00,13:25:00,1,8579.0,8623.0,44.0,eod,2013-12-30,60.0,118.808,8681.192
08:48:00,13:25:00,-1,8623.0,8616.0,7.0,eod,2014-01-02,42.0,118.956,1281.044
09:42:00,13:25:00,-1,8563.0,8543.0,20.0,eod,2014-01-03,64.0,118.424,3881.576
09:52:00,11:40:00,-1,8505.5,8542.35,-36.850000000000364,stop,2014-01-06,67.0,118.1914,-7488.1914000000725
11:40:00,13:25:00,1,8542.35,8523.0,-19.350000000000364,eod,2014-01-06,67.0,118.2614,-3988.2614000000726
09:36:00,13:25:00,1,8557.0,8558.0,1.0,eod,2014-01-07,58.0,118.46000000000001,81.53999999999999
09:12:00,13:25:00,1,8581.0,8581.0,0.0,eod,2014-01-08,50.0,118.648,-118.648
08:50:00,09:15:00,-1,8540.5,8567.45,-26.950000000000728,stop,2014-01-09,49.0,118.43180000000001,-5508.431800000146
09:15:00,12:02:00,1,8567.45,8540.5,-26.950000000000728,stop,2014-01-09,49.0,118.43180000000001,-5508.431800000146
08:45:00,10:10:00,-1,8582.0,8599.6,-17.600000000000364,stop,2014-01-13,32.0,118.7264,-3638.7264000000728
10:10:00,10:15:00,1,8599.6,8582.0,-17.600000000000364,stop,2014-01-13,32.0,118.7264,-3638.7264000000728
12:55:00,13:25:00,-1,8621.0,8615.0,6.0,eod,2014-01-16,58.0,118.944,1081.056
09:45:00,12:38:00,-1,8584.0,8612.6,-28.600000000000364,stop,2014-01-17,52.0,118.7864,-5838.786400000073
12:38:00,13:25:00,1,8612.6,8604.0,-8.600000000000364,eod,2014-01-17,52.0,118.8664,-1838.8664000000726
09:38:00,13:25:00,1,8609.0,8627.0,18.0,eod,2014-01-20,48.0,118.944,3481.056
09:11:00,13:25:00,1,8613.0,8626.0,13.0,eod,2014-01-22,36.0,118.956,2481.044
09:45:00,13:25:00,-1,8620.5,8599.0,21.5,eod,2014-01-23,51.0,118.878,4181.122
09:11:00,13:25:00,1,8601.5,8608.0,6.5,eod,2014-01-24,63.0,118.83800000000001,1181.162
09:09:00,13:25:00,-1,8471.0,8469.0,2.0,eod,2014-01-27,78.0,117.76,282.24
10:34:00,13:25:00,-1,8251.0,8237.0,14.0,eod,2014-02-05,102.0,115.952,2684.048
09:50:00,13:25:00,1,8349.5,8345.0,-4.5,eod,2014-02-07,45.0,116.778,-1016.778
09:28:00,13:25:00,1,8379.0,8405.0,26.0,eod,2014-02-11,50.0,117.136,5082.864
11:18:00,13:25:00,1,8481.5,8488.0,6.5,eod,2014-02-12,69.0,117.878,1182.122
09:05:00,13:25:00,-1,8465.5,8454.0,11.5,eod,2014-02-13,59.0,117.678,2182.322
08:55:00,13:25:00,1,8522.0,8504.0,-18.0,eod,2014-02-14,52.0,118.104,-3718.104
09:37:00,11:48:00,-1,8508.5,8532.15,-23.649999999999636,stop,2014-02-18,43.0,118.16260000000001,-4848.162599999927
11:48:00,13:25:00,1,8532.15,8546.0,13.850000000000364,eod,2014-02-18,43.0,118.3126,2651.6874000000726
09:05:00,09:33:00,-1,8515.5,8531.45,-15.950000000000728,stop,2014-02-20,29.0,118.18780000000001,-3308.1878000001457
09:33:00,09:51:00,1,8531.45,8515.5,-15.950000000000728,stop,2014-02-20,29.0,118.18780000000001,-3308.1878000001457
09:00:00,13:25:00,1,8587.5,8587.0,-0.5,eod,2014-02-21,65.0,118.69800000000001,-218.698
09:46:00,13:25:00,-1,8569.5,8543.0,26.5,eod,2014-02-24,43.0,118.45,5181.55
10:02:00,13:25:00,-1,8567.5,8576.0,-8.5,eod,2014-02-25,71.0,118.574,-1818.574
09:21:00,13:25:00,1,8586.5,8613.0,26.5,eod,2014-02-26,43.0,118.798,5181.202
08:46:00,12:02:00,-1,8544.5,8560.45,-15.950000000000728,stop,2014-03-03,29.0,118.41980000000001,-3308.4198000001456
12:02:00,13:25:00,1,8560.45,8558.0,-2.4500000000007276,eod,2014-03-03,29.0,118.47380000000001,-608.4738000001455
09:08:00,13:25:00,-1,8618.5,8624.0,-5.5,eod,2014-03-05,43.0,118.97,-1218.97
09:02:00,13:25:00,1,8641.5,8702.0,60.5,eod,2014-03-06,37.0,119.374,11980.626
12:23:00,13:25:00,-1,8685.0,8697.0,-12.0,eod,2014-03-07,90.0,119.528,-2519.528
08:50:00,09:29:00,1,8710.0,8688.0,-22.0,stop,2014-03-11,40.0,119.592,-4519.592
09:29:00,10:05:00,-1,8688.0,8710.0,-22.0,stop,2014-03-11,40.0,119.592,-4519.592
09:00:00,13:25:00,1,8716.0,8737.0,21.0,eod,2014-03-13,28.0,119.812,4080.188
09:03:00,13:25:00,-1,8688.0,8687.0,1.0,eod,2014-03-17,30.0,119.5,80.5
09:33:00,13:25:00,-1,8715.0,8736.0,-21.0,eod,2014-03-18,60.0,119.804,-4319.804
08:47:00,13:25:00,-1,8607.5,8578.0,29.5,eod,2014-03-20,61.0,118.742,5781.258
08:45:00,09:13:00,1,8570.0,8548.0,-22.0,stop,2014-03-24,40.0,118.47200000000001,-4518.472
09:13:00,10:07:00,-1,8548.0,8570.0,-22.0,stop,2014-03-24,40.0,118.47200000000001,-4518.472
10:00:00,13:25:00,1,8630.0,8654.0,24.0,eod,2014-03-25,82.0,119.136,4680.864
09:02:00,10:16:00,1,8725.0,8703.0,-22.0,stop,2014-03-27,40.0,119.712,-4519.712
10:16:00,12:06:00,-1,8703.0,8725.0,-22.0,stop,2014-03-27,40.0,119.712,-4519.712
08:51:00,13:25:00,-1,8755.5,8769.0,-13.5,eod,2014-03-31,47.0,120.098,-2820.098
09:19:00,13:25:00,1,8810.0,8821.0,11.0,eod,2014-04-01,60.0,120.524,2079.476
09:17:00,13:25:00,1,8880.0,8869.0,-11.0,eod,2014-04-02,60.0,120.996,-2320.996
09:08:00,13:25:00,1,8827.5,8850.0,22.5,eod,2014-04-07,33.0,120.71000000000001,4379.29
13:16:00,13:25:00,1,8882.0,8881.0,-1.0,eod,2014-04-08,58.0,121.052,-321.052
09:42:00,13:25:00,-1,8916.5,8898.0,18.5,eod,2014-04-10,25.0,121.258,3578.742
09:32:00,11:28:00,1,8886.5,8846.35,-40.149999999999636,stop,2014-04-11,73.0,120.9314,-8150.931399999928
11:28:00,13:25:00,-1,8846.35,8876.0,-29.649999999999636,eod,2014-04-11,73.0,120.8894,-6050.889399999927
08:46:00,13:25:00,1,8877.0,8897.0,20.0,eod,2014-04-15,32.0,121.096,3878.904
09:22:00,10:30:00,1,8903.0,8882.1,-20.899999999999636,stop,2014-04-17,38.0,121.1404,-4301.1403999999275
10:30:00,13:25:00,-1,8882.1,8890.0,-7.899999999999636,eod,2014-04-17,38.0,121.0884,-1701.0883999999273
09:02:00,13:25:00,-1,8942.0,8923.0,19.0,eod,2014-04-18,38.0,121.46000000000001,3678.54
09:35:00,13:25:00,1,8936.5,8950.0,13.5,eod,2014-04-22,23.0,121.546,2578.454
11:24:00,13:25:00,-1,8947.5,8926.0,21.5,eod,2014-04-23,45.0,121.494,4178.506
09:01:00,09:11:00,-1,8911.5,8926.35,-14.850000000000364,stop,2014-04-25,27.0,121.3514,-3091.3514000000728
09:11:00,09:31:00,1,8926.35,8911.5,-14.850000000000364,stop,2014-04-25,27.0,121.3514,-3091.3514000000728
10:34:00,13:25:00,1,8790.5,8822.0,31.5,eod,2014-04-28,185.0,120.45,6179.55
09:01:00,13:25:00,-1,8827.0,8765.0,62.0,eod,2014-04-30,46.0,120.368,12279.632
09:01:00,13:25:00,1,8821.5,8831.0,9.5,eod,2014-05-02,107.0,120.61,1779.39
09:46:00,13:25:00,-1,8823.0,8830.0,-7.0,eod,2014-05-05,82.0,120.612,-1520.612
12:15:00,13:25:00,1,8886.0,8884.0,-2.0,eod,2014-05-08,52.0,121.08,-521.08
09:14:00,13:25:00,-1,8862.5,8842.0,20.5,eod,2014-05-09,51.0,120.818,3979.182
09:05:00,13:25:00,-1,8814.0,8806.0,8.0,eod,2014-05-12,56.0,120.48,1479.52
11:15:00,13:25:00,-1,8825.0,8833.0,-8.0,eod,2014-05-13,60.0,120.632,-1720.632
09:47:00,12:33:00,-1,8827.0,8843.5,-16.5,stop,2014-05-16,30.0,120.682,-3420.682
12:33:00,13:25:00,1,8843.5,8878.0,34.5,eod,2014-05-16,30.0,120.886,6779.114
09:58:00,11:44:00,1,8918.0,8900.4,-17.600000000000364,stop,2014-05-20,32.0,121.2736,-3641.2736000000727
11:44:00,13:25:00,-1,8900.4,8901.0,-0.6000000000003638,eod,2014-05-20,32.0,121.2056,-241.20560000007276
10:13:00,13:25:00,1,8901.5,8945.0,43.5,eod,2014-05-22,57.0,121.386,8578.614
10:06:00,13:25:00,1,9044.0,9044.0,0.0,eod,2014-05-26,48.0,122.352,-122.352
09:13:00,10:09:00,-1,9027.0,9049.0,-22.0,stop,2014-05-27,40.0,122.304,-4522.304
10:09:00,13:25:00,1,9049.0,9047.0,-2.0,eod,2014-05-27,40.0,122.384,-522.384
09:41:00,13:25:00,1,9078.5,9139.0,60.5,eod,2014-05-28,33.0,122.87,11977.13
09:15:00,09:36:00,-1,9102.0,9122.9,-20.899999999999636,stop,2014-05-30,38.0,122.8996,-4302.899599999927
09:36:00,10:45:00,1,9122.9,9102.0,-20.899999999999636,stop,2014-05-30,38.0,122.8996,-4302.899599999927
09:52:00,13:25:00,-1,9090.0,9095.0,-5.0,eod,2014-06-03,44.0,122.74,-1122.74
08:51:00,13:25:00,-1,9103.5,9107.0,-3.5,eod,2014-06-05,27.0,122.842,-822.842
09:04:00,13:25:00,1,9172.0,9193.0,21.0,eod,2014-06-10,26.0,123.46000000000001,4076.54
13:14:00,13:25:00,1,9209.5,9208.0,-1.5,eod,2014-06-12,29.0,123.67,-423.67
09:14:00,09:39:00,1,9187.0,9168.3,-18.700000000000728,stop,2014-06-13,34.0,123.4212,-3863.4212000001453
09:39:00,11:31:00,-1,9168.3,9187.0,-18.700000000000728,stop,2014-06-13,34.0,123.4212,-3863.4212000001453
12:03:00,13:25:00,1,9201.5,9207.0,5.5,eod,2014-06-16,43.0,123.634,976.366
10:23:00,13:25:00,1,9226.5,9246.0,19.5,eod,2014-06-17,39.0,123.89,3776.11
12:07:00,13:25:00,1,9217.0,9224.0,7.0,eod,2014-06-19,60.0,123.764,1276.236
12:01:00,13:25:00,-1,9199.0,9190.0,9.0,eod,2014-06-20,56.0,123.556,1676.444
09:56:00,11:11:00,1,9205.0,9176.4,-28.600000000000364,stop,2014-06-23,52.0,123.52560000000001,-5843.525600000073
11:11:00,13:25:00,-1,9176.4,9165.0,11.399999999999636,eod,2014-06-23,52.0,123.3656,2156.634399999927
09:20:00,13:25:00,1,9162.5,9159.0,-3.5,eod,2014-06-25,33.0,123.286,-823.2860000000001
09:30:00,13:25:00,1,9197.5,9227.0,29.5,eod,2014-06-26,33.0,123.69800000000001,5776.302
09:09:00,13:25:00,1,9239.5,9300.0,60.5,eod,2014-06-30,39.0,124.158,11975.842
09:57:00,13:25:00,1,9343.5,9385.0,41.5,eod,2014-07-01,89.0,124.914,8175.086
10:22:00,11:36:00,1,9460.0,9398.4,-61.600000000000364,stop,2014-07-02,112.0,125.43360000000001,-12445.433600000073
11:36:00,13:25:00,-1,9398.4,9379.0,19.399999999999636,eod,2014-07-02,112.0,125.1096,3754.8903999999275
09:13:00,13:25:00,-1,9440.0,9446.0,-6.0,eod,2014-07-04,96.0,125.544,-1325.544
10:18:00,13:25:00,-1,9410.5,9441.0,-30.5,eod,2014-07-07,83.0,125.406,-6225.406
11:46:00,13:25:00,1,9479.5,9479.0,-0.5,eod,2014-07-08,55.0,125.834,-225.834
09:07:00,10:02:00,1,9476.0,9447.4,-28.600000000000364,stop,2014-07-09,52.0,125.6936,-5845.693600000072
10:02:00,13:25:00,-1,9447.4,9463.0,-15.600000000000364,eod,2014-07-09,52.0,125.64160000000001,-3245.6416000000727
09:12:00,13:25:00,1,9486.5,9545.0,58.5,eod,2014-07-10,41.0,126.126,11573.874
11:48:00,13:25:00,-1,9493.0,9485.0,8.0,eod,2014-07-11,94.0,125.912,1474.088
09:07:00,09:20:00,-1,9549.5,9577.55,-28.049999999999272,stop,2014-07-15,51.0,126.5082,-5736.508199999855
09:20:00,10:10:00,1,9577.55,9549.5,-28.049999999999272,stop,2014-07-15,51.0,126.5082,-5736.508199999855
10:55:00,13:25:00,-1,9348.5,9343.0,5.5,eod,2014-07-17,87.0,124.766,975.234
09:28:00,13:25:00,1,9323.0,9347.0,24.0,eod,2014-07-18,76.0,124.68,4675.32
09:06:00,09:38:00,-1,9359.0,9386.5,-27.5,stop,2014-07-22,50.0,124.982,-5624.982
09:38:00,13:25:00,1,9386.5,9429.0,42.5,eod,2014-07-22,50.0,125.262,8374.738
09:48:00,13:25:00,-1,9441.0,9378.0,63.0,eod,2014-07-25,38.0,125.276,12474.724
10:30:00,13:25:00,-1,9385.0,9361.0,24.0,eod,2014-07-29,80.0,124.984,4675.016
10:00:00,13:25:00,1,9418.5,9413.0,-5.5,eod,2014-07-30,103.0,125.32600000000001,-1225.326
09:00:00,13:25:00,-1,9401.5,9315.0,86.5,eod,2014-07-31,63.0,124.866,17175.134
12:50:00,13:25:00,1,9287.5,9283.0,-4.5,eod,2014-08-04,55.0,124.282,-1024.282
09:01:00,13:25:00,-1,9217.0,9095.0,122.0,eod,2014-08-05,64.0,123.248,24276.752
09:46:00,13:25:00,-1,9076.0,9096.0,-20.0,eod,2014-08-07,70.0,122.688,-4122.688
10:15:00,13:02:00,-1,9017.5,9055.45,-37.95000000000073,stop,2014-08-08,69.0,122.29180000000001,-7712.2918000001455
13:02:00,13:25:00,1,9055.45,9077.0,21.549999999999272,eod,2014-08-08,69.0,122.52980000000001,4187.470199999854
08:48:00,10:08:00,-1,9126.0,9154.6,-28.600000000000364,stop,2014-08-12,52.0,123.1224,-5843.122400000073
10:08:00,10:44:00,1,9154.6,9126.0,-28.600000000000364,stop,2014-08-12,52.0,123.1224,-5843.122400000073
09:57:00,13:25:00,1,9159.5,9202.0,42.5,eod,2014-08-13,55.0,123.446,8376.554
09:10:00,11:27:00,-1,9185.0,9212.5,-27.5,stop,2014-08-15,50.0,123.59,-5623.59
11:27:00,13:25:00,1,9212.5,9206.0,-6.5,eod,2014-08-15,50.0,123.674,-1423.674
09:17:00,13:25:00,-1,9180.0,9160.0,20.0,eod,2014-08-18,64.0,123.36,3876.64
09:24:00,13:25:00,1,9209.5,9237.0,27.5,eod,2014-08-19,97.0,123.786,5376.214
09:03:00,13:25:00,-1,9239.5,9229.0,10.5,eod,2014-08-21,41.0,123.874,1976.126
08:48:00,13:25:00,1,9282.0,9377.0,95.0,eod,2014-08-22,66.0,124.636,18875.364
09:10:00,13:25:00,1,9403.0,9393.0,-10.0,eod,2014-08-26,34.0,125.184,-2125.184
08:47:00,13:25:00,1,9437.5,9485.0,47.5,eod,2014-08-27,33.0,125.69,9374.31
09:00:00,09:20:00,-1,9440.5,9457.55,-17.049999999999272,stop,2014-08-29,31.0,125.5922,-3535.5921999998545
09:20:00,13:25:00,1,9457.55,9474.0,16.450000000000728,eod,2014-08-29,31.0,125.7262,3164.2738000001455
09:00:00,13:25:00,1,9499.5,9533.0,33.5,eod,2014-09-01,53.0,126.13,6573.87
09:27:00,13:25:00,-1,9472.0,9401.0,71.0,eod,2014-09-02,80.0,125.492,14074.508
10:21:00,13:25:00,1,9478.0,9454.0,-24.0,eod,2014-09-03,126.0,125.72800000000001,-4925.728
08:59:00,13:25:00,-1,9405.5,9419.0,-13.5,eod,2014-09-04,83.0,125.298,-2825.298
09:06:00,13:25:00,-1,9410.0,9415.0,-5.0,eod,2014-09-05,68.0,125.3,-1125.3
08:47:00,13:25:00,1,9472.5,9443.0,-29.5,eod,2014-09-09,93.0,125.662,-6025.662
09:40:00,13:25:00,-1,9327.5,9362.0,-34.5,eod,2014-09-10,105.0,124.758,-7024.758
13:15:00,13:25:00,-1,9330.0,9326.0,4.0,eod,2014-09-11,92.0,124.624,675.376
09:25:00,13:25:00,-1,9282.5,9242.0,40.5,eod,2014-09-12,85.0,124.098,7975.902
09:28:00,13:25:00,-1,9183.0,9160.0,23.0,eod,2014-09-16,72.0,123.372,4476.628
10:18:00,13:07:00,-1,9255.0,9283.6,-28.600000000000364,stop,2014-09-19,52.0,124.1544,-5844.154400000073
13:07:00,13:25:00,1,9283.6,9271.0,-12.600000000000364,eod,2014-09-19,52.0,124.2184,-2644.218400000073
09:11:00,13:25:00,-1,9170.0,9130.0,40.0,eod,2014-09-22,64.0,123.2,7876.8
09:00:00,13:25:00,1,9120.0,9122.0,2.0,eod,2014-09-24,50.0,122.968,277.032
09:37:00,13:25:00,-1,9127.5,9019.0,108.5,eod,2014-09-25,61.0,122.586,21577.414
10:17:00,13:25:00,-1,8948.5,8985.0,-36.5,eod,2014-09-29,85.0,121.734,-7421.734
09:28:00,12:25:00,-1,8928.5,8964.25,-35.75,stop,2014-09-30,65.0,121.571,-7271.571
12:25:00,13:25:00,1,8964.25,8995.0,30.75,eod,2014-09-30,65.0,121.837,6028.163
11:14:00,13:25:00,1,8972.0,8990.0,18.0,eod,2014-10-02,104.0,121.848,3478.152
10:37:00,13:25:00,1,9061.5,9093.0,31.5,eod,2014-10-03,115.0,122.618,6177.382
09:05:00,10:24:00,-1,9007.0,9036.7,-29.700000000000728,stop,2014-10-07,54.0,122.1748,-6062.174800000145
10:24:00,11:25:00,1,9036.7,9007.0,-29.700000000000728,stop,2014-10-07,54.0,122.1748,-6062.174800000145
10:48:00,13:22:00,1,9022.0,8982.4,-39.600000000000364,stop,2014-10-08,72.0,122.0176,-8042.017600000073
13:22:00,13:25:00,-1,8982.4,8984.0,-1.6000000000003638,eod,2014-10-08,72.0,121.8656,-441.86560000007273
09:03:00,09:17:00,-1,8752.5,8802.55,-50.04999999999927,stop,2014-10-13,91.0,120.2202,-10130.220199999854
09:17:00,10:44:00,1,8802.55,8752.5,-50.04999999999927,stop,2014-10-13,91.0,120.2202,-10130.220199999854
09:15:00,10:59:00,-1,8530.0,8588.3,-58.29999999999927,stop,2014-10-16,106.0,118.4732,-11778.473199999855
10:59:00,13:25:00,1,8588.3,8644.0,55.70000000000073,eod,2014-10-16,106.0,118.9292,11021.070800000145
10:08:00,13:25:00,-1,8569.5,8516.0,53.5,eod,2014-10-17,177.0,118.342,10581.658
09:04:00,09:56:00,-1,8724.5,8750.35,-25.850000000000364,stop,2014-10-22,47.0,119.8994,-5289.899400000073
09:56:00,13:25:00,1,8750.35,8747.0,-3.350000000000364,eod,2014-10-22,47.0,119.98939999999999,-789.9894000000727
10:25:00,13:25:00,-1,8707.0,8721.0,-14.0,eod,2014-10-23,50.0,119.712,-2919.712
09:01:00,13:25:00,-1,8723.0,8633.0,90.0,eod,2014-10-24,38.0,119.424,17880.576
09:44:00,13:25:00,-1,8606.5,8629.0,-22.5,eod,2014-10-27,137.0,118.94200000000001,-4618.942
08:52:00,13:25:00,1,8713.0,8798.0,85.0,eod,2014-10-28,94.0,120.044,16879.956
13:11:00,13:25:00,1,8904.0,8897.0,-7.0,eod,2014-10-29,142.0,121.20400000000001,-1521.204
08:45:00,09:08:00,1,8912.5,8884.45,-28.049999999999272,stop,2014-10-31,51.0,121.18780000000001,-5731.187799999854
09:08:00,09:41:00,-1,8884.45,8912.5,-28.049999999999272,stop,2014-10-31,51.0,121.18780000000001,-5731.187799999854
10:15:00,12:44:00,1,9026.5,8979.75,-46.75,stop,2014-11-04,85.0,122.025,-9472.025
12:44:00,13:25:00,-1,8979.75,9000.0,-20.25,eod,2014-11-04,85.0,121.919,-4171.919
09:35:00,13:25:00,-1,8986.5,8972.0,14.5,eod,2014-11-05,87.0,121.834,2778.166
12:11:00,13:25:00,-1,8936.5,8895.0,41.5,eod,2014-11-06,79.0,121.32600000000001,8178.674
09:51:00,10:32:00,-1,8866.5,8929.75,-63.25,stop,2014-11-07,115.0,121.185,-12771.185
10:32:00,13:25:00,1,8929.75,8934.0,4.25,eod,2014-11-07,115.0,121.455,728.545
09:07:00,13:25:00,1,9005.5,9069.0,63.5,eod,2014-11-10,81.0,122.298,12577.702
09:00:00,09:13:00,-1,8999.5,9030.85,-31.350000000000364,stop,2014-11-12,57.0,122.1214,-6392.121400000073
09:13:00,09:34:00,1,9030.85,8999.5,-31.350000000000364,stop,2014-11-12,57.0,122.1214,-6392.121400000073
09:01:00,10:28:00,-1,8942.5,8983.75,-41.25,stop,2014-11-14,75.0,121.705,-8371.705
10:28:00,13:25:00,1,8983.75,8964.0,-19.75,eod,2014-11-14,75.0,121.791,-4071.791
08:47:00,09:19:00,1,8990.5,8955.85,-34.649999999999636,stop,2014-11-17,63.0,121.7854,-7051.785399999927
09:19:00,13:25:00,-1,8955.85,8907.0,48.850000000000364,eod,2014-11-17,63.0,121.45139999999999,9648.548600000073
11:22:00,13:25:00,-1,8865.5,8863.0,2.5,eod,2014-11-18,171.0,120.914,379.086
09:46:00,13:25:00,1,9086.0,9095.0,9.0,eod,2014-11-20,110.0,122.724,1677.276
09:00:00,09:12:00,1,9157.0,9132.8,-24.200000000000728,stop,2014-11-24,44.0,123.1592,-4963.159200000146
09:12:00,13:25:00,-1,9132.8,9124.0,8.799999999999272,eod,2014-11-24,44.0,123.0272,1636.9727999998545
09:00:00,09:15:00,-1,9085.5,9119.05,-33.54999999999927,stop,2014-11-25,61.0,122.8182,-6832.818199999854
09:15:00,13:25:00,1,9119.05,9138.0,18.950000000000728,eod,2014-11-25,61.0,123.0282,3666.9718000001453
08:45:00,13:25:00,1,9156.5,9187.0,30.5,eod,2014-11-27,41.0,123.374,5976.626
08:45:00,08:56:00,-1,9019.0,9037.7,-18.700000000000728,stop,2014-12-01,34.0,122.22680000000001,-3862.2268000001454
08:56:00,09:00:00,1,9037.7,9019.0,-18.700000000000728,stop,2014-12-01,34.0,122.22680000000001,-3862.2268000001454
09:22:00,13:25:00,1,9099.5,9187.0,87.5,eod,2014-12-03,97.0,123.146,17376.854
09:01:00,13:25:00,-1,9239.5,9187.0,52.5,eod,2014-12-08,49.0,123.706,10376.294
09:05:00,10:06:00,1,9118.5,9089.35,-29.149999999999636,stop,2014-12-10,53.0,122.8314,-5952.831399999927
10:06:00,13:25:00,-1,9089.35,9010.0,79.35000000000036,eod,2014-12-10,53.0,122.39739999999999,15747.602600000073
10:03:00,13:25:00,1,9042.5,9025.0,-17.5,eod,2014-12-11,133.0,122.27,-3622.27
09:21:00,10:22:00,1,9068.0,9018.5,-49.5,stop,2014-12-12,90.0,122.346,-10022.346
10:22:00,13:25:00,-1,9018.5,9019.0,-0.5,eod,2014-12-12,90.0,122.15,-222.15
09:09:00,09:15:00,-1,8925.0,8961.3,-36.29999999999927,stop,2014-12-15,66.0,121.5452,-7381.545199999854
09:15:00,13:25:00,1,8961.3,9012.0,50.70000000000073,eod,2014-12-15,66.0,121.8932,10018.106800000145
09:06:00,13:25:00,1,9027.5,8987.0,-40.5,eod,2014-12-16,113.0,122.058,-8222.058
09:55:00,13:25:00,1,8997.0,8993.0,-4.0,eod,2014-12-19,70.0,121.96000000000001,-921.96
10:09:00,13:25:00,1,9072.0,9096.0,24.0,eod,2014-12-22,82.0,122.672,4677.328
09:16:00,13:25:00,1,9141.5,9173.0,31.5,eod,2014-12-24,43.0,123.258,6176.742
08:50:00,13:25:00,1,9194.5,9213.0,18.5,eod,2014-12-26,33.0,123.63,3576.37
08:46:00,13:25:00,1,9260.5,9315.0,54.5,eod,2014-12-29,31.0,124.302,10775.698
10:07:00,13:25:00,-1,9272.5,9284.0,-11.5,eod,2014-12-30,95.0,124.226,-2424.226
08:45:00,11:39:00,-1,9212.5,9240.55,-28.049999999999272,stop,2015-01-05,51.0,123.8122,-5733.812199999855
11:39:00,13:25:00,1,9240.55,9261.0,20.450000000000728,eod,2015-01-05,51.0,124.00619999999999,3965.9938000001457
10:32:00,13:25:00,-1,9083.5,9055.0,28.5,eod,2015-01-06,121.0,122.554,5577.446
08:54:00,13:25:00,1,9145.5,9244.0,98.5,eod,2015-01-08,59.0,123.558,19576.442
09:20:00,13:25:00,-1,9256.0,9231.0,25.0,eod,2015-01-09,144.0,123.94800000000001,4876.052
10:02:00,13:25:00,1,9234.5,9231.0,-3.5,eod,2015-01-13,81.0,123.862,-823.862
09:42:00,13:25:00,-1,9177.0,9182.0,-5.0,eod,2015-01-14,116.0,123.436,-1123.436
09:45:00,10:14:00,-1,9139.0,9191.8,-52.79999999999927,stop,2015-01-15,96.0,123.3232,-10683.323199999855
10:14:00,13:25:00,1,9191.8,9183.0,-8.799999999999272,eod,2015-01-15,96.0,123.4992,-1883.4991999998545
09:00:00,09:24:00,1,9225.0,9170.0,-55.0,stop,2015-01-16,100.0,123.58,-11123.58
09:24:00,13:25:00,-1,9170.0,9114.0,56.0,eod,2015-01-16,100.0,123.136,11076.864
09:10:00,13:25:00,1,9380.0,9374.0,-6.0,eod,2015-01-22,40.0,125.016,-1325.016
09:42:00,13:25:00,1,9486.0,9472.0,-14.0,eod,2015-01-23,62.0,125.83200000000001,-2925.832
09:45:00,13:25:00,1,9470.5,9463.0,-7.5,eod,2015-01-26,45.0,125.734,-1625.734
09:48:00,13:25:00,-1,9499.5,9510.0,-10.5,eod,2015-01-27,45.0,126.038,-2226.038
09:35:00,13:25:00,1,9507.5,9523.0,15.5,eod,2015-01-28,59.0,126.122,2973.878
09:09:00,13:25:00,-1,9467.0,9439.0,28.0,eod,2015-01-29,60.0,125.624,5474.376
09:40:00,13:25:00,-1,9422.0,9416.0,6.0,eod,2015-01-30,76.0,125.352,1074.648
09:04:00,09:22:00,1,9432.5,9384.65,-47.850000000000364,stop,2015-02-02,87.0,125.2686,-9695.268600000072
09:22:00,13:25:00,-1,9384.65,9397.0,-12.350000000000364,eod,2015-02-02,87.0,125.12660000000001,-2595.126600000073
09:47:00,13:25:00,1,9465.5,9461.0,-4.5,eod,2015-02-03,63.0,125.706,-1025.706
08:50:00,13:25:00,-1,9499.0,9507.0,-8.0,eod,2015-02-05,44.0,126.024,-1726.024
09:00:00,13:25:00,-1,9510.5,9468.0,42.5,eod,2015-02-06,51.0,125.914,8374.086
09:00:00,13:25:00,-1,9443.0,9429.0,14.0,eod,2015-02-10,50.0,125.488,2674.512
09:58:00,13:25:00,1,9489.0,9486.0,-3.0,eod,2015-02-11,54.0,125.9,-725.9
09:30:00,13:25:00,-1,9473.0,9474.0,-1.0,eod,2015-02-12,52.0,125.788,-325.788
09:09:00,13:25:00,1,9529.5,9531.0,1.5,eod,2015-02-13,39.0,126.242,173.75799999999998
09:05:00,13:25:00,1,9624.5,9638.0,13.5,eod,2015-02-24,43.0,127.05,2572.95
09:10:00,13:25:00,-1,9670.0,9687.0,-17.0,eod,2015-02-25,48.0,127.428,-3527.428
08:49:00,13:25:00,-1,9673.0,9655.0,18.0,eod,2015-02-26,36.0,127.312,3472.688
09:52:00,13:25:00,-1,9628.5,9623.0,5.5,eod,2015-03-02,59.0,127.006,972.994
09:25:00,13:25:00,-1,9611.0,9614.0,-3.0,eod,2015-03-03,68.0,126.9,-726.9
09:32:00,13:25:00,1,9619.0,9616.0,-3.0,eod,2015-03-04,78.0,126.94,-726.94
09:05:00,13:25:00,-1,9588.5,9602.0,-13.5,eod,2015-03-05,67.0,126.762,-2826.762
13:02:00,13:25:00,1,9631.5,9629.0,-2.5,eod,2015-03-06,81.0,127.042,-627.042
10:14:00,13:25:00,-1,9550.0,9540.0,10.0,eod,2015-03-10,48.0,126.36,1873.64
09:40:00,13:25:00,1,9501.5,9535.0,33.5,eod,2015-03-11,71.0,126.146,6573.854
09:45:00,13:25:00,1,9576.0,9594.0,18.0,eod,2015-03-12,94.0,126.68,3473.32
09:25:00,13:25:00,-1,9560.0,9555.0,5.0,eod,2015-03-16,50.0,126.46000000000001,873.54
09:02:00,10:20:00,1,9609.5,9577.05,-32.45000000000073,stop,2015-03-17,59.0,126.7462,-6616.746200000145
10:20:00,13:25:00,-1,9577.05,9555.0,22.049999999999272,eod,2015-03-17,59.0,126.5282,4283.471799999855
09:04:00,10:20:00,-1,9742.5,9762.85,-20.350000000000364,stop,2015-03-23,37.0,128.0214,-4198.021400000072
10:20:00,13:25:00,1,9762.85,9750.0,-12.850000000000364,eod,2015-03-23,37.0,128.0514,-2698.0514000000726
09:02:00,09:44:00,1,9749.5,9725.85,-23.649999999999636,stop,2015-03-24,43.0,127.9014,-4857.901399999927
09:44:00,13:25:00,-1,9725.85,9720.0,5.850000000000364,eod,2015-03-24,43.0,127.7834,1042.2166000000727
10:08:00,13:25:00,-1,9691.5,9690.0,1.5,eod,2015-03-25,59.0,127.526,172.474
09:14:00,13:25:00,1,9609.0,9606.0,-3.0,eod,2015-03-26,58.0,126.86,-726.86
10:00:00,13:25:00,-1,9575.0,9543.0,32.0,eod,2015-03-27,68.0,126.47200000000001,6273.528
09:43:00,13:25:00,-1,9574.5,9582.0,-7.5,eod,2015-03-31,51.0,126.626,-1626.626
09:11:00,13:25:00,-1,9507.5,9511.0,-3.5,eod,2015-04-01,65.0,126.074,-826.074
09:13:00,13:25:00,1,9570.5,9614.0,43.5,eod,2015-04-02,65.0,126.738,8573.262
09:07:00,13:25:00,-1,9609.0,9577.0,32.0,eod,2015-04-08,48.0,126.744,6273.256
09:22:00,12:33:00,1,9617.5,9575.15,-42.350000000000364,stop,2015-04-09,77.0,126.7706,-8596.770600000073
12:33:00,13:25:00,-1,9575.15,9572.0,3.149999999999636,eod,2015-04-09,77.0,126.58860000000001,503.4113999999272
10:00:00,13:25:00,-1,9636.5,9659.0,-22.5,eod,2015-04-13,73.0,127.182,-4627.182
09:22:00,13:25:00,1,9666.0,9655.0,-11.0,eod,2015-04-14,50.0,127.284,-2327.284
11:46:00,13:25:00,1,9625.5,9628.0,2.5,eod,2015-04-16,129.0,127.014,372.986
09:15:00,09:34:00,1,9560.0,9527.0,-33.0,stop,2015-04-20,60.0,126.348,-6726.348
09:34:00,10:48:00,-1,9527.0,9560.0,-33.0,stop,2015-04-20,60.0,126.348,-6726.348
11:07:00,13:25:00,-1,9546.5,9547.0,-0.5,eod,2015-04-21,77.0,126.374,-226.374
09:03:00,13:25:00,1,9600.0,9625.0,25.0,eod,2015-04-22,78.0,126.9,4873.1
09:00:00,13:25:00,1,9693.5,9838.0,144.5,eod,2015-04-23,75.0,128.126,28771.874
09:16:00,13:25:00,1,9981.0,9922.0,-59.0,eod,2015-04-24,202.0,129.612,-11929.612
09:59:00,13:25:00,1,10028.0,10009.0,-19.0,eod,2015-04-27,140.0,130.148,-3930.148
09:28:00,13:25:00,-1,9979.0,9978.0,1.0,eod,2015-04-28,86.0,129.828,70.172
09:18:00,09:44:00,1,10013.0,9974.5,-38.5,stop,2015-04-29,70.0,129.95,-7829.95
09:44:00,13:25:00,-1,9974.5,9902.0,72.5,eod,2015-04-29,70.0,129.506,14370.494
09:19:00,12:59:00,-1,9861.0,9900.6,-39.600000000000364,stop,2015-05-04,72.0,129.0464,-8049.046400000073
12:59:00,13:25:00,1,9900.6,9890.0,-10.600000000000364,eod,2015-05-04,72.0,129.1624,-2249.162400000073
09:16:00,13:25:00,-1,9822.5,9839.0,-16.5,eod,2015-05-05,87.0,128.64600000000002,-3428.646
09:08:00,09:28:00,-1,9770.0,9805.2,-35.20000000000073,stop,2015-05-06,64.0,128.3008,-7168.3008000001455
09:28:00,13:25:00,1,9805.2,9850.0,44.79999999999927,eod,2015-05-06,64.0,128.6208,8831.379199999854
09:29:00,13:25:00,-1,9765.0,9723.0,42.0,eod,2015-05-11,70.0,127.952,8272.048
09:23:00,13:25:00,1,9749.5,9742.0,-7.5,eod,2015-05-13,75.0,127.96600000000001,-1627.966
09:14:00,13:25:00,-1,9697.5,9613.0,84.5,eod,2015-05-14,79.0,127.242,16772.758
10:10:00,13:25:00,-1,9564.0,9574.0,-10.0,eod,2015-05-15,142.0,126.552,-2126.552
09:33:00,13:25:00,-1,9561.5,9582.0,-20.5,eod,2015-05-18,101.0,126.574,-4226.574
09:10:00,13:25:00,1,9647.0,9712.0,65.0,eod,2015-05-19,62.0,127.436,12872.564
08:45:00,13:25:00,-1,9613.0,9545.0,68.0,eod,2015-05-21,64.0,126.632,13473.368
10:14:00,13:25:00,1,9630.0,9618.0,-12.0,eod,2015-05-22,136.0,126.992,-2526.992
09:15:00,09:52:00,-1,9551.5,9608.15,-56.649999999999636,stop,2015-05-25,103.0,126.63860000000001,-11456.638599999927
09:52:00,13:25:00,1,9608.15,9614.0,5.850000000000364,eod,2015-05-25,103.0,126.88860000000001,1043.1114000000728
08:50:00,13:25:00,1,9658.0,9661.0,3.0,eod,2015-05-26,90.0,127.276,472.724
09:05:00,13:25:00,1,9666.5,9675.0,8.5,eod,2015-05-27,119.0,127.366,1572.634
09:40:00,13:25:00,-1,9707.5,9700.0,7.5,eod,2015-05-29,67.0,127.63,1372.37
08:51:00,09:24:00,1,9706.5,9664.15,-42.350000000000364,stop,2015-06-01,77.0,127.4826,-8597.482600000072
09:24:00,13:25:00,-1,9664.15,9625.0,39.149999999999636,eod,2015-06-01,77.0,127.15660000000001,7702.843399999927
09:29:00,13:25:00,-1,9603.0,9541.0,62.0,eod,2015-06-03,74.0,126.57600000000001,12273.424
10:57:00,13:25:00,-1,9474.5,9318.0,156.5,eod,2015-06-04,113.0,125.17,31174.83
09:17:00,10:42:00,-1,9273.0,9315.9,-42.899999999999636,stop,2015-06-08,78.0,124.35560000000001,-8704.355599999928
10:42:00,13:25:00,1,9315.9,9361.0,45.100000000000364,eod,2015-06-08,78.0,124.70760000000001,8895.292400000073
11:20:00,13:25:00,-1,9218.5,9218.0,0.5,eod,2015-06-09,169.0,123.746,-23.745999999999995
09:14:00,13:25:00,-1,9290.0,9283.0,7.0,eod,2015-06-11,76.0,124.292,1275.708
09:25:00,09:33:00,1,9314.0,9267.8,-46.20000000000073,stop,2015-06-15,84.0,124.3272,-9364.327200000145
09:33:00,13:25:00,-1,9267.8,9243.0,24.799999999999272,eod,2015-06-15,84.0,124.0432,4835.956799999854
09:27:00,13:25:00,-1,9195.0,9194.0,1.0,eod,2015-06-16,98.0,123.556,76.444
09:25:00,09:36:00,1,9078.0,9040.6,-37.399999999999636,stop,2015-06-18,68.0,122.47439999999999,-7602.474399999927
09:36:00,13:25:00,-1,9040.6,9054.0,-13.399999999999636,eod,2015-06-18,68.0,122.3784,-2802.3783999999273
09:09:00,13:25:00,1,9141.5,9186.0,44.5,eod,2015-06-22,67.0,123.31,8776.69
08:51:00,13:25:00,1,9295.5,9335.0,39.5,eod,2015-06-25,55.0,124.522,7775.478
08:45:00,09:14:00,-1,9171.0,9197.4,-26.399999999999636,stop,2015-06-29,48.0,123.4736,-5403.4735999999275
09:14:00,09:41:00,1,9197.4,9171.0,-26.399999999999636,stop,2015-06-29,48.0,123.4736,-5403.4735999999275
09:15:00,13:25:00,1,9231.5,9294.0,62.5,eod,2015-07-01,93.0,124.102,12375.898
09:07:00,11:39:00,-1,9225.5,9261.25,-35.75,stop,2015-07-03,65.0,123.947,-7273.947
11:39:00,13:25:00,1,9261.25,9297.0,35.75,eod,2015-07-03,65.0,124.233,7025.767
08:50:00,13:25:00,-1,9158.5,8949.0,209.5,eod,2015-07-08,93.0,122.43,41777.57
08:47:00,09:08:00,1,9002.0,8966.8,-35.20000000000073,stop,2015-07-20,64.0,121.87519999999999,-7161.875200000146
09:08:00,13:25:00,-1,8966.8,8853.0,113.79999999999927,eod,2015-07-20,64.0,121.2792,22638.720799999854
09:57:00,13:25:00,-1,8819.5,8816.0,3.5,eod,2015-07-22,125.0,120.542,579.458
09:11:00,09:26:00,1,8822.0,8773.6,-48.399999999999636,stop,2015-07-23,88.0,120.38239999999999,-9800.382399999928
09:26:00,13:25:00,-1,8773.6,8745.0,28.600000000000364,eod,2015-07-23,88.0,120.0744,5599.925600000072
11:14:00,13:25:00,-1,8593.5,8514.0,79.5,eod,2015-07-27,87.0,118.43,15781.57
10:45:00,13:25:00,1,8588.5,8557.0,-31.5,eod,2015-07-28,177.0,118.58200000000001,-6418.582
09:32:00,13:25:00,-1,8477.5,8498.0,-20.5,eod,2015-07-29,111.0,117.902,-4217.902
09:15:00,13:25:00,1,8574.0,8595.0,21.0,eod,2015-07-30,108.0,118.676,4081.324
09:37:00,13:25:00,-1,8531.5,8536.0,-4.5,eod,2015-07-31,123.0,118.27,-1018.27
09:01:00,13:25:00,-1,8497.0,8458.0,39.0,eod,2015-08-03,98.0,117.82000000000001,7682.18
09:30:00,13:25:00,-1,8491.5,8417.0,74.5,eod,2015-08-06,99.0,117.634,14782.366
09:11:00,09:26:00,-1,8349.5,8410.55,-61.04999999999927,stop,2015-08-10,111.0,117.0402,-12327.040199999854
09:26:00,13:25:00,1,8410.55,8444.0,33.45000000000073,eod,2015-08-10,111.0,117.4182,6572.581800000145
10:36:00,13:25:00,-1,8447.0,8380.0,67.0,eod,2015-08-11,116.0,117.308,13282.692
11:53:00,13:25:00,-1,8266.0,8298.0,-32.0,eod,2015-08-12,198.0,116.256,-6516.256
09:11:00,13:25:00,1,8306.0,8313.0,7.0,eod,2015-08-14,88.0,116.476,1283.524
09:01:00,13:25:00,-1,8285.0,8243.0,42.0,eod,2015-08-17,72.0,116.112,8283.888
10:59:00,13:25:00,-1,8187.5,8184.0,3.5,eod,2015-08-18,107.0,115.486,584.514
09:30:00,10:15:00,1,8039.0,7940.0,-99.0,stop,2015-08-20,180.0,113.916,-19913.916
10:15:00,13:25:00,-1,7940.0,7970.0,-30.0,eod,2015-08-20,180.0,113.64,-6113.64
10:45:00,13:25:00,-1,7787.0,7762.0,25.0,eod,2015-08-21,142.0,112.196,4887.804
09:36:00,13:25:00,-1,7535.5,7300.0,235.5,eod,2015-08-24,147.0,109.342,46990.658
13:01:00,13:25:00,1,7669.0,7666.0,-3.0,eod,2015-08-26,288.0,111.34,-711.34
09:15:00,13:25:00,1,7861.0,7866.0,5.0,eod,2015-08-28,98.0,112.908,887.092
09:24:00,13:25:00,1,7849.0,7943.0,94.0,eod,2015-09-02,162.0,113.168,18686.832
09:31:00,10:55:00,1,7995.5,7924.55,-70.94999999999982,stop,2015-09-04,129.0,113.6802,-14303.680199999964
10:55:00,13:25:00,-1,7924.55,7894.0,30.550000000000182,eod,2015-09-04,129.0,113.27420000000001,5996.7258000000365
09:15:00,13:25:00,1,7933.5,7930.0,-3.5,eod,2015-09-07,167.0,113.45400000000001,-813.454
09:02:00,13:25:00,1,8163.5,8301.0,137.5,eod,2015-09-09,99.0,115.858,27384.142
10:09:00,13:25:00,1,8271.0,8280.0,9.0,eod,2015-09-11,100.0,116.20400000000001,1683.796
09:43:00,13:25:00,-1,8272.5,8258.0,14.5,eod,2015-09-14,93.0,116.122,2783.878
12:11:00,13:25:00,-1,8235.0,8265.0,-30.0,eod,2015-09-15,130.0,116.0,-6116.0
09:05:00,13:25:00,1,8412.0,8442.0,30.0,eod,2015-09-17,88.0,117.416,5882.584
09:09:00,13:25:00,-1,8290.0,8271.0,19.0,eod,2015-09-21,76.0,116.244,3683.756
09:09:00,09:16:00,-1,8202.0,8237.2,-35.20000000000073,stop,2015-09-23,64.0,115.7568,-7155.756800000146
09:16:00,09:45:00,1,8237.2,8202.0,-35.20000000000073,stop,2015-09-23,64.0,115.7568,-7155.756800000146
10:21:00,13:25:00,-1,8130.5,8086.0,44.5,eod,2015-09-24,115.0,114.866,8785.134
10:03:00,13:25:00,-1,8056.0,8120.0,-64.0,eod,2015-09-25,172.0,114.70400000000001,-12914.704
09:23:00,13:25:00,1,8074.5,8150.0,75.5,eod,2015-09-30,119.0,114.898,14985.102
10:46:00,13:25:00,1,8271.5,8300.0,28.5,eod,2015-10-01,195.0,116.286,5583.714
09:05:00,13:25:00,-1,8325.5,8321.0,4.5,eod,2015-10-05,65.0,116.586,783.414
09:49:00,13:25:00,-1,8380.0,8372.0,8.0,eod,2015-10-06,102.0,117.008,1482.992
10:00:00,13:25:00,1,8433.5,8482.0,48.5,eod,2015-10-07,113.0,117.662,9582.338
09:39:00,13:25:00,-1,8464.0,8434.0,30.0,eod,2015-10-08,140.0,117.592,5882.408
09:58:00,13:25:00,1,8555.0,8560.0,5.0,eod,2015-10-12,122.0,118.46000000000001,881.54
11:09:00,13:25:00,1,8553.0,8527.0,-26.0,eod,2015-10-14,64.0,118.32000000000001,-5318.32
08:49:00,13:25:00,1,8596.0,8619.0,23.0,eod,2015-10-15,62.0,118.86,4481.14
09:11:00,09:21:00,1,8655.0,8624.2,-30.799999999999272,stop,2015-10-19,56.0,119.1168,-6279.116799999854
09:21:00,13:25:00,-1,8624.2,8619.0,5.200000000000728,eod,2015-10-19,56.0,118.9728,921.0272000001455
09:19:00,13:25:00,-1,8708.5,8678.0,30.5,eod,2015-10-23,67.0,119.546,5980.454
10:04:00,13:25:00,-1,8697.5,8683.0,14.5,eod,2015-10-27,49.0,119.522,2780.478
10:39:00,13:25:00,-1,8648.5,8643.0,5.5,eod,2015-10-28,73.0,119.166,980.8340000000001
09:23:00,13:25:00,-1,8632.5,8587.0,45.5,eod,2015-10-29,97.0,118.878,8981.122
09:44:00,10:36:00,-1,8490.0,8567.0,-77.0,stop,2015-10-30,140.0,118.228,-15518.228
10:36:00,13:25:00,1,8567.0,8580.0,13.0,eod,2015-10-30,140.0,118.58800000000001,2481.412
11:10:00,13:25:00,1,8593.0,8576.0,-17.0,eod,2015-11-02,116.0,118.676,-3518.676
09:26:00,13:25:00,1,8713.0,8717.0,4.0,eod,2015-11-03,96.0,119.72,680.28
09:27:00,13:25:00,1,8812.5,8880.0,67.5,eod,2015-11-04,95.0,120.77,13379.23
09:15:00,13:25:00,-1,8816.5,8712.0,104.5,eod,2015-11-06,67.0,120.114,20779.886
09:13:00,09:22:00,1,8547.0,8503.0,-44.0,stop,2015-11-11,80.0,118.2,-8918.2
09:22:00,13:25:00,-1,8503.0,8422.0,81.0,eod,2015-11-11,80.0,117.7,16082.3
09:28:00,10:36:00,1,8433.5,8374.65,-58.850000000000364,stop,2015-11-13,107.0,117.2326,-11887.232600000072
10:36:00,13:25:00,-1,8374.65,8344.0,30.649999999999636,eod,2015-11-13,107.0,116.8746,6013.125399999927
08:54:00,13:25:00,1,8417.5,8446.0,28.5,eod,2015-11-17,95.0,117.45400000000001,5582.546
13:21:00,13:25:00,1,8433.0,8434.0,1.0,eod,2015-11-19,124.0,117.468,82.532
09:13:00,13:25:00,-1,8448.5,8473.0,-24.5,eod,2015-11-23,79.0,117.686,-5017.686
11:09:00,13:25:00,-1,8409.0,8386.0,23.0,eod,2015-11-24,104.0,117.18,4482.82
09:24:00,13:25:00,-1,8346.0,8368.0,-22.0,eod,2015-11-25,132.0,116.856,-4516.856
09:03:00,13:25:00,1,8461.0,8500.0,39.0,eod,2015-11-26,98.0,117.84400000000001,7682.156
09:24:00,13:25:00,-1,8462.5,8414.0,48.5,eod,2015-11-27,115.0,117.506,9582.494
09:08:00,13:25:00,-1,8232.5,8255.0,-22.5,eod,2015-11-30,157.0,115.95,-4615.95
10:42:00,13:25:00,1,8431.5,8440.0,8.5,eod,2015-12-01,143.0,117.486,1582.514
09:56:00,11:08:00,1,8506.0,8425.7,-80.29999999999927,stop,2015-12-02,146.0,117.7268,-16177.726799999855
11:08:00,13:25:00,-1,8425.7,8453.0,-27.299999999999272,eod,2015-12-02,146.0,117.51480000000001,-5577.514799999854
09:28:00,13:25:00,1,8435.5,8468.0,32.5,eod,2015-12-03,95.0,117.614,6382.386
09:10:00,09:33:00,1,8537.0,8490.8,-46.20000000000073,stop,2015-12-07,84.0,118.1112,-9358.111200000145
09:33:00,13:25:00,-1,8490.8,8478.0,12.799999999999272,eod,2015-12-07,84.0,117.87519999999999,2442.1247999998545
09:27:00,13:25:00,-1,8390.5,8347.0,43.5,eod,2015-12-08,95.0,116.95,8583.05
09:30:00,13:25:00,-1,8244.5,8224.0,20.5,eod,2015-12-09,133.0,115.874,3984.126
09:09:00,12:53:00,-1,8124.0,8187.8,-63.80000000000018,stop,2015-12-10,116.0,115.24719999999999,-12875.247200000036
12:53:00,13:25:00,1,8187.8,8192.0,4.199999999999818,eod,2015-12-10,116.0,115.5192,724.4807999999637
10:00:00,13:25:00,-1,8146.5,8075.0,71.5,eod,2015-12-11,107.0,114.886,14185.114
09:55:00,13:25:00,1,8052.0,8033.0,-19.0,eod,2015-12-14,152.0,114.34,-3914.34
09:06:00,09:30:00,1,8135.0,8071.2,-63.80000000000018,stop,2015-12-15,116.0,114.82480000000001,-12874.824800000037
09:30:00,13:25:00,-1,8071.2,8083.0,-11.800000000000182,eod,2015-12-15,116.0,114.6168,-2474.616800000036
09:52:00,13:25:00,1,8250.5,8270.0,19.5,eod,2015-12-17,97.0,116.08200000000001,3783.918
11:55:00,13:25:00,1,8311.5,8250.0,-61.5,eod,2015-12-18,127.0,116.246,-12416.246
10:32:00,13:25:00,1,8229.5,8261.0,31.5,eod,2015-12-21,113.0,115.962,6184.038
09:55:00,13:02:00,1,8339.5,8297.15,-42.350000000000364,stop,2015-12-23,77.0,116.54660000000001,-8586.546600000072
13:02:00,13:25:00,-1,8297.15,8285.0,12.149999999999636,eod,2015-12-23,77.0,116.32860000000001,2313.6713999999274
09:12:00,09:40:00,1,8386.0,8342.0,-44.0,stop,2015-12-24,80.0,116.912,-8916.912
09:40:00,13:25:00,-1,8342.0,8301.0,41.0,eod,2015-12-24,80.0,116.572,8083.428
09:02:00,09:16:00,1,8343.5,8318.75,-24.75,stop,2015-12-29,45.0,116.649,-5066.649
09:16:00,13:25:00,-1,8318.75,8296.0,22.75,eod,2015-12-29,45.0,116.459,4433.541
09:54:00,13:25:00,-1,8271.0,8250.0,21.0,eod,2015-12-30,84.0,116.084,4083.916
09:35:00,13:25:00,1,8291.5,8273.0,-18.5,eod,2015-12-31,103.0,116.258,-3816.258
09:15:00,13:25:00,-1,8229.0,8080.0,149.0,eod,2016-01-04,66.0,115.236,29684.764
09:16:00,13:25:00,-1,7978.5,7959.0,19.5,eod,2016-01-06,119.0,113.75,3786.25
09:36:00,13:25:00,-1,7882.5,7812.0,70.5,eod,2016-01-07,147.0,112.77799999999999,13987.222
09:30:00,13:25:00,1,7875.0,7852.0,-23.0,eod,2016-01-08,240.0,112.908,-4712.908
09:37:00,13:25:00,-1,7739.5,7708.0,31.5,eod,2016-01-12,121.0,111.78999999999999,6188.21
09:29:00,11:00:00,1,7848.0,7777.6,-70.39999999999964,stop,2016-01-13,128.0,112.5024,-14192.502399999927
11:00:00,13:25:00,-1,7777.6,7784.0,-6.399999999999636,eod,2016-01-13,128.0,112.2464,-1392.2463999999272
09:59:00,13:25:00,1,7703.5,7712.0,8.5,eod,2016-01-14,113.0,111.662,1588.338
09:24:00,13:25:00,-1,7742.5,7662.0,80.5,eod,2016-01-15,117.0,111.618,15988.382
08:54:00,13:25:00,1,7599.5,7813.0,213.5,eod,2016-01-18,173.0,111.65,42588.35
09:25:00,13:13:00,-1,7677.5,7735.25,-57.75,stop,2016-01-22,105.0,111.65100000000001,-11661.651
13:13:00,13:25:00,1,7735.25,7729.0,-6.25,eod,2016-01-22,105.0,111.857,-1361.857
09:10:00,13:25:00,1,7823.5,7854.0,30.5,eod,2016-01-25,111.0,112.71000000000001,5987.29
09:15:00,13:25:00,-1,7817.5,7823.0,-5.5,eod,2016-01-27,65.0,112.56200000000001,-1212.562
09:22:00,13:25:00,1,7840.5,7868.0,27.5,eod,2016-01-28,81.0,112.834,5387.166
09:39:00,13:25:00,1,7896.0,8016.0,120.0,eod,2016-01-29,110.0,113.648,23886.352
09:15:00,09:46:00,-1,8093.0,8134.8,-41.80000000000018,stop,2016-02-01,76.0,114.9112,-8474.911200000037
09:46:00,11:01:00,1,8134.8,8093.0,-41.80000000000018,stop,2016-02-01,76.0,114.9112,-8474.911200000037
10:14:00,13:25:00,1,8120.5,8107.0,-13.5,eod,2016-02-02,83.0,114.91,-2814.91
09:03:00,09:25:00,1,8070.0,8021.6,-48.399999999999636,stop,2016-02-03,88.0,114.3664,-9794.366399999928
09:25:00,12:08:00,-1,8021.6,8070.0,-48.399999999999636,stop,2016-02-03,88.0,114.3664,-9794.366399999928
09:05:00,13:25:00,1,7966.0,8063.0,97.0,eod,2016-02-15,92.0,114.116,19285.884
09:46:00,13:25:00,1,8160.5,8215.0,54.5,eod,2016-02-16,161.0,115.502,10784.498
09:02:00,09:17:00,-1,8254.5,8293.55,-39.04999999999927,stop,2016-02-18,71.0,116.1922,-7926.192199999855
09:17:00,13:25:00,1,8293.55,8289.0,-4.549999999999272,eod,2016-02-18,71.0,116.3302,-1026.3301999998546
09:05:00,10:18:00,1,8321.5,8285.75,-35.75,stop,2016-02-22,65.0,116.429,-7266.429
10:18:00,13:25:00,-1,8285.75,8302.0,-16.25,eod,2016-02-22,65.0,116.351,-3366.351
09:01:00,10:09:00,1,8330.0,8297.0,-33.0,stop,2016-02-24,60.0,116.508,-6716.508
10:09:00,13:25:00,-1,8297.0,8241.0,56.0,eod,2016-02-24,60.0,116.152,11083.848
10:51:00,13:25:00,1,8370.0,8342.0,-28.0,eod,2016-02-25,166.0,116.848,-5716.848
09:37:00,13:25:00,-1,8338.0,8363.0,-25.0,eod,2016-02-26,104.0,116.804,-5116.804
10:00:00,13:25:00,1,8424.5,8460.0,35.5,eod,2016-03-01,105.0,117.538,6982.462
09:21:00,10:17:00,1,8567.5,8526.25,-41.25,stop,2016-03-03,75.0,118.375,-8368.375
10:17:00,13:01:00,-1,8526.25,8567.5,-41.25,stop,2016-03-03,75.0,118.375,-8368.375
10:55:00,13:25:00,1,8614.5,8600.0,-14.5,eod,2016-03-04,89.0,118.858,-3018.858
09:23:00,11:12:00,1,8640.0,8601.5,-38.5,stop,2016-03-07,70.0,118.96600000000001,-7818.966
11:12:00,13:25:00,-1,8601.5,8606.0,-4.5,eod,2016-03-07,70.0,118.83,-1018.83
09:43:00,13:25:00,-1,8555.0,8609.0,-54.0,eod,2016-03-08,112.0,118.656,-10918.656
09:34:00,13:25:00,-1,8565.5,8614.0,-48.5,eod,2016-03-09,95.0,118.718,-9818.718
09:35:00,09:56:00,1,8667.5,8625.15,-42.350000000000364,stop,2016-03-10,77.0,119.17060000000001,-8589.170600000072
09:56:00,13:25:00,-1,8625.15,8643.0,-17.850000000000364,eod,2016-03-10,77.0,119.07260000000001,-3689.0726000000727
09:54:00,13:25:00,1,8655.5,8695.0,39.5,eod,2016-03-11,75.0,119.402,7780.598
09:45:00,13:25:00,1,8776.5,8749.0,-27.5,eod,2016-03-14,99.0,120.102,-5620.102
10:35:00,13:25:00,-1,8712.5,8585.0,127.5,eod,2016-03-15,53.0,119.19,25380.81
08:50:00,09:31:00,1,8784.5,8750.95,-33.54999999999927,stop,2016-03-17,61.0,120.1418,-6830.141799999855
09:31:00,10:03:00,-1,8750.95,8784.5,-33.54999999999927,stop,2016-03-17,61.0,120.1418,-6830.141799999855
09:15:00,13:25:00,-1,8760.0,8766.0,-6.0,eod,2016-03-21,76.0,120.104,-1320.104
09:04:00,13:25:00,-1,8715.0,8722.0,-7.0,eod,2016-03-22,120.0,119.748,-1519.748
10:44:00,13:25:00,-1,8703.0,8718.0,-15.0,eod,2016-03-23,116.0,119.684,-3119.684
09:13:00,09:43:00,-1,8640.5,8689.45,-48.95000000000073,stop,2016-03-24,89.0,119.3198,-9909.319800000145
09:43:00,13:25:00,1,8689.45,8721.0,31.549999999999272,eod,2016-03-24,89.0,119.6418,6190.358199999854
09:04:00,09:51:00,-1,8676.0,8724.4,-48.399999999999636,stop,2016-03-28,88.0,119.6016,-9799.601599999927
09:51:00,13:25:00,1,8724.4,8691.0,-33.399999999999636,eod,2016-03-28,88.0,119.6616,-6799.661599999928
10:18:00,13:25:00,-1,8642.0,8594.0,48.0,eod,2016-03-29,80.0,118.944,9481.056
09:45:00,13:25:00,1,8711.5,8724.0,12.5,eod,2016-03-30,133.0,119.742,2380.258
10:07:00,13:25:00,-1,8723.5,8722.0,1.5,eod,2016-03-31,121.0,119.782,180.21800000000002
11:21:00,13:25:00,-1,8608.0,8630.0,-22.0,eod,2016-04-01,124.0,118.952,-4518.952
09:01:00,13:25:00,-1,8543.0,8474.0,69.0,eod,2016-04-06,96.0,118.068,13681.932
10:41:00,13:25:00,-1,8397.0,8445.0,-48.0,eod,2016-04-07,146.0,117.368,-9717.368
09:41:00,13:25:00,1,8444.0,8486.0,42.0,eod,2016-04-08,112.0,117.72,8282.28
10:50:00,13:25:00,1,8518.5,8520.0,1.5,eod,2016-04-11,125.0,118.154,181.846
11:34:00,13:25:00,-1,8483.5,8495.0,-11.5,eod,2016-04-12,115.0,117.914,-2417.914
09:20:00,13:25:00,1,8600.0,8633.0,33.0,eod,2016-04-13,116.0,118.932,6481.068
10:07:00,13:25:00,-1,8647.5,8664.0,-16.5,eod,2016-04-14,115.0,119.246,-3419.246
09:40:00,13:25:00,1,8659.5,8692.0,32.5,eod,2016-04-15,79.0,119.406,6380.594
09:03:00,09:27:00,1,8727.0,8697.3,-29.700000000000728,stop,2016-04-19,54.0,119.6972,-6059.697200000145
09:27:00,13:25:00,-1,8697.3,8642.0,55.29999999999927,eod,2016-04-19,54.0,119.35719999999999,10940.642799999854
09:54:00,10:49:00,1,8553.0,8509.0,-44.0,stop,2016-04-22,80.0,118.248,-8918.248
10:49:00,13:25:00,-1,8509.0,8501.0,8.0,eod,2016-04-22,80.0,118.04,1481.96
09:15:00,10:21:00,1,8564.5,8529.85,-34.649999999999636,stop,2016-04-26,63.0,118.3774,-7048.377399999928
10:21:00,12:34:00,-1,8529.85,8564.5,-34.649999999999636,stop,2016-04-26,63.0,118.3774,-7048.377399999928
09:06:00,09:27:00,-1,8512.0,8564.8,-52.79999999999927,stop,2016-04-27,96.0,118.3072,-10678.307199999854
09:27:00,13:25:00,1,8564.8,8560.0,-4.799999999999272,eod,2016-04-27,96.0,118.4992,-1078.4991999998545
09:12:00,13:25:00,-1,8544.0,8428.0,116.0,eod,2016-04-28,84.0,117.888,23082.112
09:26:00,13:25:00,-1,8270.5,8258.0,12.5,eod,2016-05-03,97.0,116.114,2383.886
10:21:00,13:25:00,-1,8183.0,8137.0,46.0,eod,2016-05-04,110.0,115.28,9084.72
09:14:00,09:20:00,-1,8075.0,8122.3,-47.30000000000018,stop,2016-05-06,86.0,114.7892,-9574.789200000036
09:20:00,09:50:00,1,8122.3,8075.0,-47.30000000000018,stop,2016-05-06,86.0,114.7892,-9574.789200000036
09:45:00,13:25:00,-1,8101.5,8108.0,-6.5,eod,2016-05-09,79.0,114.83800000000001,-1414.838
09:18:00,09:48:00,-1,8068.5,8120.75,-52.25,stop,2016-05-10,95.0,114.757,-10564.757
09:48:00,13:25:00,1,8120.75,8155.0,34.25,eod,2016-05-10,95.0,115.103,6734.897
09:41:00,13:25:00,-1,8115.5,8125.0,-9.5,eod,2016-05-11,123.0,114.962,-2014.962
09:20:00,11:17:00,1,8151.5,8090.45,-61.05000000000018,stop,2016-05-12,111.0,114.96780000000001,-12324.967800000037
11:17:00,13:25:00,-1,8090.45,8102.0,-11.550000000000182,eod,2016-05-12,111.0,114.7698,-2424.7698000000364
09:06:00,13:25:00,-1,8022.5,8006.0,16.5,eod,2016-05-13,89.0,114.114,3185.886
10:54:00,13:25:00,1,8082.0,8058.0,-24.0,eod,2016-05-16,122.0,114.56,-4914.56
10:00:00,11:34:00,-1,8027.5,8080.85,-53.350000000000364,stop,2016-05-17,97.0,114.4334,-10784.433400000073
11:34:00,13:25:00,1,8080.85,8137.0,56.149999999999636,eod,2016-05-17,97.0,114.87140000000001,11115.128599999927
09:27:00,13:25:00,-1,8070.0,8045.0,25.0,eod,2016-05-19,96.0,114.46000000000001,4885.54
09:00:00,09:26:00,1,8097.0,8028.8,-68.19999999999982,stop,2016-05-20,124.0,114.50319999999999,-13754.503199999963
09:26:00,10:05:00,-1,8028.8,8097.0,-68.19999999999982,stop,2016-05-20,124.0,114.50319999999999,-13754.503199999963
09:06:00,09:32:00,-1,8070.0,8126.1,-56.100000000000364,stop,2016-05-23,102.0,114.7844,-11334.784400000073
09:32:00,13:25:00,1,8126.1,8336.0,209.89999999999964,eod,2016-05-23,102.0,115.8484,41864.151599999925
09:17:00,09:28:00,1,8375.5,8337.55,-37.95000000000073,stop,2016-05-25,69.0,116.8522,-7706.852200000146
09:28:00,11:15:00,-1,8337.55,8375.5,-37.95000000000073,stop,2016-05-25,69.0,116.8522,-7706.852200000146
10:00:00,13:25:00,-1,8361.0,8388.0,-27.0,eod,2016-05-26,80.0,116.996,-5516.996
09:00:00,09:24:00,1,8444.0,8413.2,-30.799999999999272,stop,2016-05-27,56.0,117.42880000000001,-6277.428799999854
09:24:00,12:55:00,-1,8413.2,8444.0,-30.799999999999272,stop,2016-05-27,56.0,117.42880000000001,-6277.428799999854
08:51:00,10:10:00,-1,8442.0,8484.9,-42.899999999999636,stop,2016-05-30,78.0,117.70760000000001,-8697.707599999927
10:10:00,13:25:00,1,8484.9,8521.0,36.100000000000364,eod,2016-05-30,78.0,118.0236,7101.976400000072
09:29:00,13:25:00,1,8535.0,8572.0,37.0,eod,2016-06-01,90.0,118.428,7281.572
11:37:00,13:25:00,1,8590.0,8578.0,-12.0,eod,2016-06-04,48.0,118.672,-2518.672
08:49:00,09:30:00,1,8590.0,8573.5,-16.5,stop,2016-06-06,30.0,118.654,-3418.654
09:30:00,09:34:00,-1,8573.5,8590.0,-16.5,stop,2016-06-06,30.0,118.654,-3418.654
09:12:00,13:25:00,1,8712.0,8705.0,-7.0,eod,2016-06-08,78.0,119.668,-1519.6680000000001
09:00:00,13:25:00,-1,8599.5,8511.0,88.5,eod,2016-06-13,71.0,118.44200000000001,17581.558
11:27:00,13:25:00,1,8562.0,8573.0,11.0,eod,2016-06-14,134.0,118.54,2081.46
09:06:00,13:25:00,-1,8360.5,8288.0,72.5,eod,2016-06-16,99.0,116.59400000000001,14383.406
09:49:00,13:25:00,1,8429.5,8389.0,-40.5,eod,2016-06-17,163.0,117.274,-8217.274
09:02:00,13:25:00,-1,8460.0,8459.0,1.0,eod,2016-06-20,86.0,117.676,82.324
09:45:00,13:25:00,1,8505.0,8510.0,5.0,eod,2016-06-21,92.0,118.06,881.94
09:55:00,10:46:00,-1,8465.0,8514.5,-49.5,stop,2016-06-22,90.0,117.918,-10017.918
10:46:00,13:25:00,1,8514.5,8511.0,-3.5,eod,2016-06-22,90.0,118.102,-818.102
09:57:00,13:25:00,-1,8480.0,8503.0,-23.0,eod,2016-06-23,70.0,117.932,-4717.932
08:45:00,08:58:00,1,8529.5,8497.05,-32.45000000000073,stop,2016-06-24,59.0,118.1062,-6608.106200000146
08:58:00,09:42:00,-1,8497.05,8529.5,-32.45000000000073,stop,2016-06-24,59.0,118.1062,-6608.106200000146
09:31:00,13:25:00,1,8324.0,8376.0,52.0,eod,2016-06-28,100.0,116.8,10283.2
09:27:00,13:25:00,1,8455.5,8450.0,-5.5,eod,2016-06-29,127.0,117.622,-1217.622
09:33:00,09:55:00,-1,8441.0,8497.1,-56.100000000000364,stop,2016-06-30,102.0,117.7524,-11337.752400000072
09:55:00,13:25:00,1,8497.1,8525.0,27.899999999999636,eod,2016-06-30,102.0,118.0884,5461.911599999928
09:30:00,13:25:00,1,8619.0,8612.0,-7.0,eod,2016-07-01,102.0,118.924,-1518.924
09:03:00,13:25:00,1,8542.0,8557.0,15.0,eod,2016-07-07,68.0,118.396,2881.604
08:53:00,13:25:00,1,8716.0,8721.0,5.0,eod,2016-07-11,66.0,119.748,880.252
09:42:00,13:25:00,1,8786.5,8773.0,-13.5,eod,2016-07-12,71.0,120.238,-2820.238
09:04:00,13:25:00,-1,8795.5,8792.0,3.5,eod,2016-07-13,59.0,120.35000000000001,579.65
09:35:00,13:25:00,1,8882.0,8911.0,29.0,eod,2016-07-15,72.0,121.172,5678.828
09:22:00,13:25:00,1,8969.0,8993.0,24.0,eod,2016-07-18,102.0,121.848,4678.152
09:05:00,10:48:00,-1,8975.5,9024.45,-48.95000000000073,stop,2016-07-19,89.0,121.99980000000001,-9911.999800000145
10:48:00,13:25:00,1,9024.45,9025.0,0.5499999999992724,eod,2016-07-19,89.0,122.1978,-12.19780000014552
09:11:00,13:25:00,1,8957.0,8976.0,19.0,eod,2016-07-21,70.0,121.732,3678.268
09:03:00,09:23:00,1,8996.5,8964.05,-32.45000000000073,stop,2016-07-25,59.0,121.8422,-6611.842200000146
09:23:00,13:25:00,-1,8964.05,8870.0,94.04999999999927,eod,2016-07-25,59.0,121.3362,18688.663799999853
12:19:00,13:25:00,-1,8962.0,8980.0,-18.0,eod,2016-07-27,108.0,121.768,-3721.768
09:11:00,09:30:00,-1,8933.5,8986.85,-53.350000000000364,stop,2016-07-28,97.0,121.6814,-10791.681400000072
09:30:00,13:25:00,1,8986.85,8995.0,8.149999999999636,eod,2016-07-28,97.0,121.92739999999999,1508.0725999999272
09:17:00,13:25:00,-1,8952.5,8949.0,3.5,eod,2016-07-29,101.0,121.606,578.394
09:29:00,13:25:00,1,9002.5,9010.0,7.5,eod,2016-08-01,125.0,122.05,1377.95
08:45:00,09:28:00,-1,8893.0,8916.1,-23.100000000000364,stop,2016-08-03,42.0,121.23639999999999,-4741.2364000000725
09:28:00,13:25:00,1,8916.1,8945.0,28.899999999999636,eod,2016-08-03,42.0,121.4444,5658.555599999927
09:30:00,13:25:00,-1,8934.5,8968.0,-33.5,eod,2016-08-04,111.0,121.61,-6821.61
09:27:00,13:25:00,1,9046.5,9056.0,9.5,eod,2016-08-05,101.0,122.41,1777.59
09:36:00,13:25:00,-1,9082.5,9109.0,-26.5,eod,2016-08-08,101.0,122.766,-5422.766
09:30:00,10:52:00,-1,9111.5,9138.45,-26.950000000000728,stop,2016-08-10,49.0,122.99980000000001,-5512.999800000145
10:52:00,13:25:00,1,9138.45,9158.0,19.549999999999272,eod,2016-08-10,49.0,123.1858,3786.8141999998543
10:39:00,13:25:00,-1,9086.5,9076.0,10.5,eod,2016-08-11,77.0,122.65,1977.35
09:09:00,09:36:00,-1,9123.5,9149.35,-25.850000000000364,stop,2016-08-15,47.0,123.0914,-5293.091400000073
09:36:00,09:50:00,1,9149.35,9123.5,-25.850000000000364,stop,2016-08-15,47.0,123.0914,-5293.091400000073
09:15:00,13:25:00,-1,9118.0,9101.0,17.0,eod,2016-08-16,74.0,122.876,3277.124
08:45:00,08:59:00,-1,8982.0,9012.8,-30.799999999999272,stop,2016-08-18,56.0,121.97919999999999,-6281.979199999854
08:59:00,13:25:00,1,9012.8,9041.0,28.200000000000728,eod,2016-08-18,56.0,122.2152,5517.784800000146
09:09:00,09:49:00,1,9089.5,9046.05,-43.45000000000073,stop,2016-08-19,79.0,122.5422,-8812.542200000145
09:49:00,13:25:00,-1,9046.05,8971.0,75.04999999999927,eod,2016-08-19,79.0,122.0682,14887.931799999855
11:06:00,13:25:00,-1,8857.5,8893.0,-35.5,eod,2016-08-22,167.0,121.002,-7221.002
11:00:00,13:25:00,1,8969.0,8980.0,11.0,eod,2016-08-23,96.0,121.796,2078.204
09:25:00,13:25:00,-1,8964.0,8959.0,5.0,eod,2016-08-24,76.0,121.69200000000001,878.308
09:00:00,13:25:00,1,8979.5,9049.0,69.5,eod,2016-08-25,75.0,122.114,13777.886
09:10:00,09:31:00,1,9072.0,9042.3,-29.700000000000728,stop,2016-08-29,54.0,122.4572,-6062.457200000145
09:31:00,13:25:00,-1,9042.3,9038.0,4.299999999999272,eod,2016-08-29,54.0,122.3212,737.6787999998545
08:45:00,09:19:00,1,9050.0,9014.8,-35.20000000000073,stop,2016-08-31,64.0,122.25919999999999,-7162.259200000146
09:19:00,13:25:00,-1,9014.8,8980.0,34.79999999999927,eod,2016-08-31,64.0,121.97919999999999,6838.020799999855
09:16:00,13:25:00,-1,8920.5,8947.0,-26.5,eod,2016-09-01,101.0,121.47,-5421.47
09:00:00,13:25:00,1,9034.5,9061.0,26.5,eod,2016-09-05,69.0,122.382,5177.618
09:33:00,13:25:00,1,9108.0,9138.0,30.0,eod,2016-09-06,70.0,122.984,5877.016
09:13:00,13:25:00,1,9205.0,9254.0,49.0,eod,2016-09-07,98.0,123.836,9676.164
08:47:00,13:25:00,-1,9163.0,9131.0,32.0,eod,2016-09-09,38.0,123.176,6276.824
08:48:00,13:25:00,1,8965.5,8979.0,13.5,eod,2016-09-10,71.0,121.778,2578.222
09:01:00,13:25:00,-1,8951.0,8926.0,25.0,eod,2016-09-12,78.0,121.508,4878.492
09:26:00,13:25:00,-1,8926.0,8893.0,33.0,eod,2016-09-13,96.0,121.276,6478.724
08:45:00,13:25:00,1,8993.0,9143.0,150.0,eod,2016-09-19,88.0,122.544,29877.456
09:44:00,13:25:00,-1,9166.5,9190.0,-23.5,eod,2016-09-22,109.0,123.426,-4823.426
09:00:00,13:25:00,-1,9192.5,9155.0,37.5,eod,2016-09-26,59.0,123.39,7376.61
08:48:00,09:01:00,1,9265.0,9222.1,-42.899999999999636,stop,2016-09-29,78.0,123.94839999999999,-8703.948399999927
09:01:00,10:02:00,-1,9222.1,9265.0,-42.899999999999636,stop,2016-09-29,78.0,123.94839999999999,-8703.948399999927
09:34:00,13:25:00,-1,9137.5,9167.0,-29.5,eod,2016-09-30,91.0,123.218,-6023.218
09:35:00,13:25:00,-1,9165.5,9187.0,-21.5,eod,2016-10-03,79.0,123.41,-4423.41
09:40:00,13:25:00,1,9236.5,9245.0,8.5,eod,2016-10-04,69.0,123.926,1576.074
09:53:00,13:25:00,1,9246.0,9240.0,-6.0,eod,2016-10-05,72.0,123.944,-1323.944
09:00:00,13:25:00,-1,9248.5,9256.0,-7.5,eod,2016-10-06,65.0,124.018,-1624.018
08:52:00,09:08:00,1,9316.5,9298.35,-18.149999999999636,stop,2016-10-11,33.0,124.4594,-3754.4593999999274
09:08:00,13:25:00,-1,9298.35,9185.0,113.35000000000036,eod,2016-10-11,33.0,123.93339999999999,22546.06660000007
09:53:00,13:25:00,-1,9213.0,9207.0,6.0,eod,2016-10-13,110.0,123.68,1076.32
10:42:00,13:25:00,-1,9155.5,9177.0,-21.5,eod,2016-10-14,103.0,123.33,-4423.33
08:48:00,11:24:00,-1,9139.5,9181.85,-42.350000000000364,stop,2016-10-17,77.0,123.2854,-8593.285400000073
11:24:00,13:25:00,1,9181.85,9167.0,-14.850000000000364,eod,2016-10-17,77.0,123.3954,-3093.3954000000726
09:03:00,09:50:00,1,9289.0,9256.0,-33.0,stop,2016-10-21,60.0,124.18,-6724.18
09:50:00,13:25:00,-1,9256.0,9281.0,-25.0,eod,2016-10-21,60.0,124.148,-5124.148
11:12:00,13:25:00,1,9356.0,9381.0,25.0,eod,2016-10-25,56.0,124.94800000000001,4875.052
09:06:00,09:24:00,1,9344.0,9322.0,-22.0,stop,2016-10-27,40.0,124.664,-4524.664
09:24:00,09:25:00,-1,9322.0,9344.0,-22.0,stop,2016-10-27,40.0,124.664,-4524.664
08:57:00,11:05:00,-1,9237.0,9265.6,-28.600000000000364,stop,2016-10-31,52.0,124.01039999999999,-5844.010400000073
11:05:00,13:25:00,1,9265.6,9292.0,26.399999999999636,eod,2016-10-31,52.0,124.23039999999999,5155.769599999927
09:45:00,13:25:00,-1,9166.0,9160.0,6.0,eod,2016-11-02,66.0,123.304,1076.696
11:04:00,13:25:00,-1,9090.5,9092.0,-1.5,eod,2016-11-03,81.0,122.73,-422.73
09:20:00,13:25:00,1,9154.5,9188.0,33.5,eod,2016-11-07,47.0,123.37,6576.63
10:06:00,13:09:00,-1,9173.5,9220.25,-46.75,stop,2016-11-08,85.0,123.575,-9473.575
13:09:00,13:25:00,1,9220.25,9223.0,2.75,eod,2016-11-08,85.0,123.773,426.227
08:51:00,09:38:00,1,9257.0,9219.6,-37.399999999999636,stop,2016-11-09,68.0,123.90639999999999,-7603.906399999927
09:38:00,13:25:00,-1,9219.6,8920.0,299.60000000000036,eod,2016-11-09,68.0,122.55839999999999,59797.44160000007
08:45:00,09:08:00,-1,9019.0,9050.9,-31.899999999999636,stop,2016-11-11,58.0,122.2796,-6502.279599999927
09:08:00,09:11:00,1,9050.9,9019.0,-31.899999999999636,stop,2016-11-11,58.0,122.2796,-6502.279599999927
09:31:00,11:06:00,-1,8903.0,8962.4,-59.399999999999636,stop,2016-11-14,108.0,121.4616,-12001.461599999928
11:06:00,13:25:00,1,8962.4,8944.0,-18.399999999999636,eod,2016-11-14,108.0,121.6256,-3801.625599999927
09:15:00,13:25:00,1,8955.5,8946.0,-9.5,eod,2016-11-15,111.0,121.606,-2021.606
09:34:00,09:50:00,-1,8914.5,8944.75,-30.25,stop,2016-11-17,55.0,121.437,-6171.437
09:50:00,13:25:00,1,8944.75,8953.0,8.25,eod,2016-11-17,55.0,121.59100000000001,1528.409
08:58:00,11:29:00,-1,8949.5,8981.95,-32.45000000000073,stop,2016-11-18,59.0,121.7258,-6611.725800000146
11:29:00,13:25:00,1,8981.95,8985.0,3.0499999999992724,eod,2016-11-18,59.0,121.8678,488.1321999998545
10:09:00,13:25:00,1,9020.0,9014.0,-6.0,eod,2016-11-21,80.0,122.136,-1322.136
09:05:00,13:25:00,1,9077.5,9145.0,67.5,eod,2016-11-22,55.0,122.89,13377.11
09:35:00,11:08:00,-1,9131.0,9158.5,-27.5,stop,2016-11-24,50.0,123.158,-5623.158
11:08:00,13:25:00,1,9158.5,9145.0,-13.5,eod,2016-11-24,50.0,123.214,-2823.214
09:37:00,13:25:00,1,9166.0,9165.0,-1.0,eod,2016-11-25,48.0,123.324,-323.324
09:17:00,13:25:00,1,9186.5,9223.0,36.5,eod,2016-11-28,59.0,123.638,7176.362
09:20:00,10:57:00,1,9232.0,9208.9,-23.100000000000364,stop,2016-11-30,42.0,123.76360000000001,-4743.763600000073
10:57:00,13:25:00,-1,9208.9,9208.0,0.8999999999996362,eod,2016-11-30,42.0,123.66760000000001,56.33239999992723
09:15:00,09:35:00,1,9263.0,9225.6,-37.399999999999636,stop,2016-12-01,68.0,123.95439999999999,-7603.954399999927
09:35:00,09:54:00,-1,9225.6,9263.0,-37.399999999999636,stop,2016-12-01,68.0,123.95439999999999,-7603.954399999927
09:00:00,13:25:00,-1,9168.5,9167.0,1.5,eod,2016-12-02,61.0,123.342,176.65800000000002
09:24:00,10:09:00,-1,9133.0,9161.6,-28.600000000000364,stop,2016-12-05,52.0,123.1784,-5843.1784000000725
10:09:00,13:25:00,1,9161.6,9155.0,-6.600000000000364,eod,2016-12-05,52.0,123.26639999999999,-1443.2664000000727
09:18:00,13:25:00,1,9265.0,9261.0,-4.0,eod,2016-12-06,66.0,124.104,-924.104
09:40:00,13:25:00,-1,9272.5,9264.0,8.5,eod,2016-12-07,55.0,124.146,1575.854
09:03:00,11:43:00,-1,9331.5,9362.85,-31.350000000000364,stop,2016-12-08,57.0,124.7774,-6394.777400000073
11:43:00,13:25:00,1,9362.85,9351.0,-11.850000000000364,eod,2016-12-08,57.0,124.85539999999999,-2494.8554000000727
09:07:00,09:16:00,-1,9403.0,9421.7,-18.700000000000728,stop,2016-12-12,34.0,125.2988,-3865.2988000001455
09:16:00,09:58:00,1,9421.7,9403.0,-18.700000000000728,stop,2016-12-12,34.0,125.2988,-3865.2988000001455
09:13:00,13:25:00,-1,9387.5,9377.0,10.5,eod,2016-12-14,43.0,125.058,1974.942
12:31:00,13:25:00,1,9360.0,9370.0,10.0,eod,2016-12-15,60.0,124.92,1875.08
13:08:00,13:25:00,-1,9332.5,9332.0,0.5,eod,2016-12-16,69.0,124.658,-24.658
13:02:00,13:25:00,-1,9259.5,9258.0,1.5,eod,2016-12-19,61.0,124.07000000000001,175.93
09:36:00,13:25:00,-1,9223.5,9241.0,-17.5,eod,2016-12-20,75.0,123.858,-3623.858
09:06:00,13:25:00,-1,9189.0,9140.0,49.0,eod,2016-12-22,44.0,123.316,9676.684
08:47:00,13:25:00,1,9122.0,9203.0,81.0,eod,2016-12-28,24.0,123.3,16076.7
08:45:00,13:25:00,1,9236.5,9263.0,26.5,eod,2016-12-30,43.0,123.998,5176.002
09:35:00,10:17:00,-1,9232.5,9269.35,-36.850000000000364,stop,2017-01-03,67.0,124.00739999999999,-7494.007400000073
10:17:00,13:25:00,1,9269.35,9266.0,-3.350000000000364,eod,2017-01-03,67.0,124.14139999999999,-794.1414000000727
09:12:00,13:25:00,1,9287.0,9347.0,60.0,eod,2017-01-05,34.0,124.536,11875.464
09:02:00,10:01:00,1,9397.5,9377.15,-20.350000000000364,stop,2017-01-09,37.0,125.0986,-4195.098600000073
10:01:00,13:25:00,-1,9377.15,9346.0,31.149999999999636,eod,2017-01-09,37.0,124.8926,6105.107399999927
09:00:00,13:25:00,-1,9380.0,9345.0,35.0,eod,2017-01-11,30.0,124.9,6875.1
09:07:00,13:25:00,1,9384.5,9416.0,31.5,eod,2017-01-12,63.0,125.202,6174.798
08:45:00,13:25:00,-1,9342.0,9292.0,50.0,eod,2017-01-16,36.0,124.536,9875.464
09:22:00,13:25:00,1,9326.0,9336.0,10.0,eod,2017-01-17,88.0,124.648,1875.352
08:49:00,13:25:00,-1,9319.5,9302.0,17.5,eod,2017-01-19,35.0,124.486,3375.514
10:54:00,13:25:00,1,9327.0,9330.0,3.0,eod,2017-01-20,88.0,124.628,475.372
08:46:00,13:25:00,1,9349.0,9403.0,54.0,eod,2017-01-23,60.0,125.008,10674.992
08:55:00,13:25:00,-1,9470.5,9412.0,58.5,eod,2017-02-02,59.0,125.53,11574.47
08:50:00,09:05:00,-1,9452.0,9479.5,-27.5,stop,2017-02-06,50.0,125.726,-5625.726
09:05:00,13:25:00,1,9479.5,9508.0,28.5,eod,2017-02-06,50.0,125.95,5574.05
09:12:00,09:20:00,1,9534.5,9510.85,-23.649999999999636,stop,2017-02-08,43.0,126.1814,-4856.181399999928
09:20:00,13:25:00,-1,9510.85,9516.0,-5.149999999999636,eod,2017-02-08,43.0,126.1074,-1156.1073999999273
10:00:00,13:25:00,1,9554.0,9576.0,22.0,eod,2017-02-09,72.0,126.52,4273.48
09:30:00,13:25:00,1,9637.0,9657.0,20.0,eod,2017-02-10,74.0,127.176,3872.824
08:51:00,09:05:00,1,9751.0,9726.8,-24.200000000000728,stop,2017-02-14,44.0,127.9112,-4967.911200000145
09:05:00,10:56:00,-1,9726.8,9751.0,-24.200000000000728,stop,2017-02-14,44.0,127.9112,-4967.911200000145
09:29:00,13:25:00,-1,9779.5,9770.0,9.5,eod,2017-02-16,79.0,128.198,1771.802
08:45:00,09:20:00,1,9794.5,9785.15,-9.350000000000364,stop,2017-02-20,17.0,128.3186,-1998.3186000000728
09:20:00,13:25:00,-1,9785.15,9740.0,45.149999999999636,eod,2017-02-20,17.0,128.10060000000001,8901.899399999927
09:40:00,13:25:00,-1,9738.5,9757.0,-18.5,eod,2017-02-21,77.0,127.982,-3827.982
08:52:00,09:38:00,1,9811.5,9780.15,-31.350000000000364,stop,2017-02-22,57.0,128.3666,-6398.366600000073
09:38:00,13:25:00,-1,9780.15,9779.0,1.1499999999996362,eod,2017-02-22,57.0,128.2366,101.76339999992723
09:40:00,11:01:00,1,9810.0,9777.0,-33.0,stop,2017-02-23,60.0,128.348,-6728.348
11:01:00,13:25:00,-1,9777.0,9771.0,6.0,eod,2017-02-23,60.0,128.192,1071.808
09:05:00,09:41:00,-1,9737.5,9773.25,-35.75,stop,2017-02-24,65.0,128.043,-7278.043
09:41:00,13:25:00,1,9773.25,9772.0,-1.25,eod,2017-02-24,65.0,128.18099999999998,-378.181
08:46:00,13:25:00,-1,9738.0,9686.0,52.0,eod,2017-03-01,56.0,127.696,10272.304
10:09:00,13:25:00,-1,9715.0,9684.0,31.0,eod,2017-03-02,92.0,127.596,6072.404
09:16:00,13:25:00,1,9663.5,9668.0,4.5,eod,2017-03-06,49.0,127.32600000000001,772.674
09:35:00,11:22:00,-1,9710.0,9738.6,-28.600000000000364,stop,2017-03-08,52.0,127.7944,-5847.7944000000725
11:22:00,13:25:00,1,9738.6,9754.0,15.399999999999636,eod,2017-03-08,52.0,127.9704,2952.029599999927
09:11:00,13:25:00,-1,9707.0,9657.0,50.0,eod,2017-03-09,64.0,127.456,9872.544
09:23:00,13:25:00,-1,9597.0,9631.0,-34.0,eod,2017-03-10,100.0,126.912,-6926.912
09:15:00,13:25:00,1,9692.5,9691.0,-1.5,eod,2017-03-13,97.0,127.534,-427.534
09:39:00,13:25:00,1,9740.5,9750.0,9.5,eod,2017-03-14,55.0,127.962,1772.038
09:01:00,09:06:00,-1,9786.5,9806.85,-20.350000000000364,stop,2017-03-16,37.0,128.3734,-4198.373400000073
09:06:00,13:25:00,1,9806.85,9836.0,29.149999999999636,eod,2017-03-16,37.0,128.57139999999998,5701.428599999927
10:38:00,13:25:00,1,9899.5,9898.0,-1.5,eod,2017-03-20,59.0,129.19,-429.19
09:40:00,13:25:00,1,9952.5,9966.0,13.5,eod,2017-03-21,53.0,129.674,2570.326
09:04:00,09:46:00,-1,9858.0,9893.2,-35.20000000000073,stop,2017-03-22,64.0,129.0048,-7169.004800000145
09:46:00,13:25:00,1,9893.2,9891.0,-2.2000000000007276,eod,2017-03-22,64.0,129.1368,-569.1368000001455
09:18:00,13:25:00,-1,9913.0,9918.0,-5.0,eod,2017-03-23,56.0,129.324,-1129.324
10:09:00,13:25:00,-1,9890.5,9900.0,-9.5,eod,2017-03-24,73.0,129.162,-2029.162
08:50:00,09:11:00,-1,9855.5,9880.25,-24.75,stop,2017-03-27,45.0,128.94299999999998,-5078.943
09:11:00,13:25:00,1,9880.25,9870.0,-10.25,eod,2017-03-27,45.0,129.001,-2179.001
10:40:00,13:25:00,-1,9883.5,9873.0,10.5,eod,2017-03-28,73.0,129.026,1970.974
09:41:00,10:20:00,-1,9837.5,9866.65,-29.149999999999636,stop,2017-03-30,53.0,128.8166,-5958.816599999927
10:20:00,13:25:00,1,9866.65,9859.0,-7.649999999999636,eod,2017-03-30,53.0,128.9026,-1658.9025999999271
13:18:00,13:25:00,-1,9831.0,9839.0,-8.0,eod,2017-03-31,54.0,128.68,-1728.68
09:01:00,13:25:00,1,9879.0,9926.0,47.0,eod,2017-04-05,60.0,129.22,9270.78
08:55:00,13:25:00,-1,9872.5,9866.0,6.5,eod,2017-04-07,61.0,128.954,1171.046
09:36:00,10:04:00,1,9890.5,9863.55,-26.950000000000728,stop,2017-04-11,49.0,129.0162,-5519.016200000146
10:04:00,13:25:00,-1,9863.55,9827.0,36.54999999999927,eod,2017-04-11,49.0,128.7622,7181.237799999854
09:06:00,13:25:00,1,9829.0,9848.0,19.0,eod,2017-04-13,54.0,128.708,3671.292
09:00:00,13:25:00,-1,9767.5,9727.0,40.5,eod,2017-04-14,77.0,127.97800000000001,7972.022
10:11:00,13:25:00,-1,9691.5,9720.0,-28.5,eod,2017-04-17,97.0,127.646,-5827.646
09:50:00,13:25:00,1,9635.5,9623.0,-12.5,eod,2017-04-20,75.0,127.034,-2627.034
10:54:00,13:25:00,1,9693.0,9703.0,10.0,eod,2017-04-21,56.0,127.584,1872.416
09:23:00,13:25:00,-1,9721.5,9708.0,13.5,eod,2017-04-24,51.0,127.718,2572.282
10:16:00,13:25:00,1,9787.0,9801.0,14.0,eod,2017-04-25,82.0,128.352,2671.648
09:19:00,10:04:00,1,9868.0,9844.9,-23.100000000000364,stop,2017-04-28,42.0,128.85160000000002,-4748.851600000073
10:04:00,13:25:00,-1,9844.9,9853.0,-8.100000000000364,eod,2017-04-28,42.0,128.79160000000002,-1748.7916000000728
08:52:00,13:25:00,1,9924.0,9934.0,10.0,eod,2017-05-02,50.0,129.43200000000002,1870.568
09:11:00,11:44:00,-1,9935.0,9952.6,-17.600000000000364,stop,2017-05-04,32.0,129.5504,-3649.550400000073
11:44:00,13:25:00,1,9952.6,9953.0,0.3999999999996362,eod,2017-05-04,32.0,129.6224,-49.62240000007276
09:39:00,13:25:00,-1,9922.5,9893.0,29.5,eod,2017-05-05,47.0,129.262,5770.738
09:02:00,12:10:00,1,9948.0,9912.8,-35.20000000000073,stop,2017-05-09,64.0,129.4432,-7169.443200000145
12:10:00,13:25:00,-1,9912.8,9918.0,-5.200000000000728,eod,2017-05-09,64.0,129.32319999999999,-1169.3232000001456
10:03:00,13:25:00,1,9982.5,9986.0,3.5,eod,2017-05-11,41.0,129.874,570.126
09:01:00,09:12:00,-1,9975.0,9991.5,-16.5,stop,2017-05-15,30.0,129.86599999999999,-3429.866
09:12:00,13:25:00,1,9991.5,10024.0,32.5,eod,2017-05-15,30.0,130.062,6369.938
10:51:00,13:25:00,-1,10012.0,10023.0,-11.0,eod,2017-05-16,56.0,130.14,-2330.14
09:06:00,09:17:00,-1,9879.5,9905.35,-25.850000000000364,stop,2017-05-18,47.0,129.1394,-5299.139400000073
09:17:00,13:25:00,1,9905.35,9952.0,46.649999999999636,eod,2017-05-18,47.0,129.4294,9200.570599999926
09:31:00,10:11:00,-1,9944.0,9967.1,-23.100000000000364,stop,2017-05-22,42.0,129.6444,-4749.644400000073
10:11:00,13:25:00,1,9967.1,9972.0,4.899999999999636,eod,2017-05-22,42.0,129.75639999999999,850.2435999999273
09:39:00,13:25:00,1,10003.0,10001.0,-2.0,eod,2017-05-23,38.0,130.01600000000002,-530.0160000000001
08:46:00,13:25:00,1,10058.0,10103.0,45.0,eod,2017-05-25,32.0,130.644,8869.356
09:01:00,13:25:00,-1,10095.0,10089.0,6.0,eod,2017-05-26,70.0,130.736,1069.2640000000001
10:29:00,13:25:00,-1,10059.5,10030.0,29.5,eod,2017-05-31,51.0,130.358,5769.642
09:31:00,13:25:00,1,10071.0,10070.0,-1.0,eod,2017-06-01,82.0,130.56400000000002,-330.564
08:45:00,09:02:00,-1,10136.5,10149.15,-12.649999999999636,stop,2017-06-05,23.0,131.14260000000002,-2661.1425999999274
09:02:00,13:25:00,1,10149.15,10197.0,47.850000000000364,eod,2017-06-05,23.0,131.3846,9438.615400000073
09:00:00,10:57:00,1,10191.0,10178.9,-12.100000000000364,stop,2017-06-07,22.0,131.4796,-2551.479600000073
10:57:00,12:00:00,-1,10178.9,10191.0,-12.100000000000364,stop,2017-06-07,22.0,131.4796,-2551.479600000073
09:04:00,09:30:00,1,10247.0,10228.3,-18.700000000000728,stop,2017-06-09,34.0,131.90120000000002,-3871.9012000001458
09:30:00,13:25:00,-1,10228.3,10202.0,26.299999999999272,eod,2017-06-09,34.0,131.7212,5128.2787999998545
09:09:00,13:25:00,-1,10142.5,10051.0,91.5,eod,2017-06-14,37.0,130.774,18169.226
10:52:00,13:25:00,1,10106.5,10151.0,44.5,eod,2017-06-16,57.0,131.03,8768.97
09:41:00,13:25:00,1,10213.0,10246.0,33.0,eod,2017-06-19,98.0,131.836,6468.164
10:38:00,13:25:00,1,10321.5,10332.0,10.5,eod,2017-06-20,91.0,132.614,1967.386
09:01:00,13:25:00,1,10233.0,10380.0,147.0,eod,2017-06-26,52.0,132.452,29267.548
09:22:00,10:10:00,1,10332.5,10300.05,-32.45000000000073,stop,2017-06-28,59.0,132.53019999999998,-6622.530200000146
10:10:00,13:25:00,-1,10300.05,10283.0,17.049999999999272,eod,2017-06-28,59.0,132.3322,3277.6677999998547
12:51:00,13:25:00,-1,10277.5,10287.0,-9.5,eod,2017-06-29,95.0,132.25799999999998,-2032.258
09:00:00,13:25:00,-1,10274.0,10219.0,55.0,eod,2017-07-04,58.0,131.972,10868.028
11:08:00,13:25:00,1,10263.0,10297.0,34.0,eod,2017-07-05,96.0,132.24,6667.76
09:45:00,13:25:00,-1,10256.5,10262.0,-5.5,eod,2017-07-06,133.0,132.074,-1232.074
09:25:00,10:33:00,-1,10200.5,10228.55,-28.049999999999272,stop,2017-07-10,51.0,131.71620000000001,-5741.716199999854
10:33:00,13:25:00,1,10228.55,10214.0,-14.549999999999272,eod,2017-07-10,51.0,131.7702,-3041.7701999998544
09:00:00,13:25:00,1,10263.0,10349.0,86.0,eod,2017-07-11,62.0,132.448,17067.552
09:04:00,09:09:00,1,10419.5,10390.35,-29.149999999999636,stop,2017-07-13,53.0,133.2394,-5963.239399999928
09:09:00,10:18:00,-1,10390.35,10419.5,-29.149999999999636,stop,2017-07-13,53.0,133.2394,-5963.239399999928
08:52:00,09:01:00,1,10474.5,10456.35,-18.149999999999636,stop,2017-07-17,33.0,133.7234,-3763.723399999927
09:01:00,13:25:00,-1,10456.35,10426.0,30.350000000000364,eod,2017-07-17,33.0,133.5294,5936.470600000072
09:52:00,13:25:00,-1,10376.0,10385.0,-9.0,eod,2017-07-20,70.0,133.04399999999998,-1933.0439999999999
09:04:00,13:25:00,-1,10353.0,10341.0,12.0,eod,2017-07-21,50.0,132.776,2267.224
09:44:00,13:25:00,1,10329.5,10347.0,17.5,eod,2017-07-24,59.0,132.70600000000002,3367.294
09:17:00,09:47:00,1,10410.5,10383.55,-26.950000000000728,stop,2017-07-26,49.0,133.1762,-5523.176200000145
09:47:00,13:25:00,-1,10383.55,10328.0,55.54999999999927,eod,2017-07-26,49.0,132.8462,10977.153799999855
09:36:00,13:25:00,1,10415.5,10456.0,40.5,eod,2017-07-27,101.0,133.486,7966.514
11:36:00,13:25:00,-1,10345.0,10339.0,6.0,eod,2017-07-28,100.0,132.736,1067.2640000000001
09:18:00,09:45:00,-1,10293.5,10336.95,-43.45000000000073,stop,2017-07-31,79.0,132.52179999999998,-8822.521800000146
09:45:00,13:25:00,1,10336.95,10339.0,2.0499999999992724,eod,2017-07-31,79.0,132.7038,277.2961999998545
09:56:00,13:25:00,1,10405.0,10405.0,0.0,eod,2017-08-01,74.0,133.24,-133.24
09:02:00,13:25:00,1,10451.5,10456.0,4.5,eod,2017-08-02,63.0,133.63,766.37
08:45:00,09:43:00,-1,10392.0,10422.8,-30.799999999999272,stop,2017-08-03,56.0,133.2592,-6293.259199999855
09:43:00,10:02:00,1,10422.8,10392.0,-30.799999999999272,stop,2017-08-03,56.0,133.2592,-6293.259199999855
09:00:00,13:25:00,1,10503.5,10536.0,32.5,eod,2017-08-07,55.0,134.15800000000002,6365.842
09:24:00,13:25:00,-1,10526.0,10531.0,-5.0,eod,2017-08-08,64.0,134.228,-1134.228
09:07:00,13:25:00,-1,10446.5,10340.0,106.5,eod,2017-08-10,61.0,133.14600000000002,21166.854
09:42:00,13:25:00,1,10316.0,10309.0,-7.0,eod,2017-08-11,176.0,132.5,-1532.5
09:12:00,13:25:00,-1,10293.5,10237.0,56.5,eod,2017-08-14,101.0,132.122,11167.878
09:40:00,13:25:00,1,10300.0,10317.0,17.0,eod,2017-08-17,84.0,132.46800000000002,3267.532
09:24:00,10:12:00,-1,10226.5,10262.25,-35.75,stop,2017-08-21,65.0,131.95499999999998,-7281.955
10:12:00,13:25:00,1,10262.25,10274.0,11.75,eod,2017-08-21,65.0,132.14499999999998,2217.855
09:14:00,13:25:00,1,10347.5,10353.0,5.5,eod,2017-08-22,63.0,132.80200000000002,967.198
09:52:00,13:25:00,-1,10369.0,10353.0,16.0,eod,2017-08-23,64.0,132.888,3067.112
09:09:00,13:25:00,1,10408.5,10446.0,37.5,eod,2017-08-24,73.0,133.418,7366.582
09:22:00,13:25:00,1,10495.5,10488.0,-7.5,eod,2017-08-28,59.0,133.934,-1633.934
09:45:00,10:22:00,-1,10422.0,10453.9,-31.899999999999636,stop,2017-08-29,58.0,133.5036,-6513.503599999927
10:22:00,13:25:00,1,10453.9,10466.0,12.100000000000364,eod,2017-08-29,58.0,133.6796,2286.320400000073
09:13:00,09:56:00,1,10536.5,10505.15,-31.350000000000364,stop,2017-08-30,57.0,134.16660000000002,-6404.166600000073
09:56:00,12:53:00,-1,10505.15,10536.5,-31.350000000000364,stop,2017-08-30,57.0,134.16660000000002,-6404.166600000073
09:09:00,09:34:00,-1,10546.5,10573.45,-26.950000000000728,stop,2017-09-01,49.0,134.4798,-5524.479800000146
09:34:00,13:25:00,1,10573.45,10583.0,9.549999999999272,eod,2017-09-01,49.0,134.6258,1775.3741999998545
10:06:00,13:15:00,1,10579.0,10547.1,-31.899999999999636,stop,2017-09-04,58.0,134.50439999999998,-6514.504399999927
13:15:00,13:25:00,-1,10547.1,10558.0,-10.899999999999636,eod,2017-09-04,58.0,134.4204,-2314.420399999927
09:18:00,13:25:00,-1,10552.0,10567.0,-15.0,eod,2017-09-05,46.0,134.476,-3134.476
11:00:00,13:25:00,-1,10509.0,10525.0,-16.0,eod,2017-09-06,62.0,134.136,-3334.136
11:43:00,13:25:00,-1,10507.5,10485.0,22.5,eod,2017-09-07,87.0,133.97,4366.03
09:47:00,13:25:00,1,10546.5,10551.0,4.5,eod,2017-09-08,91.0,134.39,765.61
09:11:00,13:25:00,-1,10590.0,10562.0,28.0,eod,2017-09-11,76.0,134.608,5465.392
09:28:00,13:25:00,-1,10570.0,10535.0,35.0,eod,2017-09-13,50.0,134.42000000000002,6865.58
10:17:00,11:21:00,-1,10498.5,10530.95,-32.45000000000073,stop,2017-09-15,59.0,134.1178,-6624.1178000001455
11:21:00,13:25:00,1,10530.95,10542.0,11.049999999999272,eod,2017-09-15,59.0,134.29180000000002,2075.7081999998545
11:33:00,13:25:00,1,10644.5,10638.0,-6.5,eod,2017-09-18,79.0,135.13,-1435.13
10:09:00,13:25:00,-1,10613.5,10575.0,38.5,eod,2017-09-19,67.0,134.75400000000002,7565.246
10:34:00,13:25:00,1,10552.5,10573.0,20.5,eod,2017-09-21,95.0,134.502,3965.498
09:38:00,13:25:00,-1,10499.0,10437.0,62.0,eod,2017-09-22,110.0,133.744,12266.256
09:19:00,13:25:00,-1,10355.5,10341.0,14.5,eod,2017-09-25,141.0,132.786,2767.214
09:37:00,12:11:00,1,10368.0,10292.1,-75.89999999999964,stop,2017-09-26,138.0,132.6404,-15312.640399999927
12:11:00,13:25:00,-1,10292.1,10271.0,21.100000000000364,eod,2017-09-26,138.0,132.2524,4087.747600000073
09:00:00,13:25:00,-1,10324.0,10306.0,18.0,eod,2017-09-28,50.0,132.51999999999998,3467.48
09:50:00,13:25:00,1,10392.5,10380.0,-12.5,eod,2017-09-30,65.0,133.09,-2633.09
08:59:00,09:06:00,1,10412.0,10390.0,-22.0,stop,2017-10-02,40.0,133.208,-4533.208
09:06:00,09:16:00,-1,10390.0,10412.0,-22.0,stop,2017-10-02,40.0,133.208,-4533.208
09:25:00,10:09:00,-1,10434.0,10473.6,-39.600000000000364,stop,2017-10-03,72.0,133.6304,-8053.630400000073
10:09:00,13:25:00,1,10473.6,10460.0,-13.600000000000364,eod,2017-10-03,72.0,133.7344,-2853.7344000000726
09:21:00,13:25:00,1,10484.0,10509.0,25.0,eod,2017-10-05,48.0,133.972,4866.028
09:52:00,13:25:00,-1,10496.5,10516.0,-19.5,eod,2017-10-06,81.0,134.05,-4034.05
08:52:00,13:25:00,1,10579.0,10625.0,46.0,eod,2017-10-11,46.0,134.816,9065.184
09:00:00,09:19:00,-1,10723.5,10747.15,-23.649999999999636,stop,2017-10-16,43.0,135.88260000000002,-4865.882599999927
09:19:00,09:28:00,1,10747.15,10723.5,-23.649999999999636,stop,2017-10-16,43.0,135.88260000000002,-4865.882599999927
09:44:00,13:25:00,-1,10749.5,10729.0,20.5,eod,2017-10-17,53.0,135.914,3964.0860000000002
10:06:00,13:25:00,1,10796.5,10768.0,-28.5,eod,2017-10-19,97.0,136.25799999999998,-5836.258
09:08:00,09:50:00,-1,10702.5,10739.35,-36.850000000000364,stop,2017-10-20,67.0,135.7674,-7505.7674000000725
09:50:00,13:25:00,1,10739.35,10729.0,-10.350000000000364,eod,2017-10-20,67.0,135.8734,-2205.8734000000727
10:19:00,13:25:00,-1,10732.0,10747.0,-15.0,eod,2017-10-23,64.0,135.916,-3135.916
11:25:00,13:25:00,1,10758.0,10747.0,-11.0,eod,2017-10-24,66.0,136.01999999999998,-2336.02
09:46:00,13:25:00,-1,10744.5,10733.0,11.5,eod,2017-10-25,49.0,135.91,2164.09
10:07:00,13:25:00,1,10742.0,10738.0,-4.0,eod,2017-10-26,54.0,135.92000000000002,-935.9200000000001
09:42:00,10:42:00,1,10776.5,10745.15,-31.350000000000364,stop,2017-10-27,57.0,136.0866,-6406.086600000072
10:42:00,13:25:00,-1,10745.15,10697.0,48.149999999999636,eod,2017-10-27,57.0,135.7686,9494.231399999928
09:07:00,09:41:00,1,10817.0,10757.6,-59.399999999999636,stop,2017-10-30,108.0,136.29840000000002,-12016.298399999927
09:41:00,13:25:00,-1,10757.6,10754.0,3.600000000000364,eod,2017-10-30,108.0,136.0464,583.9536000000728
10:55:00,13:25:00,-1,10785.0,10792.0,-7.0,eod,2017-11-01,70.0,136.308,-1536.308
10:01:00,13:25:00,1,10795.5,10785.0,-10.5,eod,2017-11-02,51.0,136.322,-2236.322
09:18:00,13:25:00,-1,10782.0,10774.0,8.0,eod,2017-11-03,48.0,136.224,1463.776
09:00:00,09:11:00,1,10824.5,10789.85,-34.649999999999636,stop,2017-11-06,63.0,136.4574,-7066.4573999999275
09:11:00,13:25:00,-1,10789.85,10774.0,15.850000000000364,eod,2017-11-06,63.0,136.2554,3033.7446000000728
08:59:00,09:09:00,-1,10798.0,10813.4,-15.399999999999636,stop,2017-11-09,28.0,136.4456,-3216.4455999999273
09:09:00,10:45:00,1,10813.4,10798.0,-15.399999999999636,stop,2017-11-09,28.0,136.4456,-3216.4455999999273
09:02:00,09:13:00,1,10714.0,10693.1,-20.899999999999636,stop,2017-11-14,38.0,135.6284,-4315.628399999927
09:13:00,13:25:00,-1,10693.1,10687.0,6.100000000000364,eod,2017-11-14,38.0,135.5204,1084.4796000000729
09:21:00,13:25:00,1,10615.0,10624.0,9.0,eod,2017-11-16,56.0,134.95600000000002,1665.0439999999999
09:07:00,13:25:00,-1,10695.0,10664.0,31.0,eod,2017-11-20,38.0,135.436,6064.564
10:00:00,13:25:00,1,10727.5,10780.0,52.5,eod,2017-11-21,65.0,136.03,10363.97
09:00:00,13:25:00,-1,10827.5,10749.0,78.5,eod,2017-11-27,27.0,136.30599999999998,15563.694
09:56:00,13:25:00,-1,10718.0,10724.0,-6.0,eod,2017-11-29,58.0,135.768,-1335.768
09:32:00,13:25:00,-1,10622.5,10599.0,23.5,eod,2017-11-30,55.0,134.886,4565.114
09:48:00,11:54:00,-1,10562.5,10611.45,-48.95000000000073,stop,2017-12-01,89.0,134.69580000000002,-9924.695800000145
11:54:00,13:25:00,1,10611.45,10612.0,0.5499999999992724,eod,2017-12-01,89.0,134.8938,-24.893800000145518
12:56:00,13:25:00,-1,10551.5,10556.0,-4.5,eod,2017-12-05,87.0,134.43,-1034.43
10:10:00,13:25:00,-1,10499.5,10388.0,111.5,eod,2017-12-06,81.0,133.55,22166.45
09:45:00,12:28:00,-1,10340.0,10392.8,-52.79999999999927,stop,2017-12-08,96.0,132.9312,-10692.931199999854
12:28:00,13:25:00,1,10392.8,10384.0,-8.799999999999272,eod,2017-12-08,96.0,133.10719999999998,-1893.1071999998544
09:13:00,13:25:00,1,10454.5,10490.0,35.5,eod,2017-12-11,77.0,133.77800000000002,6966.222
09:05:00,13:25:00,-1,10455.0,10415.0,40.0,eod,2017-12-12,82.0,133.48000000000002,7866.52
09:08:00,13:25:00,1,10535.0,10537.0,2.0,eod,2017-12-14,54.0,134.288,265.712
09:18:00,13:25:00,-1,10468.0,10459.0,9.0,eod,2017-12-15,84.0,133.708,1666.292
09:04:00,13:25:00,-1,10480.0,10502.0,-22.0,eod,2017-12-18,94.0,133.928,-4533.928
11:01:00,13:25:00,-1,10484.5,10460.0,24.5,eod,2017-12-19,75.0,133.77800000000002,4766.222
09:33:00,13:25:00,1,10518.0,10503.0,-15.0,eod,2017-12-21,52.0,134.084,-3134.084
09:00:00,13:25:00,-1,10518.0,10418.0,100.0,eod,2017-12-26,44.0,133.744,19866.256
09:33:00,13:25:00,1,10465.5,10475.0,9.5,eod,2017-12-27,135.0,133.762,1766.238
09:03:00,13:25:00,1,10541.0,10570.0,29.0,eod,2017-12-28,92.0,134.44400000000002,5665.556
11:52:00,13:25:00,1,10642.5,10614.0,-28.5,eod,2017-12-29,99.0,135.026,-5835.026
09:35:00,13:25:00,1,10663.0,10692.0,29.0,eod,2018-01-02,68.0,135.42000000000002,5664.58
09:50:00,13:25:00,1,10792.5,10790.0,-2.5,eod,2018-01-03,89.0,136.32999999999998,-636.3299999999999
09:00:00,13:25:00,-1,10797.0,10821.0,-24.0,eod,2018-01-04,68.0,136.472,-4936.472
10:16:00,10:52:00,-1,10803.0,10841.5,-38.5,stop,2018-01-05,70.0,136.578,-7836.578
10:52:00,13:25:00,1,10841.5,10856.0,14.5,eod,2018-01-05,70.0,136.79000000000002,2763.21
09:21:00,09:54:00,-1,10853.0,10889.3,-36.29999999999927,stop,2018-01-08,66.0,136.9692,-7396.969199999854
09:54:00,13:25:00,1,10889.3,10882.0,-7.299999999999272,eod,2018-01-08,66.0,137.0852,-1597.0851999998545
10:22:00,13:25:00,-1,10860.5,10879.0,-18.5,eod,2018-01-09,57.0,136.958,-3836.958
09:54:00,13:25:00,-1,10855.5,10821.0,34.5,eod,2018-01-10,59.0,136.70600000000002,6763.294
09:25:00,13:25:00,1,10858.5,10888.0,29.5,eod,2018-01-12,69.0,136.986,5763.014
11:14:00,13:25:00,1,10967.0,10973.0,6.0,eod,2018-01-16,56.0,137.76,1062.24
10:45:00,13:25:00,1,11105.0,11093.0,-12.0,eod,2018-01-18,84.0,138.792,-2538.792
10:09:00,13:25:00,1,11167.0,11206.0,39.0,eod,2018-01-22,62.0,139.49200000000002,7660.508
10:25:00,13:25:00,-1,11185.0,11219.0,-34.0,eod,2018-01-23,112.0,139.61599999999999,-6939.616
09:17:00,13:25:00,-1,11163.0,11125.0,38.0,eod,2018-01-24,72.0,139.152,7460.848
09:14:00,13:25:00,1,11173.5,11156.0,-17.5,eod,2018-01-25,113.0,139.31799999999998,-3639.318
09:35:00,13:23:00,-1,11092.5,11177.75,-85.25,stop,2018-01-26,155.0,139.08100000000002,-17189.081
13:23:00,13:25:00,1,11177.75,11182.0,4.25,eod,2018-01-26,155.0,139.43900000000002,710.5609999999999
11:30:00,13:25:00,-1,11161.5,11199.0,-37.5,eod,2018-01-29,107.0,139.442,-7639.442
11:30:00,13:25:00,-1,11122.5,11096.0,26.5,eod,2018-01-30,83.0,138.874,5161.126
11:40:00,13:25:00,1,11113.0,11116.0,3.0,eod,2018-01-31,126.0,138.916,461.084
09:33:00,13:25:00,1,11190.5,11164.0,-26.5,eod,2018-02-01,127.0,139.418,-5439.418
09:24:00,10:10:00,-1,11067.5,11115.35,-47.850000000000364,stop,2018-02-02,87.0,138.7314,-9708.731400000073
10:10:00,13:25:00,1,11115.35,11105.0,-10.350000000000364,eod,2018-02-02,87.0,138.88139999999999,-2208.881400000073
12:29:00,13:25:00,1,10933.5,10934.0,0.5,eod,2018-02-05,91.0,137.47,-37.47
08:55:00,13:25:00,-1,10591.0,10377.0,214.0,eod,2018-02-06,104.0,133.872,42666.128
08:45:00,09:06:00,-1,10151.5,10208.15,-56.649999999999636,stop,2018-02-09,103.0,131.4386,-11461.438599999927
09:06:00,13:25:00,1,10208.15,10331.0,122.85000000000036,eod,2018-02-09,103.0,132.15660000000003,24437.843400000074
09:02:00,13:25:00,1,10711.0,10757.0,46.0,eod,2018-02-23,62.0,135.872,9064.128
09:55:00,13:25:00,-1,10810.5,10814.0,-3.5,eod,2018-02-26,113.0,136.498,-836.498
09:50:00,13:25:00,-1,10856.5,10821.0,35.5,eod,2018-02-27,67.0,136.71,6963.29
08:59:00,13:25:00,1,10669.0,10757.0,88.0,eod,2018-03-01,130.0,135.704,17464.296
10:39:00,13:25:00,-1,10636.5,10621.0,15.5,eod,2018-03-05,117.0,135.03,2964.97
09:08:00,13:15:00,1,10750.5,10708.15,-42.350000000000364,stop,2018-03-07,77.0,135.83460000000002,-8605.834600000073
13:15:00,13:25:00,-1,10708.15,10720.0,-11.850000000000364,eod,2018-03-07,77.0,135.7126,-2505.7126000000726
10:30:00,13:25:00,1,10836.5,10837.0,0.5,eod,2018-03-08,117.0,136.69400000000002,-36.69400000000002
09:00:00,13:25:00,-1,10866.0,10845.0,21.0,eod,2018-03-09,80.0,136.844,4063.156
10:24:00,13:25:00,1,11006.5,11014.0,7.5,eod,2018-03-12,83.0,138.082,1361.9180000000001
09:51:00,13:25:00,1,11066.5,11093.0,26.5,eod,2018-03-13,77.0,138.638,5161.362
11:21:00,13:25:00,-1,11003.0,11034.0,-31.0,eod,2018-03-14,90.0,138.148,-6338.148
09:35:00,13:25:00,1,11025.5,11046.0,20.5,eod,2018-03-15,63.0,138.286,3961.714
09:04:00,13:25:00,-1,10996.5,11003.0,-6.5,eod,2018-03-16,83.0,137.998,-1437.998
10:17:00,13:25:00,1,11035.0,11013.0,-22.0,eod,2018-03-19,120.0,138.192,-4538.192
09:00:00,10:36:00,1,11067.0,11032.9,-34.100000000000364,stop,2018-03-22,62.0,138.39960000000002,-6958.3996000000725
10:36:00,13:25:00,-1,11032.9,10984.0,48.899999999999636,eod,2018-03-22,62.0,138.06760000000003,9641.932399999927
10:04:00,13:25:00,1,10810.5,10751.0,-59.5,eod,2018-03-23,161.0,136.24599999999998,-12036.246
09:00:00,13:25:00,1,10742.0,10806.0,64.0,eod,2018-03-26,98.0,136.192,12663.808
11:41:00,13:25:00,-1,10836.5,10825.0,11.5,eod,2018-03-28,85.0,136.64600000000002,2163.354
10:03:00,10:54:00,-1,10779.5,10835.05,-55.54999999999927,stop,2018-03-29,101.0,136.4582,-11246.458199999854
10:54:00,13:25:00,1,10835.05,10848.0,12.950000000000728,eod,2018-03-29,101.0,136.7322,2453.2678000001456
10:24:00,13:05:00,1,10964.0,10916.7,-47.29999999999927,stop,2018-03-30,86.0,137.52280000000002,-9597.522799999855
13:05:00,13:25:00,-1,10916.7,10930.0,-13.299999999999272,eod,2018-03-30,86.0,137.3868,-2797.3867999998547
13:17:00,13:25:00,-1,10912.0,10923.0,-11.0,eod,2018-03-31,70.0,137.34,-2337.34
09:02:00,10:20:00,1,10938.5,10918.15,-20.350000000000364,stop,2018-04-02,37.0,137.4266,-4207.4266000000725
10:20:00,13:25:00,-1,10918.15,10860.0,58.149999999999636,eod,2018-04-02,37.0,137.11260000000001,11492.887399999927
08:51:00,09:30:00,1,10872.5,10834.55,-37.95000000000073,stop,2018-04-09,69.0,136.82819999999998,-7726.828200000145
09:30:00,11:15:00,-1,10834.55,10872.5,-37.95000000000073,stop,2018-04-09,69.0,136.82819999999998,-7726.828200000145
09:53:00,13:25:00,1,10923.0,10936.0,13.0,eod,2018-04-10,98.0,137.436,2462.564
09:02:00,09:07:00,1,11022.5,10990.05,-32.45000000000073,stop,2018-04-12,59.0,138.05020000000002,-6628.050200000145
09:07:00,13:25:00,-1,10990.05,10935.0,55.04999999999927,eod,2018-04-12,59.0,137.7002,10872.299799999855
09:03:00,13:25:00,-1,10941.0,10942.0,-1.0,eod,2018-04-16,68.0,137.53199999999998,-337.532
09:13:00,13:25:00,-1,10924.0,10812.0,112.0,eod,2018-04-17,68.0,136.94400000000002,22263.056
09:08:00,13:25:00,1,10916.0,10963.0,47.0,eod,2018-04-19,120.0,137.51600000000002,9262.484
08:45:00,13:25:00,-1,10807.5,10796.0,11.5,eod,2018-04-20,123.0,136.414,2163.5860000000002
09:07:00,13:25:00,-1,10652.0,10598.0,54.0,eod,2018-04-24,80.0,135.0,10665.0
09:50:00,13:25:00,-1,10556.0,10475.0,81.0,eod,2018-04-26,90.0,134.124,16065.876
10:05:00,13:25:00,-1,10485.5,10538.0,-52.5,eod,2018-04-27,151.0,134.094,-10634.094
09:02:00,09:52:00,-1,10552.0,10597.1,-45.100000000000364,stop,2018-04-30,82.0,134.59640000000002,-9154.596400000073
09:52:00,13:25:00,1,10597.1,10649.0,51.899999999999636,eod,2018-04-30,82.0,134.9844,10245.015599999928
09:24:00,13:25:00,-1,10523.5,10515.0,8.5,eod,2018-05-03,73.0,134.154,1565.846
09:16:00,11:34:00,-1,10561.0,10602.8,-41.79999999999927,stop,2018-05-07,76.0,134.65519999999998,-8494.655199999854
11:34:00,13:25:00,1,10602.8,10606.0,3.2000000000007276,eod,2018-05-07,76.0,134.8352,505.16480000014553
09:37:00,13:25:00,1,10640.0,10652.0,12.0,eod,2018-05-08,86.0,135.168,2264.832
09:20:00,09:49:00,1,10731.0,10680.4,-50.600000000000364,stop,2018-05-09,92.0,135.6456,-10255.645600000073
09:49:00,13:25:00,-1,10680.4,10707.0,-26.600000000000364,eod,2018-05-09,92.0,135.5496,-5455.549600000073
09:31:00,13:25:00,1,10764.5,10765.0,0.5,eod,2018-05-10,65.0,136.118,-36.117999999999995
09:40:00,13:25:00,1,10842.0,10858.0,16.0,eod,2018-05-11,48.0,136.8,3063.2
09:28:00,09:57:00,-1,10896.5,10928.95,-32.45000000000073,stop,2018-05-14,59.0,137.30180000000001,-6627.301800000146
09:57:00,13:25:00,1,10928.95,10958.0,29.049999999999272,eod,2018-05-14,59.0,137.5478,5672.452199999854
09:42:00,13:25:00,-1,10907.5,10878.0,29.5,eod,2018-05-15,77.0,137.142,5762.858
09:14:00,13:25:00,-1,10886.0,10846.0,40.0,eod,2018-05-17,68.0,136.928,7863.072
09:04:00,13:25:00,1,10899.0,10961.0,62.0,eod,2018-05-21,68.0,137.44,12262.56
08:45:00,09:13:00,1,10976.0,10928.7,-47.29999999999927,stop,2018-05-23,86.0,137.61880000000002,-9597.618799999855
09:13:00,13:25:00,-1,10928.7,10876.0,52.70000000000073,eod,2018-05-23,86.0,137.2188,10402.781200000145
09:15:00,12:18:00,-1,10946.0,10982.3,-36.29999999999927,stop,2018-05-28,66.0,137.7132,-7397.713199999855
12:18:00,13:25:00,1,10982.3,10978.0,-4.299999999999272,eod,2018-05-28,66.0,137.84120000000001,-997.8411999998546
09:00:00,13:25:00,-1,10953.0,10932.0,21.0,eod,2018-05-29,52.0,137.54000000000002,4062.46
10:07:00,13:25:00,-1,10790.0,10783.0,7.0,eod,2018-05-30,86.0,136.292,1263.708
09:07:00,13:25:00,1,10878.5,10914.0,35.5,eod,2018-06-01,49.0,137.17000000000002,6962.83
09:12:00,13:25:00,1,11016.5,11084.0,67.5,eod,2018-06-04,81.0,138.402,13361.598
12:18:00,13:25:00,-1,11041.5,11053.0,-11.5,eod,2018-06-05,119.0,138.378,-2438.378
09:38:00,13:25:00,1,11136.5,11206.0,69.5,eod,2018-06-06,83.0,139.37,13760.63
10:24:00,13:25:00,-1,11184.0,11222.0,-38.0,eod,2018-06-07,122.0,139.624,-7739.624
09:55:00,13:25:00,-1,11165.5,11112.0,53.5,eod,2018-06-08,79.0,139.11,10560.89
08:52:00,09:30:00,-1,11110.5,11151.75,-41.25,stop,2018-06-12,75.0,139.049,-8389.049
09:30:00,10:00:00,1,11151.75,11110.5,-41.25,stop,2018-06-12,75.0,139.049,-8389.049
10:03:00,13:25:00,-1,11103.0,11142.0,-39.0,eod,2018-06-13,98.0,138.98000000000002,-7938.98
09:05:00,09:34:00,-1,11064.0,11104.7,-40.70000000000073,stop,2018-06-14,74.0,138.6748,-8278.674800000146
09:34:00,10:24:00,1,11104.7,11064.0,-40.70000000000073,stop,2018-06-14,74.0,138.6748,-8278.674800000146
10:12:00,13:25:00,-1,10886.0,10901.0,-15.0,eod,2018-06-19,114.0,137.148,-3137.148
09:12:00,10:10:00,-1,10601.5,10632.85,-31.350000000000364,stop,2018-06-22,57.0,134.9374,-6404.937400000073
10:10:00,13:25:00,1,10632.85,10667.0,34.149999999999636,eod,2018-06-22,57.0,135.1994,6694.800599999927
10:03:00,11:35:00,-1,10511.5,10553.85,-42.350000000000364,stop,2018-06-26,77.0,134.26139999999998,-8604.261400000072
11:35:00,13:25:00,1,10553.85,10592.0,38.149999999999636,eod,2018-06-26,77.0,134.58339999999998,7495.416599999928
10:45:00,13:25:00,1,10556.5,10527.0,-29.5,eod,2018-06-28,87.0,134.334,-6034.334
10:30:00,13:25:00,1,10588.0,10676.0,88.0,eod,2018-06-29,94.0,135.05599999999998,17464.944
09:14:00,09:45:00,1,10706.0,10645.5,-60.5,stop,2018-07-03,110.0,135.406,-12235.406
09:45:00,13:25:00,-1,10645.5,10582.0,63.5,eod,2018-07-03,110.0,134.91,12565.09
09:00:00,13:25:00,-1,10596.5,10499.0,97.5,eod,2018-07-05,55.0,134.382,19365.618
10:15:00,13:25:00,-1,10462.5,10528.0,-65.5,eod,2018-07-06,145.0,133.962,-13233.962
09:55:00,13:25:00,1,10654.0,10672.0,18.0,eod,2018-07-09,142.0,135.304,3464.696
10:40:00,13:25:00,-1,10686.0,10706.0,-20.0,eod,2018-07-10,94.0,135.56799999999998,-4135.568
09:35:00,09:57:00,-1,10576.0,10611.2,-35.20000000000073,stop,2018-07-11,64.0,134.74880000000002,-7174.748800000146
09:57:00,13:25:00,1,10611.2,10609.0,-2.2000000000007276,eod,2018-07-11,64.0,134.88080000000002,-574.8808000001455
09:45:00,13:25:00,1,10681.0,10748.0,67.0,eod,2018-07-12,82.0,135.716,13264.284
09:45:00,13:25:00,-1,10775.5,10771.0,4.5,eod,2018-07-17,67.0,136.186,763.814
13:05:00,13:25:00,-1,10715.5,10728.0,-12.5,eod,2018-07-19,81.0,135.774,-2635.774
09:00:00,09:43:00,1,10816.0,10769.8,-46.20000000000073,stop,2018-07-20,84.0,136.3432,-9376.343200000145
09:43:00,10:21:00,-1,10769.8,10816.0,-46.20000000000073,stop,2018-07-20,84.0,136.3432,-9376.343200000145
09:06:00,10:12:00,-1,10805.0,10850.1,-45.100000000000364,stop,2018-07-23,82.0,136.6204,-9156.620400000073
10:12:00,13:25:00,1,10850.1,10839.0,-11.100000000000364,eod,2018-07-23,82.0,136.75639999999999,-2356.756400000073
09:18:00,09:45:00,-1,10806.0,10844.5,-38.5,stop,2018-07-24,70.0,136.602,-7836.602
09:45:00,13:25:00,1,10844.5,10867.0,22.5,eod,2018-07-24,70.0,136.846,4363.154
10:00:00,13:00:00,-1,10888.5,10911.05,-22.549999999999272,stop,2018-07-26,41.0,137.19819999999999,-4647.198199999854
13:00:00,13:25:00,1,10911.05,10908.0,-3.0499999999992724,eod,2018-07-26,41.0,137.27620000000002,-747.2761999998545
09:29:00,13:25:00,1,10954.5,10989.0,34.5,eod,2018-07-27,53.0,137.774,6762.226
09:38:00,13:25:00,1,10966.0,10977.0,11.0,eod,2018-07-31,70.0,137.772,2062.228
09:22:00,13:25:00,-1,11024.5,10874.0,150.5,eod,2018-08-02,47.0,137.594,29962.406
09:02:00,09:31:00,-1,10965.5,10992.45,-26.950000000000728,stop,2018-08-06,49.0,137.8318,-5527.831800000145
09:31:00,11:31:00,1,10992.45,10965.5,-26.950000000000728,stop,2018-08-06,49.0,137.8318,-5527.831800000145
09:04:00,13:25:00,1,11026.0,11045.0,19.0,eod,2018-08-08,52.0,138.284,3661.716
09:18:00,10:46:00,-1,10994.5,11034.65,-40.149999999999636,stop,2018-08-09,73.0,138.1166,-8168.1165999999275
10:46:00,13:25:00,1,11034.65,11027.0,-7.649999999999636,eod,2018-08-09,73.0,138.2466,-1668.2465999999272
09:36:00,13:09:00,1,11004.5,10966.55,-37.95000000000073,stop,2018-08-10,69.0,137.8842,-7727.884200000146
13:09:00,13:25:00,-1,10966.55,10965.0,1.5499999999992724,eod,2018-08-10,69.0,137.7262,172.27379999985448
09:02:00,13:25:00,-1,10874.5,10776.0,98.5,eod,2018-08-13,69.0,136.602,19563.398
10:01:00,13:25:00,1,10682.5,10695.0,12.5,eod,2018-08-16,145.0,135.51,2364.49
13:02:00,13:25:00,-1,10656.5,10654.0,2.5,eod,2018-08-17,133.0,135.24200000000002,364.758
10:20:00,13:25:00,1,10729.5,10765.0,35.5,eod,2018-08-21,63.0,135.978,6964.022
09:10:00,09:45:00,1,10826.0,10791.9,-34.100000000000364,stop,2018-08-23,62.0,136.47160000000002,-6956.471600000073
09:45:00,13:25:00,-1,10791.9,10813.0,-21.100000000000364,eod,2018-08-23,62.0,136.4196,-4356.419600000073
09:34:00,13:25:00,-1,10767.5,10778.0,-10.5,eod,2018-08-24,87.0,136.18200000000002,-2236.182
11:48:00,13:25:00,1,10882.0,10889.0,7.0,eod,2018-08-27,102.0,137.084,1262.916
09:01:00,13:25:00,1,10999.5,11030.0,30.5,eod,2018-08-29,45.0,138.118,5961.882
09:06:00,09:30:00,1,11128.5,11083.95,-44.54999999999927,stop,2018-08-30,81.0,138.84980000000002,-9048.849799999854
09:30:00,13:25:00,-1,11083.95,11036.0,47.95000000000073,eod,2018-08-30,81.0,138.4798,9451.520200000146
10:04:00,13:25:00,-1,10977.5,10935.0,42.5,eod,2018-09-03,71.0,137.65,8362.35
09:29:00,10:02:00,1,11007.5,10969.55,-37.95000000000073,stop,2018-09-05,69.0,137.9082,-7727.908200000145
10:02:00,10:21:00,-1,10969.55,11007.5,-37.95000000000073,stop,2018-09-05,69.0,137.9082,-7727.908200000145
09:08:00,09:36:00,-1,10883.5,10923.65,-40.149999999999636,stop,2018-09-06,73.0,137.22860000000003,-8167.228599999928
09:36:00,13:25:00,1,10923.65,10902.0,-21.649999999999636,eod,2018-09-06,73.0,137.3026,-4467.302599999927
11:37:00,13:25:00,-1,10821.5,10839.0,-17.5,eod,2018-09-07,85.0,136.642,-3636.642
09:20:00,13:25:00,-1,10820.5,10728.0,92.5,eod,2018-09-10,89.0,136.19400000000002,18363.806
09:32:00,13:25:00,-1,10719.5,10717.0,2.5,eod,2018-09-12,85.0,135.74599999999998,364.254
09:09:00,09:43:00,1,10819.0,10780.5,-38.5,stop,2018-09-14,70.0,136.398,-7836.398
09:43:00,10:03:00,-1,10780.5,10819.0,-38.5,stop,2018-09-14,70.0,136.398,-7836.398
09:59:00,10:21:00,1,10816.0,10784.1,-31.899999999999636,stop,2018-09-18,58.0,136.4004,-6516.400399999928
10:21:00,13:25:00,-1,10784.1,10787.0,-2.899999999999636,eod,2018-09-18,58.0,136.2844,-716.2843999999272
09:10:00,13:25:00,-1,10882.0,10836.0,46.0,eod,2018-09-20,56.0,136.872,9063.128
09:17:00,10:11:00,-1,10856.0,10909.9,-53.899999999999636,stop,2018-09-21,98.0,137.0636,-10917.063599999927
10:11:00,13:25:00,1,10909.9,10957.0,47.100000000000364,eod,2018-09-21,98.0,137.4676,9282.532400000073
09:45:00,13:25:00,1,10976.0,10996.0,20.0,eod,2018-09-27,42.0,137.888,3862.112
10:47:00,13:25:00,-1,10973.5,10952.0,21.5,eod,2018-09-28,75.0,137.702,4162.298
09:04:00,13:25:00,-1,10980.0,10877.0,103.0,eod,2018-10-02,52.0,137.428,20462.572
09:00:00,13:25:00,-1,10788.5,10713.0,75.5,eod,2018-10-04,69.0,136.006,14963.994
10:09:00,13:25:00,-1,10587.0,10516.0,71.0,eod,2018-10-05,142.0,134.412,14065.588
08:45:00,08:48:00,1,10056.5,10022.95,-33.54999999999927,stop,2018-10-11,61.0,130.3178,-6840.317799999854
08:48:00,13:25:00,-1,10022.95,9689.0,333.9500000000007,eod,2018-10-11,61.0,128.8478,66661.15220000014
12:37:00,13:25:00,1,9961.0,10005.0,44.0,eod,2018-10-12,450.0,129.864,8670.136
09:27:00,13:25:00,1,9921.5,9945.0,23.5,eod,2018-10-16,73.0,129.466,4570.534
08:54:00,13:25:00,1,9807.0,9899.0,92.0,eod,2018-10-19,108.0,128.824,18271.176
10:47:00,13:25:00,1,9896.5,9915.0,18.5,eod,2018-10-22,167.0,129.24599999999998,3570.754
09:10:00,11:19:00,-1,9690.0,9759.3,-69.29999999999927,stop,2018-10-24,126.0,127.7972,-13987.797199999855
11:19:00,13:25:00,1,9759.3,9712.0,-47.29999999999927,eod,2018-10-24,126.0,127.8852,-9587.885199999855
09:17:00,13:25:00,1,9507.0,9466.0,-41.0,eod,2018-10-25,168.0,125.892,-8325.892
09:40:00,13:25:00,-1,9475.5,9443.0,32.5,eod,2018-10-26,143.0,125.674,6374.326
08:53:00,13:25:00,1,9520.5,9523.0,2.5,eod,2018-10-30,111.0,126.174,373.826
09:11:00,13:25:00,1,9645.5,9692.0,46.5,eod,2018-10-31,101.0,127.35000000000001,9172.65
09:06:00,10:45:00,-1,9807.0,9874.1,-67.10000000000036,stop,2018-11-02,122.0,128.7244,-13548.724400000072
10:45:00,11:37:00,1,9874.1,9807.0,-67.10000000000036,stop,2018-11-02,122.0,128.7244,-13548.724400000072
09:40:00,10:11:00,-1,9756.5,9807.65,-51.149999999999636,stop,2018-11-05,93.0,128.2566,-10358.256599999928
10:11:00,11:05:00,1,9807.65,9756.5,-51.149999999999636,stop,2018-11-05,93.0,128.2566,-10358.256599999928
10:13:00,13:25:00,-1,9807.5,9767.0,40.5,eod,2018-11-06,83.0,128.298,7971.702
09:05:00,13:25:00,1,9845.5,9863.0,17.5,eod,2018-11-07,121.0,128.834,3371.166
09:22:00,13:25:00,-1,9926.0,9920.0,6.0,eod,2018-11-08,110.0,129.38400000000001,1070.616
09:01:00,13:25:00,-1,9850.0,9786.0,64.0,eod,2018-11-09,94.0,128.54399999999998,12671.456
09:09:00,13:25:00,1,9822.5,9824.0,1.5,eod,2018-11-12,145.0,128.586,171.414
08:50:00,09:08:00,-1,9538.5,9606.15,-67.64999999999964,stop,2018-11-13,123.0,126.57860000000001,-13656.578599999928
09:08:00,13:25:00,1,9606.15,9749.0,142.85000000000036,eod,2018-11-13,123.0,127.42060000000001,28442.57940000007
08:50:00,09:05:00,1,9823.5,9786.65,-36.850000000000364,stop,2018-11-15,67.0,128.44060000000002,-7498.440600000073
09:05:00,09:10:00,-1,9786.65,9823.5,-36.850000000000364,stop,2018-11-15,67.0,128.44060000000002,-7498.440600000073
09:12:00,13:25:00,-1,9812.5,9769.0,43.5,eod,2018-11-16,129.0,128.32600000000002,8571.673999999999
09:13:00,11:22:00,1,9785.0,9752.0,-33.0,stop,2018-11-20,60.0,128.148,-6728.148
11:22:00,13:25:00,-1,9752.0,9743.0,9.0,eod,2018-11-20,60.0,127.98,1672.02
09:39:00,13:25:00,-1,9680.5,9652.0,28.5,eod,2018-11-23,69.0,127.33,5572.67
09:04:00,13:25:00,1,9728.0,9755.0,27.0,eod,2018-11-26,120.0,127.932,5272.068
11:00:00,13:25:00,1,9835.5,9868.0,32.5,eod,2018-11-28,111.0,128.81400000000002,6371.186
10:15:00,13:25:00,-1,9910.0,9895.0,15.0,eod,2018-11-29,148.0,129.22,2870.78
09:13:00,13:25:00,1,10056.0,10130.0,74.0,eod,2018-12-03,88.0,130.744,14669.256
09:14:00,09:24:00,-1,9871.5,9905.05,-33.54999999999927,stop,2018-12-05,61.0,129.1062,-6839.106199999855
09:24:00,12:27:00,1,9905.05,9871.5,-33.54999999999927,stop,2018-12-05,61.0,129.1062,-6839.106199999855
09:00:00,13:25:00,-1,9771.5,9661.0,110.5,eod,2018-12-06,83.0,127.73,21972.27
08:49:00,13:25:00,1,9603.0,9615.0,12.0,eod,2018-12-10,74.0,126.872,2273.128
10:10:00,11:02:00,1,9795.5,9755.35,-40.149999999999636,stop,2018-12-12,73.0,128.2034,-8158.203399999928
11:02:00,12:23:00,-1,9755.35,9795.5,-40.149999999999636,stop,2018-12-12,73.0,128.2034,-8158.203399999928
08:45:00,13:25:00,-1,9764.0,9726.0,38.0,eod,2018-12-14,82.0,127.96000000000001,7472.04
09:45:00,13:25:00,1,9819.5,9792.0,-27.5,eod,2018-12-17,133.0,128.446,-5628.446
09:00:00,12:42:00,1,9663.0,9635.5,-27.5,stop,2018-12-20,50.0,127.194,-5627.194
12:42:00,13:25:00,-1,9635.5,9635.0,0.5,eod,2018-12-20,50.0,127.08200000000001,-27.082000000000008
10:00:00,11:37:00,-1,9574.5,9628.95,-54.45000000000073,stop,2018-12-21,99.0,126.8138,-11016.813800000145
11:37:00,13:25:00,1,9628.95,9642.0,13.049999999999272,eod,2018-12-21,99.0,127.08380000000001,2482.9161999998546
09:00:00,09:06:00,1,9623.0,9601.0,-22.0,stop,2018-12-24,40.0,126.896,-4526.896
09:06:00,11:10:00,-1,9601.0,9623.0,-22.0,stop,2018-12-24,40.0,126.896,-4526.896
08:45:00,09:59:00,-1,9460.0,9482.0,-22.0,stop,2018-12-25,40.0,125.768,-4525.768
09:59:00,10:29:00,1,9482.0,9460.0,-22.0,stop,2018-12-25,40.0,125.768,-4525.768
12:44:00,13:25:00,-1,9484.5,9448.0,36.5,eod,2018-12-26,77.0,125.73,7174.27
11:42:00,13:25:00,1,9647.5,9634.0,-13.5,eod,2018-12-27,117.0,127.126,-2827.126
09:00:00,13:25:00,-1,9731.0,9527.0,204.0,eod,2019-01-02,58.0,127.032,40672.968
09:29:00,09:49:00,-1,9310.0,9372.7,-62.70000000000073,stop,2019-01-04,114.0,124.7308,-12664.730800000145
09:49:00,13:25:00,1,9372.7,9368.0,-4.700000000000728,eod,2019-01-04,114.0,124.9628,-1064.9628000001455
09:13:00,13:25:00,-1,9551.0,9573.0,-22.0,eod,2019-01-08,98.0,126.496,-4526.496
09:18:00,13:25:00,1,9647.5,9726.0,78.5,eod,2019-01-09,79.0,127.494,15572.506
09:21:00,09:45:00,-1,9740.0,9762.0,-22.0,stop,2019-01-11,40.0,128.00799999999998,-4528.008
09:45:00,13:05:00,1,9762.0,9740.0,-22.0,stop,2019-01-11,40.0,128.00799999999998,-4528.008
10:04:00,13:25:00,-1,9698.5,9688.0,10.5,eod,2019-01-14,79.0,127.546,1972.454
10:09:00,12:10:00,1,9791.0,9738.2,-52.79999999999927,stop,2019-01-15,96.0,128.1168,-10688.116799999854
12:10:00,13:17:00,-1,9738.2,9791.0,-52.79999999999927,stop,2019-01-15,96.0,128.1168,-10688.116799999854
09:01:00,09:29:00,1,9801.5,9774.55,-26.950000000000728,stop,2019-01-17,49.0,128.30419999999998,-5518.304200000145
09:29:00,13:25:00,-1,9774.55,9779.0,-4.450000000000728,eod,2019-01-17,49.0,128.2142,-1018.2142000001455
09:44:00,10:58:00,1,9853.0,9827.7,-25.299999999999272,stop,2019-01-23,46.0,128.7228,-5188.722799999854
10:58:00,13:25:00,-1,9827.7,9819.0,8.700000000000728,eod,2019-01-23,46.0,128.5868,1611.4132000001455
09:04:00,09:56:00,1,9859.5,9830.35,-29.149999999999636,stop,2019-01-24,53.0,128.7594,-5958.759399999927
09:56:00,13:03:00,-1,9830.35,9859.5,-29.149999999999636,stop,2019-01-24,53.0,128.7594,-5958.759399999927
09:43:00,13:25:00,1,9960.0,9975.0,15.0,eod,2019-01-25,64.0,129.74,2870.26
08:59:00,09:30:00,-1,9910.5,9934.15,-23.649999999999636,stop,2019-01-29,43.0,129.3786,-4859.378599999927
09:30:00,10:08:00,1,9934.15,9910.5,-23.649999999999636,stop,2019-01-29,43.0,129.3786,-4859.378599999927
09:29:00,11:06:00,-1,9897.0,9927.8,-30.799999999999272,stop,2019-01-30,56.0,129.29919999999998,-6289.299199999855
11:06:00,13:25:00,1,9927.8,9923.0,-4.799999999999272,eod,2019-01-30,56.0,129.4032,-1089.4031999998545
09:00:00,09:18:00,1,10040.0,10007.0,-33.0,stop,2019-02-11,60.0,130.188,-6730.188
09:18:00,13:25:00,-1,10007.0,10014.0,-7.0,eod,2019-02-11,60.0,130.084,-1530.084
09:13:00,13:25:00,-1,10093.0,10085.0,8.0,eod,2019-02-13,64.0,130.712,1469.288
09:06:00,13:25:00,1,10080.5,10081.0,0.5,eod,2019-02-14,73.0,130.64600000000002,-30.646000000000015
09:08:00,10:43:00,1,10085.0,10035.5,-49.5,stop,2019-02-15,90.0,130.482,-10030.482
10:43:00,13:25:00,-1,10035.5,10043.0,-7.5,eod,2019-02-15,90.0,130.31400000000002,-1630.314
09:45:00,13:25:00,1,10158.0,10144.0,-14.0,eod,2019-02-18,94.0,131.208,-2931.208
09:55:00,13:25:00,1,10154.5,10144.0,-10.5,eod,2019-02-19,63.0,131.19400000000002,-2231.194
11:58:00,13:25:00,1,10297.5,10307.0,9.5,eod,2019-02-21,85.0,132.418,1767.5819999999999
10:28:00,13:12:00,-1,10354.0,10383.7,-29.700000000000728,stop,2019-02-26,54.0,132.95080000000002,-6072.950800000145
13:12:00,13:25:00,1,10383.7,10376.0,-7.700000000000728,eod,2019-02-26,54.0,133.0388,-1673.0388000001456
09:18:00,13:25:00,-1,10346.0,10358.0,-12.0,eod,2019-02-27,58.0,132.816,-2532.816
08:50:00,13:25:00,-1,10360.5,10324.0,36.5,eod,2019-03-04,59.0,132.738,7167.262
09:01:00,13:25:00,1,10312.0,10317.0,5.0,eod,2019-03-06,58.0,132.51600000000002,867.4839999999999
11:50:00,13:25:00,-1,10289.5,10262.0,27.5,eod,2019-03-07,51.0,132.20600000000002,5367.794
09:02:00,10:41:00,-1,10192.5,10233.75,-41.25,stop,2019-03-08,75.0,131.70499999999998,-8381.705
10:41:00,12:29:00,1,10233.75,10192.5,-41.25,stop,2019-03-08,75.0,131.70499999999998,-8381.705
09:25:00,13:25:00,1,10211.0,10231.0,20.0,eod,2019-03-11,82.0,131.768,3868.232
09:03:00,13:25:00,1,10334.0,10358.0,24.0,eod,2019-03-12,66.0,132.768,4667.232
09:27:00,13:25:00,-1,10360.0,10344.0,16.0,eod,2019-03-14,60.0,132.816,3067.184
09:34:00,13:25:00,1,10390.0,10425.0,35.0,eod,2019-03-15,70.0,133.26,6866.74
09:20:00,09:30:00,1,10566.5,10535.15,-31.350000000000364,stop,2019-03-21,57.0,134.40660000000003,-6404.406600000073
09:30:00,10:03:00,-1,10535.15,10566.5,-31.350000000000364,stop,2019-03-21,57.0,134.40660000000003,-6404.406600000073
10:13:00,13:25:00,-1,10614.5,10603.0,11.5,eod,2019-03-22,61.0,134.87,2165.13
12:29:00,13:25:00,-1,10428.5,10447.0,-18.5,eod,2019-03-25,99.0,133.502,-3833.502
09:02:00,13:25:00,1,10513.5,10519.0,5.5,eod,2019-03-26,63.0,134.13,965.87
09:14:00,09:42:00,-1,10477.0,10508.9,-31.899999999999636,stop,2019-03-27,58.0,133.9436,-6513.943599999927
09:42:00,13:25:00,1,10508.9,10518.0,9.100000000000364,eod,2019-03-27,58.0,134.1076,1685.8924000000727
09:01:00,13:25:00,1,10480.0,10496.0,16.0,eod,2019-03-28,60.0,133.904,3066.096
09:08:00,11:10:00,-1,10515.5,10554.55,-39.04999999999927,stop,2019-03-29,71.0,134.28019999999998,-7944.280199999855
11:10:00,13:25:00,1,10554.55,10585.0,30.450000000000728,eod,2019-03-29,71.0,134.5582,5955.441800000145
12:42:00,13:25:00,-1,10617.0,10648.0,-31.0,eod,2019-04-01,124.0,135.06,-6335.06
08:53:00,09:18:00,1,10706.0,10686.2,-19.799999999999272,stop,2019-04-03,36.0,135.5688,-4095.5687999998545
09:18:00,12:50:00,-1,10686.2,10706.0,-19.799999999999272,stop,2019-04-03,36.0,135.5688,-4095.5687999998545
08:50:00,09:30:00,-1,10750.5,10781.85,-31.350000000000364,stop,2019-04-08,57.0,136.12939999999998,-6406.129400000073
09:30:00,13:25:00,1,10781.85,10767.0,-14.850000000000364,eod,2019-04-08,57.0,136.1954,-3106.195400000073
11:00:00,13:25:00,1,10826.0,10837.0,11.0,eod,2019-04-09,50.0,136.652,2063.348
12:46:00,13:25:00,1,10853.0,10863.0,10.0,eod,2019-04-10,66.0,136.864,1863.136
09:53:00,13:25:00,-1,10839.5,10815.0,24.5,eod,2019-04-11,57.0,136.618,4763.382
10:04:00,13:25:00,1,10889.5,10883.0,-6.5,eod,2019-04-15,49.0,137.09,-1437.09
09:03:00,10:07:00,1,10896.0,10867.4,-28.600000000000364,stop,2019-04-16,52.0,137.05360000000002,-5857.053600000073
10:07:00,10:30:00,-1,10867.4,10896.0,-28.600000000000364,stop,2019-04-16,52.0,137.05360000000002,-5857.053600000073
10:04:00,13:25:00,-1,10991.0,10934.0,57.0,eod,2019-04-18,62.0,137.7,11262.3
11:00:00,13:25:00,-1,10960.5,10971.0,-10.5,eod,2019-04-19,119.0,137.726,-2237.726
11:47:00,13:25:00,-1,10967.0,10974.0,-7.0,eod,2019-04-22,82.0,137.764,-1537.7640000000001
09:13:00,09:55:00,-1,10952.0,10991.6,-39.600000000000364,stop,2019-04-23,72.0,137.7744,-8057.774400000073
09:55:00,13:25:00,1,10991.6,11006.0,14.399999999999636,eod,2019-04-23,72.0,137.9904,2742.009599999927
10:30:00,13:25:00,-1,11005.0,10996.0,9.0,eod,2019-04-24,90.0,138.00400000000002,1661.996
10:00:00,13:25:00,1,11033.5,11035.0,1.5,eod,2019-04-25,87.0,138.274,161.726
09:05:00,13:25:00,-1,10930.0,10920.0,10.0,eod,2019-04-26,64.0,137.4,1862.6
09:48:00,13:25:00,-1,10923.0,10928.0,-5.0,eod,2019-04-29,72.0,137.404,-1137.404
13:23:00,13:25:00,1,10950.0,10956.0,6.0,eod,2019-04-30,76.0,137.624,1062.376
09:00:00,13:25:00,1,10986.0,10974.0,-12.0,eod,2019-05-02,78.0,137.84,-2537.84
11:00:00,13:25:00,1,11042.0,11083.0,41.0,eod,2019-05-03,100.0,138.5,8061.5
09:00:00,13:25:00,-1,10920.5,10859.0,61.5,eod,2019-05-06,119.0,137.118,12162.882
10:11:00,13:25:00,1,10979.5,10971.0,-8.5,eod,2019-05-07,159.0,137.80200000000002,-1837.8020000000001
08:46:00,13:25:00,1,10897.0,10919.0,22.0,eod,2019-05-08,96.0,137.264,4262.736
09:49:00,13:25:00,-1,10803.0,10755.0,48.0,eod,2019-05-09,102.0,136.232,9463.768
09:41:00,10:58:00,1,10825.0,10742.5,-82.5,stop,2019-05-10,150.0,136.26999999999998,-16636.27
10:58:00,13:25:00,-1,10742.5,10732.0,10.5,eod,2019-05-10,150.0,135.898,1964.102
12:20:00,13:25:00,-1,10584.0,10579.0,5.0,eod,2019-05-13,204.0,134.652,865.348
09:27:00,13:25:00,1,10496.5,10542.0,45.5,eod,2019-05-14,143.0,134.154,8965.846
09:13:00,09:47:00,-1,10489.0,10541.8,-52.79999999999927,stop,2019-05-16,96.0,134.1232,-10694.123199999854
09:47:00,13:25:00,1,10541.8,10500.0,-41.79999999999927,eod,2019-05-16,96.0,134.16719999999998,-8494.167199999854
09:28:00,13:25:00,-1,10516.5,10419.0,97.5,eod,2019-05-17,91.0,133.74200000000002,19366.258
09:52:00,13:25:00,1,10438.0,10489.0,51.0,eod,2019-05-21,80.0,133.708,10066.292
08:46:00,13:25:00,-1,10391.0,10315.0,76.0,eod,2019-05-23,62.0,132.824,15067.176
09:38:00,13:25:00,1,10385.5,10339.0,-46.5,eod,2019-05-24,139.0,132.898,-9432.898
08:46:00,09:02:00,1,10385.5,10346.45,-39.04999999999927,stop,2019-05-27,71.0,132.9278,-7942.927799999855
09:02:00,13:25:00,-1,10346.45,10333.0,13.450000000000728,eod,2019-05-27,71.0,132.7178,2557.2822000001456
10:17:00,13:25:00,-1,10316.0,10342.0,-26.0,eod,2019-05-28,106.0,132.632,-5332.632
09:04:00,13:25:00,1,10252.5,10286.0,33.5,eod,2019-05-29,65.0,132.154,6567.846
09:19:00,13:25:00,1,10349.5,10364.0,14.5,eod,2019-05-30,77.0,132.85399999999998,2767.146
09:19:00,13:25:00,1,10383.5,10460.0,76.5,eod,2019-05-31,103.0,133.374,15166.626
10:15:00,13:25:00,-1,10405.5,10414.0,-8.5,eod,2019-06-04,111.0,133.27800000000002,-1833.278
09:52:00,13:25:00,-1,10454.0,10453.0,1.0,eod,2019-06-05,82.0,133.628,66.37200000000001
08:49:00,13:25:00,-1,10397.5,10362.0,35.5,eod,2019-06-06,71.0,133.038,6966.9619999999995
10:01:00,13:25:00,1,10520.0,10536.0,16.0,eod,2019-06-10,86.0,134.224,3065.776
10:54:00,13:25:00,1,10607.0,10592.0,-15.0,eod,2019-06-11,104.0,134.796,-3134.796
09:01:00,09:04:00,-1,10537.5,10563.35,-25.850000000000364,stop,2019-06-13,47.0,134.40339999999998,-5304.403400000073
09:04:00,09:53:00,1,10563.35,10537.5,-25.850000000000364,stop,2019-06-13,47.0,134.40339999999998,-5304.403400000073
09:20:00,13:25:00,1,10498.0,10553.0,55.0,eod,2019-06-17,42.0,134.204,10865.796
09:27:00,09:34:00,-1,10604.5,10630.35,-25.850000000000364,stop,2019-06-21,47.0,134.93939999999998,-5304.939400000073
09:34:00,09:57:00,1,10630.35,10604.5,-25.850000000000364,stop,2019-06-21,47.0,134.93939999999998,-5304.939400000073
09:20:00,10:27:00,-1,10566.5,10608.85,-42.350000000000364,stop,2019-06-24,77.0,134.70139999999998,-8604.701400000073
10:27:00,13:25:00,1,10608.85,10619.0,10.149999999999636,eod,2019-06-24,77.0,134.91140000000001,1895.0885999999273
10:33:00,13:25:00,-1,10573.0,10541.0,32.0,eod,2019-06-25,94.0,134.45600000000002,6265.544
09:00:00,13:25:00,1,10556.0,10633.0,77.0,eod,2019-06-27,42.0,134.756,15265.244
09:49:00,13:25:00,-1,10566.0,10571.0,-5.0,eod,2019-06-28,110.0,134.548,-1134.548
09:09:00,13:25:00,1,10745.5,10772.0,26.5,eod,2019-07-01,77.0,136.07,5163.93
08:46:00,13:25:00,-1,10714.5,10648.0,66.5,eod,2019-07-03,37.0,135.45,13164.55
09:02:00,09:19:00,1,10739.0,10710.4,-28.600000000000364,stop,2019-07-05,52.0,135.7976,-5855.797600000073
09:19:00,13:25:00,-1,10710.4,10707.0,3.399999999999636,eod,2019-07-05,52.0,135.6696,544.3303999999273
09:12:00,10:48:00,1,10688.5,10651.65,-36.850000000000364,stop,2019-07-08,67.0,135.3606,-7505.360600000073
10:48:00,13:25:00,-1,10651.65,10652.0,-0.3500000000003638,eod,2019-07-08,67.0,135.21460000000002,-205.21460000007278
09:20:00,13:25:00,-1,10647.5,10648.0,-0.5,eod,2019-07-09,81.0,135.18200000000002,-235.18200000000002
09:16:00,09:57:00,1,10733.0,10695.6,-37.399999999999636,stop,2019-07-10,68.0,135.7144,-7615.714399999927
09:57:00,11:13:00,-1,10695.6,10733.0,-37.399999999999636,stop,2019-07-10,68.0,135.7144,-7615.714399999927
09:16:00,09:34:00,-1,10775.0,10803.6,-28.600000000000364,stop,2019-07-11,52.0,136.31439999999998,-5856.314400000073
09:34:00,13:25:00,1,10803.6,10818.0,14.399999999999636,eod,2019-07-11,52.0,136.4864,2743.5135999999275
09:27:00,13:25:00,1,10819.5,10810.0,-9.5,eod,2019-07-12,61.0,136.518,-2036.518
09:18:00,10:09:00,-1,10787.0,10810.1,-23.100000000000364,stop,2019-07-15,42.0,136.3884,-4756.388400000073
10:09:00,13:25:00,1,10810.1,10853.0,42.899999999999636,eod,2019-07-15,42.0,136.6524,8443.347599999926
09:00:00,13:25:00,1,10650.0,10656.0,6.0,eod,2019-07-18,50.0,135.224,1064.776
09:48:00,11:41:00,1,10783.5,10754.35,-29.149999999999636,stop,2019-07-19,53.0,136.1514,-5966.151399999927
11:41:00,13:25:00,-1,10754.35,10746.0,8.350000000000364,eod,2019-07-19,53.0,136.0014,1533.9986000000727
09:02:00,13:25:00,1,10767.5,10791.0,23.5,eod,2019-07-22,65.0,136.234,4563.766
10:46:00,13:25:00,-1,10787.5,10801.0,-13.5,eod,2019-07-23,69.0,136.35399999999998,-2836.354
09:04:00,13:25:00,-1,10803.5,10824.0,-20.5,eod,2019-07-25,43.0,136.51,-4236.51
08:46:00,09:27:00,-1,10764.0,10780.5,-16.5,stop,2019-07-29,30.0,136.178,-3436.178
09:27:00,09:54:00,1,10780.5,10764.0,-16.5,stop,2019-07-29,30.0,136.178,-3436.178
09:46:00,13:25:00,-1,10790.0,10760.0,30.0,eod,2019-07-30,58.0,136.2,5863.8
10:29:00,11:19:00,-1,10678.5,10725.25,-46.75,stop,2019-07-31,85.0,135.615,-9485.615
11:19:00,13:25:00,1,10725.25,10729.0,3.75,eod,2019-07-31,85.0,135.817,614.183
09:07:00,11:01:00,1,10669.5,10631.55,-37.95000000000073,stop,2019-08-01,69.0,135.20420000000001,-7725.204200000146
11:01:00,13:25:00,-1,10631.55,10652.0,-20.450000000000728,eod,2019-08-01,69.0,135.1342,-4225.134200000146
10:02:00,13:25:00,-1,10481.0,10477.0,4.0,eod,2019-08-02,74.0,133.832,666.168
11:15:00,13:25:00,-1,10374.0,10386.0,-12.0,eod,2019-08-05,94.0,133.04000000000002,-2533.04
08:51:00,13:25:00,1,10147.0,10349.0,202.0,eod,2019-08-06,102.0,131.98399999999998,40268.016
09:22:00,13:25:00,1,10409.0,10435.0,26.0,eod,2019-08-08,74.0,133.376,5066.624
08:47:00,09:28:00,-1,10382.0,10444.7,-62.70000000000073,stop,2019-08-12,114.0,133.3068,-12673.306800000146
09:28:00,13:25:00,1,10444.7,10450.0,5.299999999999272,eod,2019-08-12,114.0,133.5788,926.4211999998545
10:01:00,13:25:00,-1,10336.5,10359.0,-22.5,eod,2019-08-13,97.0,132.78199999999998,-4632.782
08:55:00,13:25:00,1,10293.0,10301.0,8.0,eod,2019-08-15,76.0,132.376,1467.624
10:49:00,13:25:00,1,10361.5,10413.0,51.5,eod,2019-08-16,93.0,133.098,10166.902
10:38:00,13:25:00,1,10522.0,10517.0,-5.0,eod,2019-08-20,70.0,134.156,-1134.156
09:32:00,09:49:00,1,10557.5,10536.05,-21.450000000000728,stop,2019-08-22,39.0,134.3742,-4424.374200000146
09:49:00,13:25:00,-1,10536.05,10479.0,57.04999999999927,eod,2019-08-22,39.0,134.0602,11275.939799999855
10:08:00,10:36:00,-1,10308.5,10337.65,-29.149999999999636,stop,2019-08-26,53.0,132.58460000000002,-5962.584599999927
10:36:00,13:25:00,1,10337.65,10324.0,-13.649999999999636,eod,2019-08-26,53.0,132.6466,-2862.6465999999273
09:15:00,13:25:00,1,10413.5,10417.0,3.5,eod,2019-08-28,47.0,133.322,566.678
09:04:00,12:53:00,-1,10395.0,10422.5,-27.5,stop,2019-08-29,50.0,133.26999999999998,-5633.27
12:53:00,13:25:00,1,10422.5,10430.0,7.5,eod,2019-08-29,50.0,133.41,1366.59
09:27:00,13:25:00,1,10553.0,10565.0,12.0,eod,2019-08-30,66.0,134.472,2265.528
09:19:00,13:25:00,1,10597.5,10609.0,11.5,eod,2019-09-02,67.0,134.82600000000002,2165.174
10:03:00,10:19:00,1,10628.5,10596.05,-32.45000000000073,stop,2019-09-03,59.0,134.8982,-6624.898200000145
10:19:00,13:25:00,-1,10596.05,10543.0,53.04999999999927,eod,2019-09-03,59.0,134.5562,10475.443799999855
09:31:00,13:25:00,1,10610.5,10655.0,44.5,eod,2019-09-04,95.0,135.062,8764.938
09:51:00,12:15:00,-1,10746.5,10778.95,-32.45000000000073,stop,2019-09-06,59.0,136.10180000000003,-6626.101800000146
12:15:00,13:25:00,1,10778.95,10776.0,-2.9500000000007276,eod,2019-09-06,59.0,136.21980000000002,-726.2198000001456
09:00:00,09:20:00,1,10823.0,10799.9,-23.100000000000364,stop,2019-09-09,42.0,136.4916,-4756.491600000073
09:20:00,13:25:00,-1,10799.9,10790.0,9.899999999999636,eod,2019-09-09,42.0,136.3596,1843.6403999999272
09:12:00,13:25:00,-1,10774.0,10747.0,27.0,eod,2019-09-10,54.0,136.084,5263.916
10:16:00,13:25:00,-1,10753.5,10764.0,-10.5,eod,2019-09-11,83.0,136.07,-2236.07
10:19:00,13:25:00,-1,10813.5,10829.0,-15.5,eod,2019-09-12,57.0,136.57,-3236.57
09:01:00,13:25:00,1,10836.5,10870.0,33.5,eod,2019-09-16,69.0,136.82600000000002,6563.174
09:22:00,13:25:00,-1,10865.5,10870.0,-4.5,eod,2019-09-17,83.0,136.942,-1036.942
09:56:00,13:25:00,-1,10875.5,10865.0,10.5,eod,2019-09-19,79.0,136.962,1963.038
09:00:00,09:08:00,-1,10880.0,10895.4,-15.399999999999636,stop,2019-09-23,28.0,137.10160000000002,-3217.101599999927
09:08:00,10:12:00,1,10895.4,10880.0,-15.399999999999636,stop,2019-09-23,28.0,137.10160000000002,-3217.101599999927
09:05:00,10:58:00,-1,10882.5,10913.85,-31.350000000000364,stop,2019-09-24,57.0,137.18540000000002,-6407.185400000073
10:58:00,13:25:00,1,10913.85,10905.0,-8.850000000000364,eod,2019-09-24,57.0,137.2754,-1907.2754000000728
09:56:00,13:25:00,-1,10831.5,10841.0,-9.5,eod,2019-09-25,67.0,136.69,-2036.69
12:01:00,13:25:00,-1,10842.0,10836.0,6.0,eod,2019-09-26,68.0,136.712,1063.288
09:53:00,13:25:00,-1,10842.5,10818.0,24.5,eod,2019-09-27,67.0,136.642,4763.358
08:46:00,13:25:00,1,10899.0,10959.0,60.0,eod,2019-10-01,86.0,137.43200000000002,11862.568
08:45:00,09:24:00,-1,10809.0,10828.8,-19.799999999999272,stop,2019-10-03,36.0,136.5512,-4096.551199999854
09:24:00,13:25:00,1,10828.8,10852.0,23.200000000000728,eod,2019-10-03,36.0,136.72320000000002,4503.276800000145
11:13:00,13:14:00,-1,10829.0,10886.2,-57.20000000000073,stop,2019-10-04,104.0,136.8608,-11576.860800000146
13:14:00,13:25:00,1,10886.2,10887.0,0.7999999999992724,eod,2019-10-04,104.0,137.0928,22.90719999985447
09:03:00,13:25:00,1,10983.5,10996.0,12.5,eod,2019-10-08,51.0,137.918,2362.082
11:39:00,13:25:00,-1,10927.5,10904.0,23.5,eod,2019-10-09,71.0,137.32600000000002,4562.674
10:02:00,13:25:00,1,11114.0,11106.0,-8.0,eod,2019-10-15,62.0,138.88,-1738.88
09:01:00,11:02:00,-1,11127.5,11150.05,-22.549999999999272,stop,2019-10-17,41.0,139.1102,-4649.110199999855
11:02:00,13:25:00,1,11150.05,11153.0,2.9500000000007276,eod,2019-10-17,41.0,139.2122,450.7878000001455
08:46:00,09:11:00,-1,11173.0,11197.2,-24.200000000000728,stop,2019-10-18,44.0,139.4808,-4979.480800000146
09:11:00,09:15:00,1,11197.2,11173.0,-24.200000000000728,stop,2019-10-18,44.0,139.4808,-4979.480800000146
09:08:00,09:33:00,1,11230.5,11211.25,-19.25,stop,2019-10-22,35.0,139.767,-3989.767
09:33:00,12:30:00,-1,11211.25,11230.5,-19.25,stop,2019-10-22,35.0,139.767,-3989.767
12:10:00,13:25:00,-1,11194.5,11209.0,-14.5,eod,2019-10-23,61.0,139.614,-3039.614
13:12:00,13:25:00,1,11268.0,11264.0,-4.0,eod,2019-10-24,72.0,140.128,-940.1279999999999
09:18:00,13:25:00,-1,11287.5,11277.0,10.5,eod,2019-10-25,67.0,140.25799999999998,1959.742
09:38:00,13:25:00,-1,11302.0,11314.0,-12.0,eod,2019-10-28,64.0,140.464,-2540.464
10:54:00,13:25:00,-1,11322.5,11326.0,-3.5,eod,2019-10-29,51.0,140.594,-840.594
13:01:00,13:25:00,1,11348.5,11330.0,-18.5,eod,2019-10-30,73.0,140.714,-3840.714
12:34:00,13:25:00,1,11360.5,11369.0,8.5,eod,2019-11-01,55.0,140.918,1559.0819999999999
09:02:00,13:25:00,1,11446.5,11553.0,106.5,eod,2019-11-04,61.0,141.998,21158.002
10:39:00,12:42:00,-1,11602.0,11648.2,-46.20000000000073,stop,2019-11-06,84.0,143.0008,-9383.000800000145
12:42:00,13:25:00,1,11648.2,11657.0,8.799999999999272,eod,2019-11-06,84.0,143.2208,1616.7791999998544
09:48:00,13:25:00,-1,11598.5,11603.0,-4.5,eod,2019-11-07,75.0,142.80599999999998,-1042.806
09:14:00,13:25:00,-1,11606.5,11579.0,27.5,eod,2019-11-08,79.0,142.74200000000002,5357.258
09:02:00,13:25:00,-1,11530.0,11433.0,97.0,eod,2019-11-11,94.0,141.852,19258.148
09:30:00,09:48:00,1,11494.0,11459.9,-34.100000000000364,stop,2019-11-13,62.0,141.81560000000002,-6961.815600000073
09:48:00,13:25:00,-1,11459.9,11456.0,3.899999999999636,eod,2019-11-13,62.0,141.6636,638.3363999999273
09:17:00,13:25:00,-1,11460.0,11457.0,3.0,eod,2019-11-14,66.0,141.668,458.332
08:51:00,13:25:00,1,11526.5,11533.0,6.5,eod,2019-11-15,83.0,142.238,1157.762
10:58:00,13:25:00,1,11574.5,11574.0,-0.5,eod,2019-11-18,83.0,142.594,-242.594
09:37:00,13:25:00,1,11617.5,11647.0,29.5,eod,2019-11-19,87.0,143.058,5756.942
08:53:00,11:38:00,-1,11504.0,11531.5,-27.5,stop,2019-11-21,50.0,142.142,-5642.142
11:38:00,13:25:00,1,11531.5,11536.0,4.5,eod,2019-11-21,50.0,142.26999999999998,757.73
09:09:00,13:25:00,-1,11584.5,11569.0,15.5,eod,2019-11-25,61.0,142.614,2957.386
09:46:00,10:25:00,1,11655.0,11616.5,-38.5,stop,2019-11-26,70.0,143.086,-7843.086
10:25:00,13:25:00,-1,11616.5,11638.0,-21.5,eod,2019-11-26,70.0,143.018,-4443.018
13:00:00,13:25:00,1,11640.5,11647.0,6.5,eod,2019-11-27,55.0,143.15,1156.85
09:20:00,13:25:00,-1,11630.5,11619.0,11.5,eod,2019-11-28,55.0,142.998,2157.002
09:20:00,13:25:00,-1,11575.0,11476.0,99.0,eod,2019-11-29,58.0,142.204,19657.796
09:04:00,13:25:00,1,11481.0,11511.0,30.0,eod,2019-12-03,74.0,141.96800000000002,5858.032
11:03:00,13:25:00,-1,11448.0,11490.0,-42.0,eod,2019-12-04,88.0,141.752,-8541.752
09:10:00,13:25:00,1,11571.0,11600.0,29.0,eod,2019-12-05,62.0,142.684,5657.316
11:39:00,13:25:00,-1,11602.0,11609.0,-7.0,eod,2019-12-06,86.0,142.844,-1542.844
12:11:00,13:25:00,-1,11614.0,11624.0,-10.0,eod,2019-12-10,66.0,142.952,-2142.952
09:15:00,13:25:00,1,11626.5,11688.0,61.5,eod,2019-12-11,51.0,143.25799999999998,12156.742
09:29:00,13:25:00,1,11821.0,11877.0,56.0,eod,2019-12-12,112.0,144.792,11055.208
08:58:00,09:04:00,-1,11947.0,11976.7,-29.700000000000728,stop,2019-12-17,54.0,145.6948,-6085.694800000146
09:04:00,13:25:00,1,11976.7,12078.0,101.29999999999927,eod,2019-12-17,54.0,146.2188,20113.781199999856
09:22:00,13:25:00,-1,12078.0,12025.0,53.0,eod,2019-12-19,64.0,146.412,10453.588
09:04:00,13:25:00,-1,12013.0,12019.0,-6.0,eod,2019-12-20,100.0,146.128,-1346.128
09:37:00,13:25:00,-1,12002.0,11999.0,3.0,eod,2019-12-24,56.0,146.00400000000002,453.996
13:10:00,13:25:00,1,12020.0,12025.0,5.0,eod,2019-12-25,62.0,146.18,853.8199999999999
09:50:00,13:25:00,-1,12003.5,12006.0,-2.5,eod,2019-12-26,51.0,146.038,-646.038
08:55:00,13:25:00,1,12066.0,12097.0,31.0,eod,2019-12-27,56.0,146.652,6053.348
08:51:00,09:07:00,-1,11999.0,12032.0,-33.0,stop,2019-12-31,60.0,146.124,-6746.124
09:07:00,13:25:00,1,12032.0,12017.0,-15.0,eod,2019-12-31,60.0,146.196,-3146.196
09:02:00,09:19:00,1,12072.5,12041.15,-31.350000000000364,stop,2020-01-02,57.0,146.45460000000003,-6416.454600000073
09:19:00,10:04:00,-1,12041.15,12072.5,-31.350000000000364,stop,2020-01-02,57.0,146.45460000000003,-6416.454600000073
09:51:00,13:25:00,-1,12131.5,12058.0,73.5,eod,2020-01-03,97.0,146.75799999999998,14553.242
09:16:00,13:25:00,-1,11952.0,11891.0,61.0,eod,2020-01-07,86.0,145.372,12054.628
10:04:00,13:25:00,1,11824.5,11821.0,-3.5,eod,2020-01-08,193.0,144.582,-844.582
09:24:00,13:25:00,-1,12059.0,12062.0,-3.0,eod,2020-01-17,88.0,146.484,-746.484
09:00:00,13:25:00,-1,11738.5,11400.0,338.5,eod,2020-01-30,63.0,142.554,67557.446
09:04:00,09:41:00,-1,11205.0,11293.0,-88.0,stop,2020-02-03,160.0,139.99200000000002,-17739.992
09:41:00,13:25:00,1,11293.0,11356.0,63.0,eod,2020-02-03,160.0,140.596,12459.404
09:45:00,13:25:00,1,11482.0,11532.0,50.0,eod,2020-02-04,218.0,142.05599999999998,9857.944
09:12:00,10:31:00,-1,11505.5,11612.75,-107.25,stop,2020-02-05,195.0,142.473,-21592.473
10:31:00,13:25:00,1,11612.75,11542.0,-70.75,eod,2020-02-05,195.0,142.619,-14292.619
12:31:00,13:25:00,1,11724.0,11736.0,12.0,eod,2020-02-06,146.0,143.84,2256.16
09:07:00,13:25:00,-1,11602.0,11579.0,23.0,eod,2020-02-07,116.0,142.724,4457.276
09:05:00,09:17:00,-1,11405.0,11460.0,-55.0,stop,2020-02-10,100.0,141.46,-11141.46
09:17:00,13:25:00,1,11460.0,11539.0,79.0,eod,2020-02-10,100.0,141.99599999999998,15658.004
09:01:00,13:25:00,1,11701.0,11775.0,74.0,eod,2020-02-12,76.0,143.904,14656.096
09:00:00,13:25:00,1,11794.5,11818.0,23.5,eod,2020-02-14,75.0,144.45,4555.55
09:27:00,13:25:00,1,11758.5,11760.0,1.5,eod,2020-02-17,97.0,144.074,155.926
08:54:00,13:25:00,-1,11670.0,11637.0,33.0,eod,2020-02-18,90.0,143.228,6456.772
09:56:00,13:25:00,-1,11736.0,11718.0,18.0,eod,2020-02-20,168.0,143.816,3456.184
09:14:00,10:26:00,1,11740.5,11657.45,-83.04999999999927,stop,2020-02-21,151.0,143.5918,-16753.591799999853
10:26:00,13:25:00,-1,11657.45,11669.0,-11.549999999999272,eod,2020-02-21,151.0,143.3058,-2453.3057999998546
09:16:00,10:33:00,1,11573.5,11502.55,-70.95000000000073,stop,2020-02-24,129.0,142.30419999999998,-14332.304200000146
10:33:00,13:25:00,-1,11502.55,11525.0,-22.450000000000728,eod,2020-02-24,129.0,142.11020000000002,-4632.110200000146
09:00:00,13:25:00,1,11455.5,11551.0,95.5,eod,2020-02-25,111.0,142.026,18957.974
10:30:00,13:25:00,1,11470.5,11426.0,-44.5,eod,2020-02-26,175.0,141.586,-9041.586
09:34:00,13:25:00,-1,11336.5,11269.0,67.5,eod,2020-02-27,117.0,140.422,13359.578
09:10:00,13:25:00,1,11116.0,11183.0,67.0,eod,2020-03-02,210.0,139.196,13260.804
09:42:00,11:06:00,-1,11299.5,11352.85,-53.350000000000364,stop,2020-03-04,97.0,140.6094,-10810.609400000072
11:06:00,13:25:00,1,11352.85,11348.0,-4.850000000000364,eod,2020-03-04,97.0,140.8034,-1110.8034000000728
13:19:00,13:25:00,1,11501.0,11493.0,-8.0,eod,2020-03-05,102.0,141.976,-1741.976
09:18:00,13:25:00,-1,11363.5,11282.0,81.5,eod,2020-03-06,73.0,140.582,16159.418
08:58:00,09:49:00,1,11055.0,10967.0,-88.0,stop,2020-03-09,160.0,138.08800000000002,-17738.088
09:49:00,11:15:00,-1,10967.0,11055.0,-88.0,stop,2020-03-09,160.0,138.08800000000002,-17738.088
11:40:00,13:25:00,1,10926.0,10988.0,62.0,eod,2020-03-10,192.0,137.656,12262.344
13:00:00,13:25:00,-1,10870.5,10823.0,47.5,eod,2020-03-11,217.0,136.774,9363.226
09:05:00,13:25:00,-1,10639.0,10315.0,324.0,eod,2020-03-12,222.0,133.816,64666.184
13:03:00,13:25:00,1,10051.0,10026.0,-25.0,eod,2020-03-13,604.0,130.308,-5130.308
09:27:00,10:10:00,1,9588.5,9358.05,-230.45000000000073,stop,2020-03-17,419.0,125.7862,-46215.78620000015
10:10:00,13:25:00,-1,9358.05,9447.0,-88.95000000000073,eod,2020-03-17,419.0,125.2202,-17915.220200000145
09:38:00,13:25:00,-1,8678.0,8427.0,251.0,eod,2020-03-19,284.0,118.42,50081.58
09:49:00,13:25:00,1,8864.0,9032.0,168.0,eod,2020-03-20,604.0,121.584,33478.416
09:13:00,13:25:00,1,9154.5,9190.0,35.5,eod,2020-03-24,313.0,123.378,6976.622
09:31:00,13:25:00,1,9564.5,9482.0,-82.5,eod,2020-03-25,309.0,126.186,-16626.186
09:03:00,13:25:00,-1,9552.0,9614.0,-62.0,eod,2020-03-26,254.0,126.664,-12526.664
09:09:00,13:25:00,-1,9767.0,9584.0,183.0,eod,2020-03-27,264.0,127.404,36472.596
12:14:00,13:25:00,1,9557.0,9547.0,-10.0,eod,2020-03-30,362.0,126.416,-2126.416
12:37:00,13:25:00,-1,9510.0,9558.0,-48.0,eod,2020-03-31,310.0,126.272,-9726.272
08:45:00,08:59:00,1,9790.5,9736.05,-54.45000000000073,stop,2020-04-06,99.0,128.1062,-11018.106200000146
08:59:00,13:25:00,-1,9736.05,9760.0,-23.950000000000728,eod,2020-04-06,99.0,127.9842,-4917.984200000145
09:09:00,13:25:00,1,10021.0,10122.0,101.0,eod,2020-04-08,142.0,130.572,20069.428
11:05:00,13:25:00,-1,10036.0,10090.0,-54.0,eod,2020-04-09,190.0,130.50400000000002,-10930.504
12:45:00,13:25:00,1,10122.5,10138.0,15.5,eod,2020-04-10,169.0,131.042,2968.958
10:17:00,11:44:00,1,10139.0,10078.5,-60.5,stop,2020-04-13,110.0,130.87,-12230.87
11:44:00,13:25:00,-1,10078.5,10083.0,-4.5,eod,2020-04-13,110.0,130.64600000000002,-1030.646
09:14:00,13:25:00,1,10219.0,10352.0,133.0,eod,2020-04-14,118.0,132.284,26467.716
09:09:00,13:25:00,1,10243.5,10316.0,72.5,eod,2020-04-16,133.0,132.238,14367.762
09:45:00,10:09:00,1,10666.0,10565.9,-100.10000000000036,stop,2020-04-17,182.0,134.9276,-20154.927600000072
10:09:00,13:25:00,-1,10565.9,10530.0,35.899999999999636,eod,2020-04-17,182.0,134.3836,7045.616399999927
09:28:00,09:45:00,1,10457.0,10400.9,-56.100000000000364,stop,2020-04-21,102.0,133.4316,-11353.431600000073
09:45:00,13:25:00,-1,10400.9,10210.0,190.89999999999964,eod,2020-04-21,102.0,132.4436,38047.55639999993
09:08:00,09:43:00,1,10348.5,10259.95,-88.54999999999927,stop,2020-04-23,161.0,132.43380000000002,-17842.433799999853
09:43:00,13:25:00,-1,10259.95,10304.0,-44.04999999999927,eod,2020-04-23,161.0,132.25580000000002,-8942.255799999855
08:53:00,13:25:00,1,10413.5,10553.0,139.5,eod,2020-04-27,81.0,133.86599999999999,27766.134
09:20:00,13:25:00,-1,10500.5,10582.0,-81.5,eod,2020-04-28,199.0,134.32999999999998,-16434.33
09:22:00,13:25:00,1,10717.5,10738.0,20.5,eod,2020-04-29,125.0,135.822,3964.178
09:39:00,13:25:00,1,10882.5,10960.0,77.5,eod,2020-04-30,139.0,137.37,15362.63
09:07:00,13:25:00,1,10624.0,10647.0,23.0,eod,2020-05-04,168.0,135.084,4464.916
09:31:00,13:25:00,1,10726.5,10737.0,10.5,eod,2020-05-06,137.0,135.85399999999998,1964.146
10:39:00,13:25:00,1,10817.0,10836.0,19.0,eod,2020-05-07,162.0,136.612,3663.388
09:37:00,13:25:00,1,11030.5,10994.0,-36.5,eod,2020-05-11,103.0,138.098,-7438.098
09:47:00,13:25:00,-1,10850.5,10877.0,-26.5,eod,2020-05-12,103.0,136.91,-5436.91
09:08:00,13:25:00,1,10848.0,10915.0,67.0,eod,2020-05-13,130.0,137.05200000000002,13262.948
13:08:00,13:25:00,-1,10753.5,10763.0,-9.5,eod,2020-05-14,149.0,136.066,-2036.066
10:06:00,12:00:00,-1,10760.5,10836.95,-76.45000000000073,stop,2020-05-15,139.0,136.3898,-15426.389800000146
12:00:00,13:25:00,1,10836.95,10825.0,-11.950000000000728,eod,2020-05-15,139.0,136.64780000000002,-2526.6478000001457
09:18:00,13:25:00,-1,10882.0,10881.0,1.0,eod,2020-05-19,100.0,137.05200000000002,62.94799999999998
09:24:00,13:25:00,1,10956.5,10964.0,7.5,eod,2020-05-21,107.0,137.68200000000002,1362.318
09:08:00,13:25:00,-1,10871.0,10728.0,143.0,eod,2020-05-22,114.0,136.39600000000002,28463.604
09:13:00,12:30:00,-1,10694.0,10810.6,-116.60000000000036,stop,2020-05-25,212.0,136.01839999999999,-23456.018400000074
12:30:00,13:25:00,1,10810.6,10837.0,26.399999999999636,eod,2020-05-25,212.0,136.5904,5143.409599999927
09:15:00,13:25:00,1,10990.5,10995.0,4.5,eod,2020-05-26,189.0,137.942,762.058
09:01:00,10:07:00,1,11030.0,10955.2,-74.79999999999927,stop,2020-05-27,136.0,137.94080000000002,-15097.940799999855
10:07:00,13:25:00,-1,10955.2,10974.0,-18.799999999999272,eod,2020-05-27,136.0,137.7168,-3897.7167999998546
09:13:00,13:25:00,-1,11010.5,10899.0,111.5,eod,2020-05-28,111.0,137.638,22162.362
09:25:00,13:25:00,1,11055.0,11059.0,4.0,eod,2020-06-01,144.0,138.45600000000002,661.544
09:31:00,10:57:00,-1,11216.0,11253.4,-37.399999999999636,stop,2020-06-03,68.0,139.8776,-7619.877599999927
10:57:00,13:25:00,1,11253.4,11294.0,40.600000000000364,eod,2020-06-03,68.0,140.1896,7979.810400000073
09:24:00,13:25:00,-1,11372.5,11364.0,8.5,eod,2020-06-04,93.0,140.946,1559.054
12:05:00,13:25:00,1,11458.5,11467.0,8.5,eod,2020-06-05,119.0,141.702,1558.298
09:19:00,09:57:00,-1,11502.0,11554.8,-52.79999999999927,stop,2020-06-08,96.0,142.22719999999998,-10702.227199999854
09:57:00,13:25:00,1,11554.8,11568.0,13.200000000000728,eod,2020-06-08,96.0,142.4912,2497.5088000001456
09:08:00,09:55:00,-1,11528.5,11602.75,-74.25,stop,2020-06-09,135.0,142.525,-14992.525
09:55:00,13:25:00,1,11602.75,11602.0,-0.75,eod,2020-06-09,135.0,142.81900000000002,-292.819
09:33:00,13:25:00,1,11684.5,11706.0,21.5,eod,2020-06-10,101.0,143.562,4156.438
11:29:00,13:25:00,-1,11622.0,11485.0,137.0,eod,2020-06-11,134.0,142.428,27257.572
13:07:00,13:25:00,-1,11265.0,11272.0,-7.0,eod,2020-06-15,182.0,140.148,-1540.148
09:12:00,09:22:00,1,11422.5,11366.95,-55.54999999999927,stop,2020-06-18,101.0,141.1578,-11251.157799999855
09:22:00,13:25:00,-1,11366.95,11394.0,-27.049999999999272,eod,2020-06-18,101.0,141.0438,-5551.043799999855
09:03:00,13:25:00,1,11413.0,11407.0,-6.0,eod,2020-06-22,78.0,141.28,-1341.28
09:23:00,13:25:00,-1,11425.0,11451.0,-26.0,eod,2020-06-23,136.0,141.50400000000002,-5341.504
09:04:00,10:41:00,1,11427.5,11390.65,-36.850000000000364,stop,2020-06-29,67.0,141.2726,-7511.272600000073
10:41:00,13:25:00,-1,11390.65,11357.0,33.649999999999636,eod,2020-06-29,67.0,140.99060000000003,6589.009399999927
09:05:00,13:25:00,1,11527.0,11563.0,36.0,eod,2020-07-01,90.0,142.36,7057.64
09:29:00,13:25:00,1,11660.5,11699.0,38.5,eod,2020-07-02,151.0,143.438,7556.562
09:12:00,13:25:00,1,11970.0,12049.0,79.0,eod,2020-07-06,98.0,146.07600000000002,15653.923999999999
09:16:00,13:25:00,-1,12065.5,12050.0,15.5,eod,2020-07-07,167.0,146.462,2953.538
10:58:00,13:25:00,1,12142.0,12135.0,-7.0,eod,2020-07-08,202.0,147.108,-1547.108
10:29:00,13:25:00,-1,12142.0,12140.0,2.0,eod,2020-07-09,120.0,147.128,252.872
09:06:00,13:25:00,-1,12152.0,12009.0,143.0,eod,2020-07-10,104.0,146.644,28453.356
09:09:00,09:28:00,1,12199.5,12141.75,-57.75,stop,2020-07-14,105.0,147.365,-11697.365
09:28:00,09:42:00,-1,12141.75,12199.5,-57.75,stop,2020-07-14,105.0,147.365,-11697.365
10:41:00,13:25:00,-1,11979.5,11992.0,-12.5,eod,2020-07-16,173.0,145.886,-2645.886
09:04:00,13:25:00,-1,12009.5,12047.0,-37.5,eod,2020-07-20,127.0,146.226,-7646.226
09:20:00,13:25:00,1,12211.0,12287.0,76.0,eod,2020-07-21,172.0,147.99200000000002,15052.008
09:00:00,13:25:00,-1,12256.5,12296.0,-39.5,eod,2020-07-23,105.0,148.21,-8048.21
08:59:00,11:33:00,1,12289.0,12226.3,-62.70000000000073,stop,2020-07-24,114.0,148.06119999999999,-12688.061200000146
11:33:00,13:25:00,-1,12226.3,12176.0,50.29999999999927,eod,2020-07-24,114.0,147.6092,9912.390799999854
09:11:00,13:25:00,1,12524.5,12483.0,-41.5,eod,2020-07-27,229.0,150.03,-8450.03
09:33:00,13:25:00,-1,12751.5,12446.0,305.5,eod,2020-07-28,165.0,150.79000000000002,60949.21
09:11:00,13:25:00,-1,12541.5,12582.0,-40.5,eod,2020-07-30,151.0,150.494,-8250.494
11:03:00,12:24:00,-1,12536.5,12612.95,-76.45000000000073,stop,2020-07-31,139.0,150.5978,-15440.597800000145
12:24:00,13:25:00,1,12612.95,12618.0,5.049999999999272,eod,2020-07-31,139.0,150.9238,859.0761999998545
10:11:00,13:25:00,-1,12471.5,12421.0,50.5,eod,2020-08-03,119.0,149.57,9950.43
13:15:00,13:25:00,1,12597.0,12597.0,0.0,eod,2020-08-04,162.0,150.776,-150.776
09:34:00,09:52:00,1,12907.5,12850.85,-56.649999999999636,stop,2020-08-06,103.0,153.0334,-11483.033399999927
09:52:00,13:25:00,-1,12850.85,12813.0,37.850000000000364,eod,2020-08-06,103.0,152.6554,7417.344600000073
10:10:00,13:25:00,-1,12774.0,12731.0,43.0,eod,2020-08-07,172.0,152.01999999999998,8447.98
09:45:00,13:25:00,1,12859.0,12866.0,7.0,eod,2020-08-10,160.0,152.9,1247.1
09:22:00,13:25:00,-1,12626.5,12621.0,5.5,eod,2020-08-12,147.0,150.99,949.01
09:24:00,13:25:00,-1,12748.0,12717.0,31.0,eod,2020-08-13,136.0,151.86,6048.14
10:15:00,13:25:00,1,12763.0,12789.0,26.0,eod,2020-08-14,134.0,152.208,5047.792
09:20:00,13:25:00,1,12848.0,12947.0,99.0,eod,2020-08-17,144.0,153.18,19646.82
09:30:00,13:25:00,-1,12889.0,12904.0,-15.0,eod,2020-08-18,188.0,153.172,-3153.172
09:22:00,13:25:00,-1,12607.5,12296.0,311.5,eod,2020-08-20,175.0,149.614,62150.386
09:37:00,13:25:00,1,12732.0,12726.0,-6.0,eod,2020-08-25,150.0,151.832,-1351.8319999999999
09:02:00,09:35:00,1,12897.0,12832.1,-64.89999999999964,stop,2020-08-27,118.0,152.9164,-13132.916399999927
09:35:00,13:25:00,-1,12832.1,12773.0,59.100000000000364,eod,2020-08-27,118.0,152.4204,11667.579600000072
09:19:00,09:54:00,-1,12645.0,12749.5,-104.5,stop,2020-08-28,190.0,151.578,-21051.578
09:54:00,12:49:00,1,12749.5,12645.0,-104.5,stop,2020-08-28,190.0,151.578,-21051.578
09:50:00,13:25:00,-1,12726.0,12608.0,118.0,eod,2020-08-31,148.0,151.336,23448.664
10:02:00,13:25:00,-1,12681.5,12686.0,-4.5,eod,2020-09-02,167.0,151.47,-1051.47
09:13:00,11:12:00,1,12634.5,12550.35,-84.14999999999964,stop,2020-09-04,153.0,150.7394,-16980.739399999926
11:12:00,12:35:00,-1,12550.35,12634.5,-84.14999999999964,stop,2020-09-04,153.0,150.7394,-16980.739399999926
09:02:00,12:17:00,1,12678.5,12600.95,-77.54999999999927,stop,2020-09-07,141.0,151.1178,-15661.117799999854
12:17:00,13:25:00,-1,12600.95,12587.0,13.950000000000728,eod,2020-09-07,141.0,150.7518,2639.2482000001455
09:00:00,12:19:00,-1,12502.5,12549.25,-46.75,stop,2020-09-09,85.0,150.207,-9500.207
12:19:00,13:25:00,1,12549.25,12598.0,48.75,eod,2020-09-09,85.0,150.589,9599.411
09:45:00,10:10:00,-1,12616.0,12662.2,-46.20000000000073,stop,2020-09-11,84.0,151.1128,-9391.112800000146
10:10:00,11:30:00,1,12662.2,12616.0,-46.20000000000073,stop,2020-09-11,84.0,151.1128,-9391.112800000146
08:45:00,09:03:00,1,12735.5,12689.85,-45.649999999999636,stop,2020-09-14,83.0,151.70139999999998,-9281.701399999927
09:03:00,09:57:00,-1,12689.85,12735.5,-45.649999999999636,stop,2020-09-14,83.0,151.70139999999998,-9281.701399999927
10:01:00,13:25:00,1,12827.5,12839.0,11.5,eod,2020-09-15,119.0,152.666,2147.334
10:48:00,13:25:00,-1,12796.0,12785.0,11.0,eod,2020-09-17,118.0,152.324,2047.676
09:30:00,09:51:00,1,12866.5,12815.35,-51.149999999999636,stop,2020-09-21,93.0,152.7274,-10382.727399999927
09:51:00,13:25:00,-1,12815.35,12685.0,130.35000000000036,eod,2020-09-21,93.0,152.0014,25917.99860000007
09:22:00,13:25:00,-1,12516.0,12487.0,29.0,eod,2020-09-22,222.0,150.012,5649.988
09:28:00,13:25:00,-1,12466.0,12523.0,-57.0,eod,2020-09-23,174.0,149.95600000000002,-11549.956
08:57:00,13:25:00,-1,12346.0,12177.0,169.0,eod,2020-09-24,122.0,148.09199999999998,33651.908
12:14:00,13:25:00,-1,12141.0,12202.0,-61.0,eod,2020-09-25,248.0,147.372,-12347.372
10:01:00,13:25:00,1,12389.5,12404.0,14.5,eod,2020-09-28,195.0,149.174,2750.826
09:45:00,13:25:00,1,12519.5,12491.0,-28.5,eod,2020-09-30,127.0,150.042,-5850.042
10:07:00,13:25:00,-1,12525.0,12528.0,-3.0,eod,2020-10-05,104.0,150.212,-750.212
09:48:00,13:25:00,1,12685.0,12662.0,-23.0,eod,2020-10-06,134.0,151.388,-4751.388
09:35:00,13:25:00,1,12665.0,12736.0,71.0,eod,2020-10-07,90.0,151.60399999999998,14048.396
09:53:00,10:19:00,1,12987.0,12929.8,-57.20000000000073,stop,2020-10-12,104.0,153.66719999999998,-11593.667200000145
10:19:00,13:25:00,-1,12929.8,12916.0,13.799999999999272,eod,2020-10-12,104.0,153.3832,2606.6167999998543
09:04:00,13:25:00,-1,12891.5,12912.0,-20.5,eod,2020-10-13,117.0,153.214,-4253.214
09:09:00,09:50:00,1,12880.5,12833.75,-46.75,stop,2020-10-15,85.0,152.857,-9502.857
09:50:00,13:25:00,-1,12833.75,12820.0,13.75,eod,2020-10-15,85.0,152.615,2597.385
12:57:00,13:25:00,-1,12735.5,12742.0,-6.5,eod,2020-10-16,165.0,151.91,-1451.91
09:24:00,13:25:00,1,12856.5,12908.0,51.5,eod,2020-10-19,147.0,153.058,10146.942
09:01:00,13:25:00,1,12776.5,12810.0,33.5,eod,2020-10-22,95.0,152.346,6547.654
09:51:00,13:25:00,-1,12799.0,12844.0,-45.0,eod,2020-10-23,132.0,152.572,-9152.572
09:05:00,09:40:00,1,12892.0,12843.6,-48.399999999999636,stop,2020-10-26,88.0,152.9424,-9832.942399999927
09:40:00,10:20:00,-1,12843.6,12892.0,-48.399999999999636,stop,2020-10-26,88.0,152.9424,-9832.942399999927
09:20:00,13:25:00,-1,12768.5,12819.0,-50.5,eod,2020-10-27,115.0,152.35000000000002,-10252.35
10:09:00,13:25:00,-1,12746.0,12722.0,24.0,eod,2020-10-28,68.0,151.872,4648.128
09:00:00,09:47:00,-1,12550.0,12602.8,-52.79999999999927,stop,2020-10-29,96.0,150.6112,-10710.611199999854
09:47:00,13:25:00,1,12602.8,12606.0,3.2000000000007276,eod,2020-10-29,96.0,150.8352,489.16480000014553
09:28:00,13:25:00,-1,12477.0,12472.0,5.0,eod,2020-10-30,136.0,149.796,850.204
10:09:00,13:25:00,1,12675.5,12694.0,18.5,eod,2020-11-03,129.0,151.478,3548.522
08:57:00,11:08:00,-1,12713.5,12775.65,-62.149999999999636,stop,2020-11-04,113.0,151.9566,-12581.956599999927
11:08:00,13:25:00,1,12775.65,12857.0,81.35000000000036,eod,2020-11-04,113.0,152.5306,16117.469400000073
09:04:00,10:31:00,1,13137.5,13085.25,-52.25,stop,2020-11-09,95.0,154.89100000000002,-10604.891
10:31:00,13:25:00,-1,13085.25,13125.0,-39.75,eod,2020-11-09,95.0,154.841,-8104.841
11:38:00,13:25:00,-1,13065.5,13066.0,-0.5,eod,2020-11-10,129.0,154.526,-254.526
10:02:00,13:25:00,1,13173.0,13264.0,91.0,eod,2020-11-11,144.0,155.748,18044.252
10:05:00,10:54:00,-1,13171.0,13232.6,-61.600000000000364,stop,2020-11-13,112.0,155.6144,-12475.614400000073
10:54:00,13:25:00,1,13232.6,13270.0,37.399999999999636,eod,2020-11-13,112.0,156.0104,7323.989599999927
09:29:00,13:25:00,1,13468.0,13564.0,96.0,eod,2020-11-16,122.0,158.128,19041.872
09:00:00,13:25:00,-1,13680.0,13706.0,-26.0,eod,2020-11-20,88.0,159.54399999999998,-5359.544
08:58:00,13:25:00,1,13838.5,13873.0,34.5,eod,2020-11-23,97.0,160.846,6739.154
09:23:00,13:25:00,-1,13843.5,13801.0,42.5,eod,2020-11-24,155.0,160.578,8339.422
10:55:00,13:25:00,-1,13810.5,13717.0,93.5,eod,2020-11-25,151.0,160.11,18539.89
11:53:00,13:25:00,1,13841.5,13874.0,32.5,eod,2020-11-27,121.0,160.86200000000002,6339.138
09:16:00,09:49:00,1,13946.5,13876.65,-69.85000000000036,stop,2020-11-30,127.0,161.2926,-14131.292600000073
09:49:00,13:25:00,-1,13876.65,13749.0,127.64999999999964,eod,2020-11-30,127.0,160.5026,25369.497399999927
09:49:00,10:44:00,-1,13865.0,13938.7,-73.70000000000073,stop,2020-12-02,134.0,161.21480000000003,-14901.214800000145
10:44:00,13:25:00,1,13938.7,13951.0,12.299999999999272,eod,2020-12-02,134.0,161.55880000000002,2298.4411999998547
09:17:00,10:13:00,-1,13908.5,13977.25,-68.75,stop,2020-12-03,125.0,161.543,-13911.543
10:13:00,13:25:00,1,13977.25,13957.0,-20.25,eod,2020-12-03,125.0,161.73700000000002,-4211.737
10:01:00,13:25:00,1,14094.0,14137.0,43.0,eod,2020-12-04,144.0,162.924,8437.076
09:42:00,13:17:00,-1,14112.5,14187.85,-75.35000000000036,stop,2020-12-07,137.0,163.20139999999998,-15233.201400000073
13:17:00,13:25:00,1,14187.85,14182.0,-5.850000000000364,eod,2020-12-07,137.0,163.4794,-1333.4794000000727
12:13:00,13:25:00,1,14286.0,14339.0,53.0,eod,2020-12-08,160.0,164.5,10435.5
10:03:00,10:44:00,1,14308.0,14256.3,-51.70000000000073,stop,2020-12-10,94.0,164.2572,-10504.257200000146
10:44:00,13:25:00,-1,14256.3,14258.0,-1.7000000000007276,eod,2020-12-10,94.0,164.0572,-504.0572000001455
10:30:00,13:25:00,-1,14222.0,14234.0,-12.0,eod,2020-12-11,136.0,163.824,-2563.824
09:09:00,09:47:00,1,14206.0,14157.6,-48.399999999999636,stop,2020-12-15,88.0,163.4544,-9843.454399999928
09:47:00,13:25:00,-1,14157.6,14064.0,93.60000000000036,eod,2020-12-15,88.0,162.88639999999998,18557.113600000073
09:44:00,13:25:00,-1,14149.0,14180.0,-31.0,eod,2020-12-17,142.0,163.316,-6363.316
09:22:00,10:10:00,-1,14108.0,14159.7,-51.70000000000073,stop,2020-12-21,94.0,163.07080000000002,-10503.070800000145
10:10:00,13:25:00,1,14159.7,14286.0,126.29999999999927,eod,2020-12-21,94.0,163.7828,25096.217199999854
13:13:00,13:25:00,-1,14107.0,14088.0,19.0,eod,2020-12-22,292.0,162.78,3637.22
09:13:00,13:25:00,1,14260.0,14251.0,-9.0,eod,2020-12-24,150.0,164.04399999999998,-1964.0439999999999
09:45:00,11:25:00,1,14382.0,14322.6,-59.399999999999636,stop,2020-12-25,108.0,164.8184,-12044.818399999927
11:25:00,13:25:00,-1,14322.6,14301.0,21.600000000000364,eod,2020-12-25,108.0,164.49439999999998,4155.505600000073
09:38:00,13:25:00,1,14398.0,14436.0,38.0,eod,2020-12-28,138.0,165.336,7434.664
09:59:00,13:25:00,-1,14403.0,14435.0,-32.0,eod,2020-12-29,124.0,165.352,-6565.352
09:39:00,13:25:00,1,14496.0,14634.0,138.0,eod,2020-12-30,90.0,166.51999999999998,27433.48
09:06:00,13:25:00,1,14694.0,14915.0,221.0,eod,2021-01-04,108.0,168.436,44031.564
09:24:00,09:36:00,1,15120.0,15040.8,-79.20000000000073,stop,2021-01-06,144.0,170.64319999999998,-16010.643200000146
09:36:00,13:25:00,-1,15040.8,14918.0,122.79999999999927,eod,2021-01-06,144.0,169.8352,24390.164799999853
11:31:00,13:25:00,1,15238.0,15259.0,21.0,eod,2021-01-07,376.0,171.988,4028.012
13:23:00,13:25:00,1,15524.5,15523.0,-1.5,eod,2021-01-11,209.0,174.19,-474.19
09:12:00,09:21:00,1,15601.5,15508.55,-92.95000000000073,stop,2021-01-12,169.0,174.4402,-18764.440200000146
09:21:00,13:25:00,-1,15508.55,15466.0,42.54999999999927,eod,2021-01-12,169.0,173.8982,8336.101799999855
09:33:00,13:25:00,1,15656.0,15776.0,120.0,eod,2021-01-13,198.0,175.728,23824.272
09:06:00,13:25:00,-1,15883.0,15637.0,246.0,eod,2021-01-15,134.0,176.07999999999998,49023.92
09:17:00,13:25:00,-1,15428.0,15594.0,-166.0,eod,2021-01-18,418.0,174.08800000000002,-33374.088
12:35:00,13:25:00,1,15890.0,15941.0,51.0,eod,2021-01-19,352.0,177.324,10022.676
09:35:00,13:25:00,1,15917.5,16133.0,215.5,eod,2021-01-21,229.0,178.202,42921.798
09:33:00,13:25:00,-1,15877.5,15929.0,-51.5,eod,2021-01-25,157.0,177.226,-10477.226
10:51:00,13:25:00,-1,15722.5,15609.0,113.5,eod,2021-01-26,285.0,175.32600000000002,22524.674
10:09:00,13:25:00,-1,15388.5,15177.0,211.5,eod,2021-01-29,219.0,172.262,42127.738
13:18:00,13:25:00,1,15394.0,15387.0,-7.0,eod,2021-02-01,476.0,173.12400000000002,-1573.124
09:13:00,13:25:00,1,15623.0,15741.0,118.0,eod,2021-02-02,308.0,175.45600000000002,23424.544
08:55:00,09:45:00,-1,15641.5,15728.95,-87.45000000000073,stop,2021-02-04,159.0,175.48180000000002,-17665.481800000147
09:45:00,11:41:00,1,15728.95,15641.5,-87.45000000000073,stop,2021-02-04,159.0,175.48180000000002,-17665.481800000147
09:57:00,10:42:00,1,15926.5,15797.25,-129.25,stop,2021-02-05,235.0,176.89499999999998,-26026.895
10:42:00,13:25:00,-1,15797.25,15818.0,-20.75,eod,2021-02-05,235.0,176.461,-4326.461
11:05:00,11:33:00,1,16501.0,16361.3,-139.70000000000073,stop,2021-02-18,254.0,181.44920000000002,-28121.449200000145
11:33:00,13:25:00,-1,16361.3,16409.0,-47.70000000000073,eod,2021-02-18,254.0,181.08120000000002,-9721.081200000146
10:18:00,13:18:00,-1,16182.0,16312.9,-130.89999999999964,stop,2021-02-19,238.0,179.9796,-26359.979599999926
13:18:00,13:25:00,1,16312.9,16309.0,-3.899999999999636,eod,2021-02-19,238.0,180.48760000000001,-960.4875999999273
10:43:00,13:25:00,-1,16381.0,16392.0,-11.0,eod,2021-02-22,198.0,181.092,-2381.092
09:45:00,13:25:00,1,16337.0,16440.0,103.0,eod,2021-02-23,228.0,181.108,20418.892
09:51:00,10:50:00,1,16434.5,16286.55,-147.95000000000073,stop,2021-02-24,269.0,180.8842,-29770.884200000146
10:50:00,13:25:00,-1,16286.55,16173.0,113.54999999999927,eod,2021-02-24,269.0,179.8382,22530.161799999856
09:33:00,10:24:00,-1,15947.5,16045.95,-98.45000000000073,stop,2021-02-26,179.0,177.9738,-19867.973800000145
10:24:00,11:34:00,1,16045.95,15947.5,-98.45000000000073,stop,2021-02-26,179.0,177.9738,-19867.973800000145
09:40:00,13:25:00,-1,16116.0,15914.0,202.0,eod,2021-03-02,266.0,178.12,40221.88
10:22:00,13:25:00,-1,15869.5,15943.0,-73.5,eod,2021-03-04,311.0,177.25,-14877.25
09:44:00,13:25:00,1,15756.0,15812.0,56.0,eod,2021-03-05,310.0,176.272,11023.728
12:45:00,13:25:00,-1,15778.0,15813.0,-35.0,eod,2021-03-08,344.0,176.364,-7176.364
09:41:00,11:13:00,-1,15646.0,15826.4,-180.39999999999964,stop,2021-03-09,328.0,175.8896,-36255.88959999993
11:13:00,13:25:00,1,15826.4,15790.0,-36.399999999999636,eod,2021-03-09,328.0,176.4656,-7456.465599999927
09:58:00,13:25:00,-1,15857.0,15853.0,4.0,eod,2021-03-10,240.0,176.84,623.16
09:12:00,13:25:00,1,16040.0,16183.0,143.0,eod,2021-03-11,178.0,178.892,28421.108
11:39:00,13:25:00,1,16303.5,16296.0,-7.5,eod,2021-03-16,107.0,180.398,-1680.398
09:37:00,12:12:00,1,16342.5,16246.25,-96.25,stop,2021-03-18,175.0,180.355,-19430.355
12:12:00,13:25:00,-1,16246.25,16248.0,-1.75,eod,2021-03-18,175.0,179.977,-529.977
09:23:00,13:25:00,-1,16009.5,16024.0,-14.5,eod,2021-03-19,181.0,178.13400000000001,-3078.134
09:15:00,09:36:00,-1,15939.5,16025.85,-86.35000000000036,stop,2021-03-22,157.0,177.8614,-17447.861400000074
09:36:00,13:25:00,1,16025.85,16158.0,132.14999999999964,eod,2021-03-22,157.0,178.7354,26251.264599999926
09:06:00,09:36:00,1,15951.5,15883.85,-67.64999999999964,stop,2021-03-25,123.0,177.3414,-13707.341399999927
09:36:00,10:05:00,-1,15883.85,15951.5,-67.64999999999964,stop,2021-03-25,123.0,177.3414,-13707.341399999927
10:08:00,13:25:00,1,16205.0,16280.0,75.0,eod,2021-03-26,220.0,179.94,14820.06
11:10:00,13:25:00,1,16476.0,16407.0,-69.0,eod,2021-03-29,212.0,181.532,-13981.532
10:03:00,13:25:00,-1,16483.5,16430.0,53.5,eod,2021-03-31,113.0,181.654,10518.346
10:53:00,12:05:00,-1,16462.0,16542.3,-80.29999999999927,stop,2021-04-01,146.0,182.0172,-16242.017199999855
12:05:00,13:25:00,1,16542.3,16541.0,-1.2999999999992724,eod,2021-04-01,146.0,182.3332,-442.3331999998545
09:44:00,09:48:00,1,16827.5,16753.25,-74.25,stop,2021-04-06,135.0,184.323,-15034.323
09:48:00,13:25:00,-1,16753.25,16751.0,2.25,eod,2021-04-06,135.0,184.017,265.983
09:48:00,13:02:00,-1,16705.5,16784.15,-78.65000000000146,stop,2021-04-07,143.0,183.95860000000002,-15913.958600000291
13:02:00,13:25:00,1,16784.15,16776.0,-8.150000000001455,eod,2021-04-07,143.0,184.2406,-1814.2406000002911
09:27:00,13:25:00,1,16772.5,16901.0,128.5,eod,2021-04-08,115.0,184.69400000000002,25515.306
09:56:00,13:25:00,-1,16830.5,16853.0,-22.5,eod,2021-04-09,243.0,184.734,-4684.734
10:35:00,13:25:00,-1,16814.5,16854.0,-39.5,eod,2021-04-12,161.0,184.674,-8084.674
10:02:00,12:46:00,1,17012.5,16899.75,-112.75,stop,2021-04-13,205.0,185.649,-22735.649
12:46:00,13:25:00,-1,16899.75,16799.0,100.75,eod,2021-04-13,205.0,184.79500000000002,19965.205
10:45:00,13:25:00,-1,16727.0,16833.0,-106.0,eod,2021-04-14,266.0,184.24,-21384.24
09:45:00,13:25:00,1,17203.0,17266.0,63.0,eod,2021-04-19,170.0,187.876,12412.124
09:04:00,09:56:00,1,17318.0,17252.0,-66.0,stop,2021-04-22,120.0,188.28,-13388.28
09:56:00,11:10:00,-1,17252.0,17318.0,-66.0,stop,2021-04-22,120.0,188.28,-13388.28
11:09:00,13:25:00,1,17219.0,17225.0,6.0,eod,2021-04-23,316.0,187.776,1012.2239999999999
09:45:00,13:25:00,1,17446.5,17495.0,48.5,eod,2021-04-26,219.0,189.766,9510.234
10:33:00,13:12:00,-1,17490.0,17553.8,-63.79999999999927,stop,2021-04-28,116.0,190.17520000000002,-12950.175199999854
13:12:00,13:25:00,1,17553.8,17532.0,-21.799999999999272,eod,2021-04-28,116.0,190.34320000000002,-4550.343199999855
08:52:00,11:53:00,1,17622.0,17573.6,-48.400000000001455,stop,2021-04-29,88.0,190.7824,-9870.782400000291
11:53:00,13:25:00,-1,17573.6,17579.0,-5.400000000001455,eod,2021-04-29,88.0,190.6104,-1270.610400000291
09:23:00,13:25:00,-1,17415.5,17249.0,166.5,eod,2021-05-03,171.0,188.65800000000002,33111.342
09:24:00,13:25:00,-1,17117.0,16934.0,183.0,eod,2021-05-04,308.0,186.204,36413.796
09:24:00,11:16:00,1,17016.0,16870.8,-145.20000000000073,stop,2021-05-06,264.0,185.5472,-29225.547200000146
11:16:00,13:25:00,-1,16870.8,16901.0,-30.200000000000728,eod,2021-05-06,264.0,185.08720000000002,-6225.0872000001455
09:01:00,13:25:00,-1,17255.0,17224.0,31.0,eod,2021-05-10,228.0,187.916,6012.084
09:00:00,13:25:00,-1,16870.5,16542.0,328.5,eod,2021-05-11,195.0,183.65,65516.35
09:15:00,09:45:00,-1,16230.5,16530.25,-299.75,stop,2021-05-12,545.0,181.043,-60131.043
09:45:00,10:15:00,1,16530.25,16230.5,-299.75,stop,2021-05-12,545.0,181.043,-60131.043
08:46:00,12:26:00,1,15367.0,15164.6,-202.39999999999964,stop,2021-05-17,368.0,172.1264,-40652.12639999993
12:26:00,12:50:00,-1,15164.6,15367.0,-202.39999999999964,stop,2021-05-17,368.0,172.1264,-40652.12639999993
09:28:00,13:25:00,1,15882.5,16145.0,262.5,eod,2021-05-18,639.0,178.11,52321.89
09:15:00,13:25:00,-1,15943.5,15938.0,5.5,eod,2021-05-20,269.0,177.526,922.4739999999999
09:08:00,09:45:00,1,16351.5,16209.05,-142.45000000000073,stop,2021-05-21,259.0,180.2422,-28670.242200000146
09:45:00,13:25:00,-1,16209.05,16251.0,-41.95000000000073,eod,2021-05-21,259.0,179.8402,-8569.840200000146
09:55:00,13:25:00,1,16255.5,16315.0,59.5,eod,2021-05-24,353.0,180.282,11719.718
11:06:00,13:25:00,1,16612.5,16583.0,-29.5,eod,2021-05-25,299.0,182.782,-6082.782
10:21:00,13:09:00,-1,16517.0,16625.9,-108.90000000000146,stop,2021-05-26,198.0,182.57160000000002,-21962.57160000029
13:09:00,13:25:00,1,16625.9,16608.0,-17.900000000001455,eod,2021-05-26,198.0,182.93560000000002,-3762.935600000291
08:45:00,13:25:00,-1,16513.0,16496.0,17.0,eod,2021-05-27,160.0,182.036,3217.964
09:46:00,13:25:00,1,16993.5,17000.0,6.5,eod,2021-05-31,205.0,185.974,1114.026
09:35:00,10:38:00,-1,17104.5,17177.65,-73.15000000000146,stop,2021-06-02,133.0,187.1286,-14817.128600000291
10:38:00,11:26:00,1,17177.65,17104.5,-73.15000000000146,stop,2021-06-02,133.0,187.1286,-14817.128600000291
11:10:00,12:45:00,-1,17162.0,17262.1,-100.09999999999854,stop,2021-06-03,182.0,187.6964,-20207.69639999971
12:45:00,13:25:00,1,17262.1,17230.0,-32.099999999998545,eod,2021-06-03,182.0,187.9684,-6607.968399999709
09:44:00,13:25:00,1,17134.0,17114.0,-20.0,eod,2021-06-04,166.0,186.992,-4186.992
09:01:00,13:25:00,-1,17145.0,17103.0,42.0,eod,2021-06-07,134.0,186.992,8213.008
12:01:00,13:25:00,-1,16913.0,16961.0,-48.0,eod,2021-06-09,168.0,185.496,-9785.496
09:34:00,10:47:00,1,17127.0,17025.8,-101.20000000000073,stop,2021-06-10,184.0,186.61120000000003,-20426.611200000145
10:47:00,12:35:00,-1,17025.8,17127.0,-101.20000000000073,stop,2021-06-10,184.0,186.61120000000003,-20426.611200000145
09:44:00,13:25:00,1,17280.5,17229.0,-51.5,eod,2021-06-11,183.0,188.038,-10488.038
11:25:00,13:25:00,1,17376.5,17393.0,16.5,eod,2021-06-15,109.0,189.078,3110.922
13:07:00,13:25:00,1,17252.5,17280.0,27.5,eod,2021-06-17,365.0,188.13,5311.87
09:00:00,09:43:00,1,17108.0,17042.0,-66.0,stop,2021-06-21,120.0,186.6,-13386.6
09:43:00,13:25:00,-1,17042.0,16966.0,76.0,eod,2021-06-21,120.0,186.032,15013.968
10:03:00,13:25:00,-1,17026.0,17018.0,8.0,eod,2021-06-22,258.0,186.17600000000002,1413.824
09:36:00,13:25:00,1,17196.0,17310.0,114.0,eod,2021-06-23,192.0,188.024,22611.976
09:14:00,13:21:00,1,17506.5,17431.15,-75.34999999999854,stop,2021-06-25,137.0,189.75060000000002,-15259.750599999708
13:21:00,13:25:00,-1,17431.15,17408.0,23.150000000001455,eod,2021-06-25,137.0,189.35660000000001,4440.643400000291
09:34:00,13:25:00,-1,17514.0,17530.0,-16.0,eod,2021-06-29,162.0,190.17600000000002,-3390.176
09:32:00,13:25:00,1,17696.0,17730.0,34.0,eod,2021-06-30,172.0,191.704,6608.296
10:31:00,11:05:00,1,17769.5,17668.85,-100.65000000000146,stop,2021-07-01,183.0,191.7534,-20321.753400000292
11:05:00,13:25:00,-1,17668.85,17628.0,40.849999999998545,eod,2021-07-01,183.0,191.1874,7978.812599999709
09:06:00,13:25:00,1,17823.0,17902.0,79.0,eod,2021-07-05,136.0,192.9,15607.1
09:58:00,13:25:00,-1,17867.0,17896.0,-29.0,eod,2021-07-06,178.0,193.052,-5993.052
09:56:00,12:33:00,1,17879.0,17815.2,-63.79999999999927,stop,2021-07-07,116.0,192.77679999999998,-12952.776799999854
12:33:00,13:25:00,-1,17815.2,17780.0,35.20000000000073,eod,2021-07-07,116.0,192.3808,6847.619200000146
09:55:00,13:25:00,-1,17780.5,17823.0,-42.5,eod,2021-07-08,191.0,192.41400000000002,-8692.414
09:55:00,13:25:00,-1,17560.5,17643.0,-82.5,eod,2021-07-09,203.0,190.814,-16690.814
09:11:00,10:01:00,1,17935.0,17839.3,-95.70000000000073,stop,2021-07-12,174.0,193.09720000000002,-19333.097200000146
10:01:00,13:25:00,-1,17839.3,17858.0,-18.700000000000728,eod,2021-07-12,174.0,192.78920000000002,-3932.7892000001457
13:05:00,13:25:00,-1,17863.0,17853.0,10.0,eod,2021-07-13,190.0,192.864,1807.136
12:20:00,13:25:00,1,18007.0,18029.0,22.0,eod,2021-07-15,176.0,194.144,4205.856
12:50:00,13:25:00,1,17915.0,17909.0,-6.0,eod,2021-07-16,178.0,193.296,-1393.296
12:38:00,13:25:00,1,17795.0,17794.0,-1.0,eod,2021-07-19,156.0,192.356,-392.356
09:45:00,13:25:00,-1,17597.0,17548.0,49.0,eod,2021-07-20,166.0,190.58,9609.42
11:54:00,13:25:00,-1,17397.0,17418.0,-21.0,eod,2021-07-23,178.0,189.26,-4389.26
09:58:00,13:25:00,-1,17383.5,17252.0,131.5,eod,2021-07-26,179.0,188.542,26111.458
11:11:00,13:25:00,-1,17181.0,17185.0,-4.0,eod,2021-07-27,282.0,187.464,-987.4639999999999
09:24:00,13:25:00,-1,16964.5,16917.0,47.5,eod,2021-07-28,195.0,185.526,9314.474
13:16:00,13:25:00,-1,17153.0,17141.0,12.0,eod,2021-07-30,264.0,187.17600000000002,2212.824
10:02:00,11:31:00,-1,17226.5,17321.65,-95.15000000000146,stop,2021-08-02,173.0,188.1926,-19218.19260000029
11:31:00,13:25:00,1,17321.65,17429.0,107.34999999999854,eod,2021-08-02,173.0,189.0026,21280.99739999971
10:15:00,13:25:00,1,17558.5,17576.0,17.5,eod,2021-08-04,135.0,190.538,3309.462
08:46:00,13:25:00,-1,17523.0,17475.0,48.0,eod,2021-08-06,64.0,189.992,9410.008
08:46:00,13:25:00,-1,17334.5,17383.0,-48.5,eod,2021-08-09,207.0,188.87,-9888.87
09:48:00,13:25:00,-1,17289.5,17280.0,9.5,eod,2021-08-10,213.0,188.278,1711.722
11:45:00,13:25:00,-1,17125.0,17159.0,-34.0,eod,2021-08-11,184.0,187.136,-6987.136
09:03:00,13:25:00,-1,17130.0,16962.0,168.0,eod,2021-08-13,110.0,186.368,33413.632
11:15:00,13:25:00,-1,16757.0,16645.0,112.0,eod,2021-08-17,186.0,183.608,22216.392
10:35:00,13:25:00,-1,16407.5,16309.0,98.5,eod,2021-08-19,407.0,180.866,19519.134
09:06:00,13:25:00,1,16567.5,16702.0,134.5,eod,2021-08-23,281.0,183.078,26716.922
09:05:00,13:25:00,1,16856.5,16949.0,92.5,eod,2021-08-25,125.0,185.222,18314.778
09:06:00,13:25:00,-1,17004.5,16989.0,15.5,eod,2021-08-26,197.0,185.974,2914.026
09:27:00,13:25:00,1,17061.5,17166.0,104.5,eod,2021-08-27,243.0,186.91,20713.09
09:43:00,11:38:00,-1,17202.5,17283.35,-80.84999999999854,stop,2021-08-31,147.0,187.9434,-16357.943399999709
11:38:00,13:25:00,1,17283.35,17405.0,121.65000000000146,eod,2021-08-31,147.0,188.7534,24141.24660000029
09:36:00,10:34:00,1,17502.5,17427.15,-75.34999999999854,stop,2021-09-02,137.0,189.7186,-15259.71859999971
10:34:00,13:25:00,-1,17427.15,17308.0,119.15000000000146,eod,2021-09-02,137.0,188.94060000000002,23641.05940000029
09:42:00,13:25:00,1,17531.5,17463.0,-68.5,eod,2021-09-06,183.0,189.978,-13889.978
09:29:00,13:25:00,-1,17436.5,17437.0,-0.5,eod,2021-09-07,171.0,189.494,-289.494
10:20:00,13:25:00,-1,17299.0,17207.0,92.0,eod,2021-09-08,192.0,188.024,18211.976
10:31:00,13:25:00,1,17273.5,17238.0,-35.5,eod,2021-09-09,263.0,188.046,-7288.046
10:17:00,13:25:00,1,17403.5,17469.0,65.5,eod,2021-09-10,207.0,189.49,12910.51
10:11:00,13:25:00,-1,17473.0,17467.0,6.0,eod,2021-09-14,136.0,189.76,1010.24
09:33:00,13:25:00,-1,17260.5,17250.0,10.5,eod,2021-09-16,153.0,188.042,1911.958
09:36:00,09:48:00,-1,17170.5,17264.55,-94.04999999999927,stop,2021-09-17,171.0,187.74020000000002,-18997.740199999855
09:48:00,13:25:00,1,17264.55,17369.0,104.45000000000073,eod,2021-09-17,171.0,188.53420000000003,20701.465800000147
09:43:00,13:25:00,1,17114.5,17083.0,-31.5,eod,2021-09-23,189.0,186.79,-6486.79
09:29:00,13:25:00,1,17263.5,17221.0,-42.5,eod,2021-09-24,145.0,187.93800000000002,-8687.938
08:50:00,09:14:00,1,17299.5,17241.75,-57.75,stop,2021-09-27,105.0,188.165,-11738.165
09:14:00,09:30:00,-1,17241.75,17299.5,-57.75,stop,2021-09-27,105.0,188.165,-11738.165
08:50:00,13:25:00,-1,17121.0,17151.0,-30.0,eod,2021-09-28,122.0,187.088,-6187.088
09:06:00,13:25:00,-1,16855.5,16798.0,57.5,eod,2021-09-29,141.0,184.614,11315.386
09:43:00,10:06:00,-1,16714.5,16811.85,-97.34999999999854,stop,2021-09-30,177.0,184.1054,-19654.10539999971
10:06:00,13:25:00,1,16811.85,16943.0,131.15000000000146,eod,2021-09-30,177.0,185.0194,26044.98060000029
09:14:00,13:25:00,-1,16669.0,16466.0,203.0,eod,2021-10-01,262.0,182.54,40417.46
09:50:00,13:25:00,-1,16393.0,16366.0,27.0,eod,2021-10-04,390.0,181.036,5218.964
10:56:00,13:25:00,1,16398.0,16390.0,-8.0,eod,2021-10-05,316.0,181.15200000000002,-1781.152
09:48:00,13:25:00,-1,16311.5,16346.0,-34.5,eod,2021-10-06,317.0,180.63,-7080.63
09:15:00,13:25:00,1,16635.0,16715.0,80.0,eod,2021-10-07,228.0,183.4,15816.6
12:07:00,13:25:00,-1,16619.5,16615.0,4.5,eod,2021-10-08,241.0,182.93800000000002,717.062
08:45:00,13:25:00,-1,16401.0,16425.0,-24.0,eod,2021-10-12,168.0,181.304,-4981.304
10:01:00,13:25:00,-1,16418.0,16373.0,45.0,eod,2021-10-13,204.0,181.16400000000002,8818.836
10:31:00,13:25:00,-1,16362.5,16432.0,-69.5,eod,2021-10-14,267.0,181.178,-14081.178
10:14:00,13:25:00,1,16750.0,16775.0,25.0,eod,2021-10-15,192.0,184.1,4815.9
09:45:00,13:25:00,1,16892.5,16915.0,22.5,eod,2021-10-19,165.0,185.23,4314.77
09:21:00,12:24:00,1,16941.0,16872.8,-68.20000000000073,stop,2021-10-21,124.0,185.2552,-13825.255200000145
12:24:00,13:25:00,-1,16872.8,16848.0,24.799999999999272,eod,2021-10-21,124.0,184.88320000000002,4775.116799999854
10:35:00,13:25:00,1,16859.5,16898.0,38.5,eod,2021-10-25,143.0,185.03,7514.97
09:12:00,10:39:00,1,17006.5,16937.75,-68.75,stop,2021-10-27,125.0,185.77700000000002,-13935.777
10:39:00,12:34:00,-1,16937.75,17006.5,-68.75,stop,2021-10-27,125.0,185.77700000000002,-13935.777
09:38:00,10:52:00,1,17093.0,17005.0,-88.0,stop,2021-10-28,160.0,186.392,-17786.392
10:52:00,13:25:00,-1,17005.0,17049.0,-44.0,eod,2021-10-28,160.0,186.216,-8986.216
09:02:00,13:25:00,-1,17001.5,16959.0,42.5,eod,2021-10-29,119.0,185.842,8314.158
09:08:00,09:32:00,1,17218.0,17161.9,-56.099999999998545,stop,2021-11-02,102.0,187.5196,-11407.519599999709
09:32:00,13:25:00,-1,17161.9,17029.0,132.90000000000146,eod,2021-11-02,102.0,186.7636,26393.236400000293
09:00:00,13:25:00,-1,17225.5,17094.0,131.5,eod,2021-11-04,87.0,187.278,26112.722
13:15:00,13:25:00,1,17265.0,17269.0,4.0,eod,2021-11-05,230.0,188.136,611.864
09:44:00,13:25:00,1,17342.5,17405.0,62.5,eod,2021-11-08,173.0,188.99,12311.01
10:13:00,13:25:00,1,17586.0,17565.0,-21.0,eod,2021-11-09,174.0,190.604,-4390.604
09:32:00,13:25:00,1,17472.5,17458.0,-14.5,eod,2021-11-11,85.0,189.722,-3089.722
12:07:00,13:25:00,-1,17499.0,17534.0,-35.0,eod,2021-11-12,142.0,190.132,-7190.132
09:21:00,12:36:00,1,17688.5,17607.65,-80.84999999999854,stop,2021-11-15,147.0,191.18460000000002,-16361.18459999971
12:36:00,13:25:00,-1,17607.65,17665.0,-57.349999999998545,eod,2021-11-15,147.0,191.0906,-11661.090599999709
09:51:00,13:25:00,1,17714.0,17689.0,-25.0,eod,2021-11-16,104.0,191.612,-5191.612
09:28:00,13:25:00,1,17810.5,17849.0,38.5,eod,2021-11-18,83.0,192.638,7507.362
09:59:00,13:25:00,-1,17866.5,17842.0,24.5,eod,2021-11-19,105.0,192.834,4707.166
09:51:00,13:25:00,1,17858.0,17846.0,-12.0,eod,2021-11-22,136.0,192.816,-2592.816
09:00:00,13:25:00,-1,17720.5,17651.0,69.5,eod,2021-11-23,89.0,191.486,13708.514
09:01:00,13:25:00,1,17669.0,17663.0,-6.0,eod,2021-11-24,130.0,191.328,-1391.328
09:18:00,13:25:00,-1,17635.5,17669.0,-33.5,eod,2021-11-25,105.0,191.218,-6891.218
08:45:00,08:47:00,-1,17472.5,17535.75,-63.25,stop,2021-11-26,115.0,190.03300000000002,-12840.033
08:47:00,09:29:00,1,17535.75,17472.5,-63.25,stop,2021-11-26,115.0,190.03300000000002,-12840.033
09:54:00,13:25:00,1,17375.5,17313.0,-62.5,eod,2021-11-29,265.0,188.754,-12688.754
10:02:00,13:25:00,1,17462.5,17585.0,122.5,eod,2021-12-01,225.0,190.19,24309.81
09:03:00,09:26:00,-1,17557.0,17625.2,-68.20000000000073,stop,2021-12-06,124.0,190.72879999999998,-13830.728800000146
09:26:00,13:25:00,1,17625.2,17692.0,66.79999999999927,eod,2021-12-06,124.0,191.2688,13168.731199999855
12:16:00,13:25:00,-1,17812.0,17868.0,-56.0,eod,2021-12-09,148.0,192.72,-11392.72
10:20:00,13:25:00,-1,17857.5,17828.0,29.5,eod,2021-12-13,109.0,192.742,5707.258
13:19:00,13:25:00,-1,17582.5,17576.0,6.5,eod,2021-12-14,201.0,190.63400000000001,1109.366
09:27:00,12:56:00,-1,17700.0,17771.5,-71.5,stop,2021-12-16,130.0,191.886,-14491.886
12:56:00,13:25:00,1,17771.5,17779.0,7.5,eod,2021-12-16,130.0,192.202,1307.798
10:04:00,12:05:00,1,17785.0,17709.1,-75.90000000000146,stop,2021-12-17,138.0,191.97639999999998,-15371.97640000029
12:05:00,13:25:00,-1,17709.1,17747.0,-37.900000000001455,eod,2021-12-17,138.0,191.8244,-7771.8244000002915
08:45:00,09:01:00,-1,17672.5,17724.75,-52.25,stop,2021-12-20,95.0,191.589,-10641.589
09:01:00,10:00:00,1,17724.75,17672.5,-52.25,stop,2021-12-20,95.0,191.589,-10641.589
10:02:00,13:25:00,1,17752.0,17816.0,64.0,eod,2021-12-21,184.0,192.272,12607.728
09:26:00,09:30:00,1,17969.5,17931.55,-37.95000000000073,stop,2021-12-23,69.0,193.60420000000002,-7783.604200000145
09:30:00,13:25:00,-1,17931.55,17935.0,-3.4500000000007276,eod,2021-12-23,69.0,193.46620000000001,-883.4662000001456
12:46:00,13:25:00,-1,17974.0,17964.0,10.0,eod,2021-12-24,80.0,193.752,1806.248
09:24:00,13:25:00,1,18026.5,18081.0,54.5,eod,2021-12-27,89.0,194.43,10705.57
12:09:00,13:25:00,1,18181.0,18187.0,6.0,eod,2021-12-28,132.0,195.472,1004.528
12:22:00,13:25:00,1,18247.0,18275.0,28.0,eod,2021-12-29,104.0,196.088,5403.912
11:12:00,13:25:00,-1,18191.5,18230.0,-38.5,eod,2021-12-30,101.0,195.686,-7895.686
08:58:00,09:40:00,1,18332.0,18283.6,-48.400000000001455,stop,2022-01-03,88.0,196.4624,-9876.462400000291
09:40:00,13:25:00,-1,18283.6,18259.0,24.599999999998545,eod,2022-01-03,88.0,196.1704,4723.829599999709
09:22:00,13:25:00,1,18454.0,18494.0,40.0,eod,2022-01-04,186.0,197.792,7802.208
09:25:00,10:09:00,1,18399.0,18339.6,-59.400000000001455,stop,2022-01-06,108.0,196.9544,-12076.954400000292
10:09:00,13:25:00,-1,18339.6,18302.0,37.599999999998545,eod,2022-01-06,108.0,196.5664,7323.433599999709
09:20:00,13:25:00,-1,18368.5,18169.0,199.5,eod,2022-01-07,181.0,196.15,39703.85
09:47:00,13:25:00,-1,18306.5,18341.0,-34.5,eod,2022-01-12,193.0,196.59,-7096.59
08:51:00,13:25:00,-1,18488.5,18371.0,117.5,eod,2022-01-14,121.0,197.43800000000002,23302.562
12:21:00,13:25:00,-1,18456.0,18411.0,45.0,eod,2022-01-18,150.0,197.468,8802.532
09:15:00,11:46:00,-1,18135.5,18209.75,-74.25,stop,2022-01-20,135.0,195.381,-15045.381
11:46:00,13:25:00,1,18209.75,18254.0,44.25,eod,2022-01-20,135.0,195.855,8654.145
09:21:00,13:25:00,-1,17931.5,17850.0,81.5,eod,2022-01-21,189.0,193.126,16106.874
10:30:00,13:25:00,1,17843.0,17953.0,110.0,eod,2022-01-24,214.0,193.184,21806.816
09:39:00,13:25:00,-1,17655.0,17655.0,-0.0,eod,2022-01-25,270.0,191.24,-191.24
09:45:00,12:02:00,-1,17722.0,17804.5,-82.5,stop,2022-02-07,150.0,192.106,-16692.106
12:02:00,13:25:00,1,17804.5,17874.0,69.5,eod,2022-02-07,150.0,192.714,13707.286
13:03:00,13:25:00,1,18130.5,18158.0,27.5,eod,2022-02-09,125.0,195.154,5304.846
09:28:00,11:15:00,-1,18170.5,18235.95,-65.45000000000073,stop,2022-02-10,119.0,195.6258,-13285.625800000145
11:15:00,13:25:00,1,18235.95,18289.0,53.04999999999927,eod,2022-02-10,119.0,196.0998,10413.900199999855
09:03:00,13:25:00,-1,18045.0,18000.0,45.0,eod,2022-02-14,108.0,194.18,8805.82
09:14:00,13:25:00,1,18021.0,17937.0,-84.0,eod,2022-02-15,198.0,193.832,-16993.832
10:04:00,10:45:00,1,18323.0,18263.6,-59.400000000001455,stop,2022-02-17,108.0,196.3464,-12076.346400000291
10:45:00,11:19:00,-1,18263.6,18323.0,-59.400000000001455,stop,2022-02-17,108.0,196.3464,-12076.346400000291
09:32:00,13:25:00,1,18146.0,18248.0,102.0,eod,2022-02-18,162.0,195.576,20204.424
09:00:00,13:25:00,1,18108.5,18220.0,111.5,eod,2022-02-21,215.0,195.314,22104.686
10:30:00,13:25:00,-1,17854.0,17907.0,-53.0,eod,2022-02-22,272.0,193.044,-10793.044
09:05:00,09:10:00,-1,17749.0,17817.2,-68.20000000000073,stop,2022-02-24,124.0,192.26479999999998,-13832.264800000146
09:10:00,09:28:00,1,17817.2,17749.0,-68.20000000000073,stop,2022-02-24,124.0,192.26479999999998,-13832.264800000146
09:24:00,13:25:00,1,17850.5,17904.0,53.5,eod,2022-03-01,189.0,193.018,10506.982
09:39:00,13:25:00,-1,17873.5,17903.0,-29.5,eod,2022-03-03,137.0,193.106,-6093.106
08:45:00,08:46:00,-1,17558.5,17612.95,-54.45000000000073,stop,2022-03-04,99.0,190.6858,-11080.685800000145
08:46:00,13:25:00,1,17612.95,17700.0,87.04999999999927,eod,2022-03-04,99.0,191.2518,17218.748199999856
09:15:00,13:25:00,-1,17229.0,17139.0,90.0,eod,2022-03-07,266.0,187.472,17812.528
09:11:00,10:56:00,1,17017.0,16822.3,-194.70000000000073,stop,2022-03-08,354.0,185.3572,-39125.357200000144
10:56:00,13:25:00,-1,16822.3,16745.0,77.29999999999927,eod,2022-03-08,354.0,184.2692,15275.730799999854
09:21:00,13:25:00,1,17380.0,17395.0,15.0,eod,2022-03-10,158.0,189.1,2810.9
09:25:00,13:25:00,-1,17278.5,17188.0,90.5,eod,2022-03-11,187.0,187.866,17912.134
11:09:00,13:25:00,-1,17180.5,17245.0,-64.5,eod,2022-03-14,217.0,187.702,-13087.702
09:05:00,13:25:00,-1,17077.0,16884.0,193.0,eod,2022-03-15,200.0,185.844,38414.156
10:33:00,13:25:00,-1,17337.0,17367.0,-30.0,eod,2022-03-18,208.0,188.816,-6188.816
08:57:00,13:25:00,1,17516.5,17467.0,-49.5,eod,2022-03-21,149.0,189.934,-10089.934
09:00:00,09:50:00,-1,17467.0,17542.9,-75.90000000000146,stop,2022-03-22,138.0,190.0396,-15370.039600000291
09:50:00,13:25:00,1,17542.9,17510.0,-32.900000000001455,eod,2022-03-22,138.0,190.2116,-6770.211600000291
09:34:00,12:18:00,1,17689.0,17639.5,-49.5,stop,2022-03-23,90.0,191.314,-10091.314
12:18:00,13:07:00,-1,17639.5,17689.0,-49.5,stop,2022-03-23,90.0,191.314,-10091.314
10:54:00,13:25:00,1,17632.5,17662.0,29.5,eod,2022-03-24,125.0,191.178,5708.822
09:13:00,13:25:00,-1,17650.5,17644.0,6.5,eod,2022-03-25,139.0,191.178,1108.8220000000001
08:47:00,13:25:00,-1,17444.5,17484.0,-39.5,eod,2022-03-28,135.0,189.714,-8089.714
09:03:00,10:56:00,1,17717.5,17666.35,-51.150000000001455,stop,2022-03-30,93.0,191.5354,-10421.535400000292
10:56:00,12:07:00,-1,17666.35,17717.5,-51.150000000001455,stop,2022-03-30,93.0,191.5354,-10421.535400000292
09:25:00,13:25:00,-1,17698.5,17654.0,44.5,eod,2022-03-31,97.0,191.41,8708.59
13:20:00,13:25:00,1,17541.5,17535.0,-6.5,eod,2022-04-01,151.0,190.306,-1490.306
09:00:00,10:47:00,-1,17362.5,17446.65,-84.15000000000146,stop,2022-04-06,153.0,189.2366,-17019.23660000029
10:47:00,13:25:00,1,17446.65,17500.0,53.349999999998545,eod,2022-04-06,153.0,189.78660000000002,10480.21339999971
11:29:00,13:25:00,-1,17242.5,17160.0,82.5,eod,2022-04-07,181.0,187.61,16312.39
09:14:00,09:30:00,1,17296.5,17214.55,-81.95000000000073,stop,2022-04-11,149.0,188.04420000000002,-16578.044200000146
09:30:00,13:25:00,-1,17214.55,17008.0,206.54999999999927,eod,2022-04-11,149.0,186.89020000000002,41123.10979999985
09:02:00,13:25:00,1,17161.0,17307.0,146.0,eod,2022-04-13,162.0,187.872,29012.128
09:01:00,09:17:00,-1,17051.5,17107.05,-55.54999999999927,stop,2022-04-15,101.0,186.63420000000002,-11296.634199999855
09:17:00,09:33:00,1,17107.05,17051.5,-55.54999999999927,stop,2022-04-15,101.0,186.63420000000002,-11296.634199999855
09:31:00,10:19:00,1,16986.5,16900.15,-86.34999999999854,stop,2022-04-18,157.0,185.5466,-17455.54659999971
10:19:00,13:25:00,-1,16900.15,16872.0,28.150000000001455,eod,2022-04-18,157.0,185.0886,5444.911400000291
13:01:00,13:25:00,-1,17108.5,17119.0,-10.5,eod,2022-04-21,143.0,186.91,-2286.91
09:52:00,13:25:00,1,16928.0,16978.0,50.0,eod,2022-04-22,132.0,185.624,9814.376
09:27:00,13:25:00,-1,16598.0,16579.0,19.0,eod,2022-04-25,176.0,182.708,3617.292
10:04:00,13:25:00,-1,16535.0,16568.0,-33.0,eod,2022-04-26,226.0,182.412,-6782.412
08:55:00,09:05:00,1,16286.0,16214.5,-71.5,stop,2022-04-27,130.0,180.002,-14480.002
09:05:00,09:10:00,-1,16214.5,16286.0,-71.5,stop,2022-04-27,130.0,180.002,-14480.002
09:34:00,09:55:00,-1,16225.0,16326.2,-101.20000000000073,stop,2022-04-28,184.0,180.2048,-20420.204800000145
09:55:00,13:25:00,1,16326.2,16371.0,44.79999999999927,eod,2022-04-28,184.0,180.7888,8779.211199999854
09:04:00,09:16:00,1,16557.0,16480.0,-77.0,stop,2022-05-03,140.0,182.148,-15582.148
09:16:00,13:25:00,-1,16480.0,16485.0,-5.0,eod,2022-05-03,140.0,181.86,-1181.8600000000001
09:08:00,11:10:00,1,16573.0,16498.2,-74.79999999999927,stop,2022-05-04,136.0,182.2848,-15142.284799999854
11:10:00,13:25:00,-1,16498.2,16517.0,-18.799999999999272,eod,2022-05-04,136.0,182.0608,-3942.0607999998547
10:21:00,13:25:00,-1,16703.0,16690.0,13.0,eod,2022-05-05,100.0,183.572,2416.428
12:09:00,13:25:00,1,16375.5,16361.0,-14.5,eod,2022-05-06,131.0,180.946,-3080.946
09:28:00,13:25:00,-1,16099.0,16027.0,72.0,eod,2022-05-09,114.0,178.504,14221.496
09:53:00,13:25:00,1,15898.5,16032.0,133.5,eod,2022-05-10,179.0,177.722,26522.278
09:48:00,10:51:00,1,15876.5,15793.45,-83.04999999999927,stop,2022-05-12,151.0,176.6798,-16786.679799999856
10:51:00,13:25:00,-1,15793.45,15633.0,160.45000000000073,eod,2022-05-12,151.0,175.7058,31914.294200000146
10:15:00,13:25:00,-1,15940.5,15908.0,32.5,eod,2022-05-16,111.0,177.394,6322.606
09:51:00,13:25:00,1,16076.5,16084.0,7.5,eod,2022-05-17,197.0,178.642,1321.358
11:25:00,13:25:00,1,15950.5,15963.0,12.5,eod,2022-05-19,159.0,177.654,2322.346
12:54:00,13:25:00,1,16141.5,16119.0,-22.5,eod,2022-05-20,145.0,179.042,-4679.042
09:35:00,13:25:00,-1,16154.0,16150.0,4.0,eod,2022-05-23,132.0,179.216,620.784
10:33:00,13:25:00,-1,16037.5,15961.0,76.5,eod,2022-05-24,187.0,177.994,15122.006
12:06:00,13:25:00,1,16117.0,16112.0,-5.0,eod,2022-05-25,242.0,178.916,-1178.916
09:48:00,13:25:00,-1,16064.0,15942.0,122.0,eod,2022-05-26,178.0,178.024,24221.976
11:47:00,13:25:00,1,16238.0,16220.0,-18.0,eod,2022-05-27,256.0,179.832,-3779.832
09:34:00,13:25:00,1,16472.5,16557.0,84.5,eod,2022-05-30,145.0,182.118,16717.882
10:57:00,13:25:00,1,16588.5,16636.0,47.5,eod,2022-05-31,193.0,182.898,9317.102
09:08:00,11:19:00,-1,16533.0,16595.7,-62.70000000000073,stop,2022-06-06,114.0,182.51479999999998,-12722.514800000146
11:19:00,13:25:00,1,16595.7,16600.0,4.299999999999272,eod,2022-06-06,114.0,182.78279999999998,677.2171999998545
09:27:00,13:25:00,-1,16427.5,16465.0,-37.5,eod,2022-06-07,185.0,181.57,-7681.57
09:09:00,13:25:00,1,16622.5,16634.0,11.5,eod,2022-06-08,125.0,183.026,2116.974
09:32:00,13:25:00,1,16421.0,16476.0,55.0,eod,2022-06-10,82.0,181.588,10818.412
09:05:00,13:25:00,-1,16047.0,16043.0,4.0,eod,2022-06-13,136.0,178.36,621.64
09:19:00,12:00:00,-1,15886.5,15956.35,-69.85000000000036,stop,2022-06-14,127.0,177.3714,-14147.371400000073
12:00:00,13:25:00,1,15956.35,16048.0,91.64999999999964,eod,2022-06-14,127.0,178.0174,18151.982599999927
09:12:00,09:30:00,1,15804.5,15745.65,-58.850000000000364,stop,2022-06-16,107.0,176.2006,-11946.200600000073
09:30:00,13:25:00,-1,15745.65,15402.0,343.64999999999964,eod,2022-06-16,107.0,174.5906,68555.40939999993
09:38:00,13:25:00,-1,15100.5,14995.0,105.5,eod,2022-06-20,163.0,170.382,20929.618
11:25:00,13:25:00,1,15296.5,15345.0,48.5,eod,2022-06-21,265.0,172.566,9527.434
09:37:00,13:25:00,-1,15192.5,15019.0,173.5,eod,2022-06-22,247.0,170.846,34529.154
10:17:00,13:25:00,-1,14891.5,14879.0,12.5,eod,2022-06-23,335.0,169.082,2330.918
09:10:00,13:25:00,1,15296.5,15317.0,20.5,eod,2022-06-27,183.0,172.454,3927.546
09:28:00,13:25:00,-1,15199.5,15162.0,37.5,eod,2022-06-28,199.0,171.446,7328.554
09:00:00,13:25:00,-1,14864.0,14653.0,211.0,eod,2022-06-30,134.0,168.06799999999998,42031.932
10:00:00,13:25:00,-1,14488.5,14136.0,352.5,eod,2022-07-01,335.0,164.498,70335.502
10:06:00,13:25:00,-1,14206.5,14204.0,2.5,eod,2022-07-05,287.0,163.642,336.358
10:54:00,13:25:00,-1,13985.5,13895.0,90.5,eod,2022-07-06,455.0,161.522,17938.478
09:20:00,10:02:00,-1,13877.5,14087.05,-209.54999999999927,stop,2022-07-07,381.0,161.8582,-42071.85819999986
10:02:00,13:25:00,1,14087.05,14245.0,157.95000000000073,eod,2022-07-07,381.0,163.32819999999998,31426.671800000146
09:15:00,13:25:00,-1,14356.5,14289.0,67.5,eod,2022-07-11,221.0,164.582,13335.418
09:13:00,13:25:00,-1,14023.5,13911.0,112.5,eod,2022-07-12,267.0,161.738,22338.262
08:46:00,09:34:00,-1,14160.5,14244.65,-84.14999999999964,stop,2022-07-14,153.0,163.62060000000002,-16993.620599999926
09:34:00,13:25:00,1,14244.65,14374.0,129.35000000000036,eod,2022-07-14,153.0,164.4746,25705.52540000007
09:21:00,13:25:00,1,14627.5,14680.0,52.5,eod,2022-07-19,131.0,167.23000000000002,10332.77
12:41:00,13:25:00,1,14705.5,14744.0,38.5,eod,2022-07-21,211.0,167.798,7532.202
09:01:00,09:17:00,-1,14688.5,14756.15,-67.64999999999964,stop,2022-07-25,123.0,167.7786,-13697.778599999927
09:17:00,13:25:00,1,14756.15,14808.0,51.850000000000364,eod,2022-07-25,123.0,168.2566,10201.743400000072
09:58:00,13:25:00,-1,14676.5,14680.0,-3.5,eod,2022-07-26,157.0,167.426,-867.4259999999999
09:03:00,09:16:00,1,14739.0,14663.1,-75.89999999999964,stop,2022-07-27,138.0,167.60840000000002,-15347.608399999926
09:16:00,12:37:00,-1,14663.1,14739.0,-75.89999999999964,stop,2022-07-27,138.0,167.60840000000002,-15347.608399999926
09:40:00,13:25:00,-1,14829.5,14797.0,32.5,eod,2022-07-28,185.0,168.506,6331.494
09:00:00,09:52:00,-1,14861.0,14927.0,-66.0,stop,2022-08-01,120.0,169.152,-13369.152
09:52:00,13:13:00,1,14927.0,14861.0,-66.0,stop,2022-08-01,120.0,169.152,-13369.152
09:00:00,13:25:00,-1,14699.0,14665.0,34.0,eod,2022-08-02,136.0,167.45600000000002,6632.544
09:16:00,13:25:00,1,14721.5,14663.0,-58.5,eod,2022-08-03,189.0,167.538,-11867.538
11:03:00,13:25:00,-1,14619.5,14668.0,-48.5,eod,2022-08-04,133.0,167.15,-9867.15
09:19:00,13:25:00,1,14910.5,15009.0,98.5,eod,2022-08-05,261.0,169.678,19530.322
11:01:00,13:25:00,1,14943.5,15013.0,69.5,eod,2022-08-09,99.0,169.82600000000002,13730.173999999999
09:00:00,09:19:00,1,15171.5,15109.35,-62.149999999999636,stop,2022-08-11,113.0,171.1234,-12601.123399999928
09:19:00,10:20:00,-1,15109.35,15171.5,-62.149999999999636,stop,2022-08-11,113.0,171.1234,-12601.123399999928
10:50:00,13:25:00,1,15278.0,15286.0,8.0,eod,2022-08-12,98.0,172.256,1427.744
09:15:00,09:36:00,-1,15314.5,15374.45,-59.95000000000073,stop,2022-08-15,109.0,172.75580000000002,-12162.755800000146
09:36:00,13:25:00,1,15374.45,15410.0,35.54999999999927,eod,2022-08-15,109.0,173.1378,6936.862199999854
09:20:00,09:50:00,1,15282.5,15246.75,-35.75,stop,2022-08-18,65.0,172.11700000000002,-7322.117
09:50:00,10:08:00,-1,15246.75,15282.5,-35.75,stop,2022-08-18,65.0,172.11700000000002,-7322.117
10:22:00,13:25:00,1,15358.5,15356.0,-2.5,eod,2022-08-19,101.0,172.858,-672.858
10:54:00,13:25:00,1,15236.5,15187.0,-49.5,eod,2022-08-22,131.0,171.69400000000002,-10071.694
09:21:00,09:45:00,1,15106.0,15054.3,-51.70000000000073,stop,2022-08-23,94.0,170.6412,-10510.641200000146
09:45:00,13:25:00,-1,15054.3,15044.0,10.299999999999272,eod,2022-08-23,94.0,170.39319999999998,1889.6067999998545
10:41:00,13:25:00,-1,15036.5,15027.0,9.5,eod,2022-08-24,87.0,170.25400000000002,1729.746
09:38:00,12:19:00,1,15196.5,15123.35,-73.14999999999964,stop,2022-08-25,133.0,171.2794,-14801.279399999927
12:19:00,13:25:00,-1,15123.35,15168.0,-44.649999999999636,eod,2022-08-25,133.0,171.16539999999998,-9101.165399999927
09:15:00,09:54:00,-1,14787.0,14836.5,-49.5,stop,2022-08-29,90.0,168.494,-10068.494
09:54:00,13:25:00,1,14836.5,14856.0,19.5,eod,2022-08-29,90.0,168.76999999999998,3731.23
11:25:00,13:25:00,1,14918.0,14946.0,28.0,eod,2022-08-30,136.0,169.45600000000002,5430.544
09:41:00,13:25:00,1,14927.5,15065.0,137.5,eod,2022-08-31,157.0,169.97,27330.03
09:36:00,13:25:00,-1,14704.5,14737.0,-32.5,eod,2022-09-01,273.0,167.76600000000002,-6667.766
09:32:00,13:25:00,-1,14692.5,14610.0,82.5,eod,2022-09-02,167.0,167.21,16332.79
09:00:00,10:35:00,1,14689.0,14580.1,-108.89999999999964,stop,2022-09-05,198.0,167.07639999999998,-21947.07639999993
10:35:00,13:25:00,-1,14580.1,14623.0,-42.899999999999636,eod,2022-09-05,198.0,166.8124,-8746.812399999928
09:45:00,13:25:00,-1,14641.0,14635.0,6.0,eod,2022-09-06,158.0,167.10399999999998,1032.896
09:31:00,13:25:00,-1,14337.5,14356.0,-18.5,eod,2022-09-07,215.0,164.774,-3864.774
09:20:00,11:19:00,-1,14397.0,14465.2,-68.20000000000073,stop,2022-09-08,124.0,165.4488,-13805.448800000146
11:19:00,13:25:00,1,14465.2,14510.0,44.79999999999927,eod,2022-09-08,124.0,165.9008,8794.099199999855
12:16:00,13:25:00,-1,14837.5,14865.0,-27.5,eod,2022-09-13,93.0,168.81,-5668.81
09:01:00,13:25:00,1,14508.5,14600.0,91.5,eod,2022-09-14,101.0,166.434,18133.566
10:08:00,13:25:00,1,14677.0,14655.0,-22.0,eod,2022-09-15,198.0,167.328,-4567.328
09:03:00,13:25:00,-1,14519.0,14436.0,83.0,eod,2022-09-19,62.0,165.82,16434.18
09:03:00,10:57:00,-1,14161.0,14231.4,-70.39999999999964,stop,2022-09-22,128.0,163.5696,-14243.569599999928
10:57:00,13:25:00,1,14231.4,14226.0,-5.399999999999636,eod,2022-09-22,128.0,163.82960000000003,-1243.8295999999273
10:33:00,13:25:00,-1,14131.0,14129.0,2.0,eod,2022-09-23,162.0,163.04000000000002,236.95999999999998
09:40:00,13:25:00,-1,13829.5,13793.0,36.5,eod,2022-09-26,173.0,160.49,7139.51
10:13:00,13:25:00,-1,13736.5,13813.0,-76.5,eod,2022-09-27,213.0,160.198,-15460.198
09:24:00,13:25:00,-1,13733.0,13493.0,240.0,eod,2022-09-28,126.0,158.904,47841.096
11:09:00,13:25:00,-1,13476.5,13539.0,-62.5,eod,2022-09-29,363.0,158.062,-12658.062
13:18:00,13:25:00,1,13456.5,13430.0,-26.5,eod,2022-09-30,201.0,157.546,-5457.546
09:47:00,13:25:00,1,13328.0,13285.0,-43.0,eod,2022-10-03,160.0,156.452,-8756.452
09:10:00,12:44:00,1,13803.0,13733.7,-69.29999999999927,stop,2022-10-05,126.0,160.14679999999998,-14020.146799999855
12:44:00,13:02:00,-1,13733.7,13803.0,-69.29999999999927,stop,2022-10-05,126.0,160.14679999999998,-14020.146799999855
09:10:00,13:25:00,-1,13850.5,13865.0,-14.5,eod,2022-10-06,163.0,160.86200000000002,-3060.862
12:33:00,13:25:00,-1,13709.5,13703.0,6.5,eod,2022-10-07,143.0,159.65,1140.35
09:40:00,13:25:00,-1,13183.5,13108.0,75.5,eod,2022-10-11,135.0,155.166,14944.834
10:15:00,13:25:00,-1,12949.5,12819.0,130.5,eod,2022-10-13,165.0,153.074,25946.926
09:48:00,11:20:00,-1,12876.5,12972.75,-96.25,stop,2022-10-17,175.0,153.397,-19403.397
11:20:00,13:25:00,1,12972.75,12983.0,10.25,eod,2022-10-17,175.0,153.823,1896.177
09:34:00,13:25:00,-1,13064.0,13104.0,-40.0,eod,2022-10-18,188.0,154.672,-8154.672
09:05:00,13:10:00,-1,12714.5,12825.05,-110.54999999999927,stop,2022-10-20,201.0,152.1582,-22262.158199999856
13:10:00,13:25:00,1,12825.05,12879.0,53.95000000000073,eod,2022-10-20,201.0,152.81619999999998,10637.183800000146
09:10:00,13:25:00,-1,13023.0,12881.0,142.0,eod,2022-10-24,154.0,153.61599999999999,28246.384
09:36:00,13:25:00,-1,12764.0,12701.0,63.0,eod,2022-10-25,262.0,151.86,12448.14
09:18:00,13:25:00,1,12967.5,12950.0,-17.5,eod,2022-10-27,169.0,153.67000000000002,-3653.67
09:05:00,09:36:00,1,12908.0,12849.7,-58.29999999999927,stop,2022-10-28,106.0,153.0308,-11813.030799999855
09:36:00,09:48:00,-1,12849.7,12908.0,-58.29999999999927,stop,2022-10-28,106.0,153.0308,-11813.030799999855
09:56:00,13:25:00,1,12965.0,12932.0,-33.0,eod,2022-10-31,170.0,153.58800000000002,-6753.588
09:27:00,13:25:00,1,13040.5,13029.0,-11.5,eod,2022-11-01,161.0,154.27800000000002,-2454.2780000000002
09:05:00,13:25:00,1,12927.0,12967.0,40.0,eod,2022-11-03,88.0,153.57600000000002,7846.424
10:12:00,13:25:00,1,12944.5,13030.0,85.5,eod,2022-11-04,129.0,153.898,16946.102
11:45:00,13:25:00,1,13250.5,13230.0,-20.5,eod,2022-11-07,189.0,155.922,-4255.922
09:36:00,13:25:00,1,13513.0,13592.0,79.0,eod,2022-11-09,92.0,158.42000000000002,15641.58
09:00:00,09:24:00,1,14017.0,13959.8,-57.20000000000073,stop,2022-11-11,104.0,161.9072,-11601.907200000145
09:24:00,10:39:00,-1,13959.8,14017.0,-57.20000000000073,stop,2022-11-11,104.0,161.9072,-11601.907200000145
09:09:00,13:25:00,1,14294.5,14568.0,273.5,eod,2022-11-15,115.0,165.45,54534.55
10:24:00,11:56:00,-1,14370.5,14481.05,-110.54999999999927,stop,2022-11-17,201.0,165.4062,-22275.406199999856
11:56:00,13:25:00,1,14481.05,14532.0,50.95000000000073,eod,2022-11-17,201.0,166.0522,10023.947800000145
09:13:00,09:39:00,1,14645.0,14541.6,-103.39999999999964,stop,2022-11-18,188.0,166.7464,-20846.746399999927
09:39:00,13:25:00,-1,14541.6,14460.0,81.60000000000036,eod,2022-11-18,188.0,166.00639999999999,16153.993600000073
09:00:00,09:30:00,-1,14404.0,14462.3,-58.29999999999927,stop,2022-11-22,106.0,165.46519999999998,-11825.465199999855
09:30:00,09:55:00,1,14462.3,14404.0,-58.29999999999927,stop,2022-11-22,106.0,165.46519999999998,-11825.465199999855
12:37:00,13:25:00,1,14739.5,14758.0,18.5,eod,2022-11-24,99.0,167.99,3532.01
08:50:00,09:23:00,-1,14502.5,14554.75,-52.25,stop,2022-11-28,95.0,166.22899999999998,-10616.229
09:23:00,09:35:00,1,14554.75,14502.5,-52.25,stop,2022-11-28,95.0,166.22899999999998,-10616.229
09:47:00,13:25:00,1,14547.5,14653.0,105.5,eod,2022-11-29,155.0,166.80200000000002,20933.198
11:14:00,13:25:00,1,14763.5,14806.0,42.5,eod,2022-11-30,247.0,168.27800000000002,8331.722
10:14:00,13:25:00,1,14956.0,14899.0,-57.0,eod,2022-12-02,192.0,169.42000000000002,-11569.42
09:09:00,13:25:00,1,14956.5,14938.0,-18.5,eod,2022-12-05,117.0,169.578,-3869.578
09:37:00,13:25:00,-1,14791.0,14721.0,70.0,eod,2022-12-06,166.0,168.048,13831.952
09:27:00,13:25:00,1,14714.0,14634.0,-80.0,eod,2022-12-07,222.0,167.392,-16167.392
09:23:00,13:25:00,-1,14474.0,14508.0,-34.0,eod,2022-12-08,186.0,165.928,-6965.928
11:08:00,13:25:00,1,14714.5,14684.0,-30.5,eod,2022-12-09,157.0,167.594,-6267.594
09:00:00,13:25:00,-1,14574.0,14566.0,8.0,eod,2022-12-12,150.0,166.56,1433.44
09:29:00,13:25:00,-1,14577.5,14519.0,58.5,eod,2022-12-13,165.0,166.386,11533.614
09:27:00,13:25:00,1,14704.5,14708.0,3.5,eod,2022-12-14,191.0,167.65,532.35
11:20:00,13:25:00,1,14736.0,14716.0,-20.0,eod,2022-12-15,156.0,167.808,-4167.808
10:37:00,13:25:00,1,14511.5,14455.0,-56.5,eod,2022-12-16,143.0,165.86599999999999,-11465.866
10:08:00,12:10:00,1,14474.5,14398.05,-76.45000000000073,stop,2022-12-19,139.0,165.49020000000002,-15455.490200000146
12:10:00,13:25:00,-1,14398.05,14410.0,-11.950000000000728,eod,2022-12-19,139.0,165.2322,-2555.2322000001454
09:09:00,09:31:00,1,14427.5,14359.85,-67.64999999999964,stop,2022-12-20,123.0,165.1494,-13695.149399999927
09:31:00,13:25:00,-1,14359.85,14141.0,218.85000000000036,eod,2022-12-20,123.0,164.0034,43605.99660000007
09:27:00,13:25:00,1,14362.5,14371.0,8.5,eod,2022-12-22,103.0,164.934,1535.066
09:50:00,11:12:00,1,14223.5,14162.45,-61.04999999999927,stop,2022-12-23,111.0,163.5438,-12373.543799999854
11:12:00,12:09:00,-1,14162.45,14223.5,-61.04999999999927,stop,2022-12-23,111.0,163.5438,-12373.543799999854
13:02:00,13:25:00,1,14252.0,14240.0,-12.0,eod,2022-12-26,112.0,163.96800000000002,-2563.968
08:48:00,12:42:00,1,14326.0,14291.9,-34.100000000000364,stop,2022-12-27,62.0,164.47160000000002,-6984.471600000073
12:42:00,13:25:00,-1,14291.9,14313.0,-21.100000000000364,eod,2022-12-27,62.0,164.4196,-4384.419600000073
09:00:00,13:25:00,-1,14133.0,14107.0,26.0,eod,2022-12-28,114.0,162.96,5037.04
09:02:00,09:37:00,1,14022.5,13953.75,-68.75,stop,2022-12-29,125.0,161.905,-13911.905
09:37:00,11:02:00,-1,13953.75,14022.5,-68.75,stop,2022-12-29,125.0,161.905,-13911.905
09:20:00,10:18:00,-1,14007.0,14054.3,-47.29999999999927,stop,2023-01-03,86.0,162.2452,-9622.245199999854
10:18:00,13:25:00,1,14054.3,14225.0,170.70000000000073,eod,2023-01-03,86.0,163.1172,33976.882800000145
09:23:00,09:35:00,1,14369.0,14319.5,-49.5,stop,2023-01-05,90.0,164.75400000000002,-10064.754
09:35:00,13:25:00,-1,14319.5,14268.0,51.5,eod,2023-01-05,90.0,164.35000000000002,10135.65
09:20:00,13:25:00,1,14346.0,14367.0,21.0,eod,2023-01-06,136.0,164.852,4035.148
11:28:00,13:25:00,1,14682.0,14743.0,61.0,eod,2023-01-09,128.0,167.7,12032.3
09:18:00,13:25:00,-1,14808.0,14790.0,18.0,eod,2023-01-11,94.0,168.392,3431.608
10:26:00,13:25:00,-1,14756.0,14751.0,5.0,eod,2023-01-12,138.0,168.02800000000002,831.972
09:16:00,13:25:00,-1,14934.5,14845.0,89.5,eod,2023-01-13,131.0,169.118,17730.882
12:28:00,13:25:00,1,14967.0,14924.0,-43.0,eod,2023-01-17,88.0,169.56400000000002,-8769.564
08:45:00,13:25:00,-1,15526.5,15450.0,76.5,eod,2023-01-30,63.0,173.906,15126.094
11:26:00,13:25:00,-1,15351.5,15314.0,37.5,eod,2023-01-31,195.0,172.662,7327.338
09:38:00,10:53:00,-1,15496.5,15554.25,-57.75,stop,2023-02-02,105.0,174.203,-11724.203
10:53:00,13:25:00,1,15554.25,15589.0,34.75,eod,2023-02-02,105.0,174.573,6775.427
09:11:00,11:18:00,-1,15515.0,15587.6,-72.60000000000036,stop,2023-02-03,132.0,174.41039999999998,-14694.410400000073
11:18:00,13:25:00,1,15587.6,15587.0,-0.6000000000003638,eod,2023-02-03,132.0,174.6984,-294.69840000007275
09:21:00,13:25:00,-1,15433.5,15417.0,16.5,eod,2023-02-06,141.0,173.402,3126.598
09:16:00,10:43:00,1,15440.0,15377.3,-62.70000000000073,stop,2023-02-07,114.0,173.2692,-12713.269200000146
10:43:00,13:25:00,-1,15377.3,15415.0,-37.70000000000073,eod,2023-02-07,114.0,173.1692,-7713.169200000146
08:59:00,13:25:00,1,15515.5,15603.0,87.5,eod,2023-02-08,81.0,174.474,17325.526
08:50:00,13:25:00,-1,15557.0,15570.0,-13.0,eod,2023-02-10,78.0,174.50799999999998,-2774.508
09:09:00,11:09:00,-1,15471.0,15513.9,-42.899999999999636,stop,2023-02-13,78.0,173.9396,-8753.939599999927
11:09:00,13:25:00,1,15513.9,15530.0,16.100000000000364,eod,2023-02-13,78.0,174.1756,3045.8244000000727
10:32:00,13:25:00,1,15542.0,15566.0,24.0,eod,2023-02-16,168.0,174.43200000000002,4625.568
09:07:00,13:25:00,1,15431.5,15512.0,80.5,eod,2023-02-20,91.0,173.774,15926.226
09:09:00,09:16:00,-1,15315.0,15356.8,-41.79999999999927,stop,2023-02-22,76.0,172.68720000000002,-8532.687199999855
09:16:00,09:49:00,1,15356.8,15315.0,-41.79999999999927,stop,2023-02-22,76.0,172.68720000000002,-8532.687199999855
09:05:00,13:25:00,1,15489.5,15610.0,120.5,eod,2023-02-23,109.0,174.398,23925.602
09:52:00,13:25:00,1,15460.0,15541.0,81.0,eod,2023-03-01,158.0,174.00400000000002,16025.996
09:38:00,13:25:00,-1,15485.0,15551.0,-66.0,eod,2023-03-02,222.0,174.144,-13374.144
10:23:00,13:25:00,1,15781.0,15779.0,-2.0,eod,2023-03-06,102.0,176.24,-576.24
11:06:00,13:25:00,1,15857.0,15880.0,23.0,eod,2023-03-07,142.0,176.948,4423.052
09:11:00,13:25:00,1,15797.0,15786.0,-11.0,eod,2023-03-08,144.0,176.332,-2376.332
09:26:00,13:25:00,-1,15811.0,15768.0,43.0,eod,2023-03-09,88.0,176.316,8423.684
09:12:00,13:25:00,-1,15562.5,15488.0,74.5,eod,2023-03-10,111.0,174.202,14725.798
09:25:00,10:23:00,-1,15364.0,15458.6,-94.60000000000036,stop,2023-03-13,172.0,173.29039999999998,-19093.290400000074
10:23:00,13:25:00,1,15458.6,15524.0,65.39999999999964,eod,2023-03-13,172.0,173.9304,12906.069599999928
08:56:00,09:17:00,1,15258.0,15187.6,-70.39999999999964,stop,2023-03-16,128.0,171.7824,-14251.782399999927
09:17:00,09:30:00,-1,15187.6,15258.0,-70.39999999999964,stop,2023-03-16,128.0,171.7824,-14251.782399999927
11:10:00,13:25:00,1,15387.5,15408.0,20.5,eod,2023-03-17,155.0,173.18200000000002,3926.818
09:37:00,13:25:00,-1,15394.0,15377.0,17.0,eod,2023-03-20,120.0,173.084,3226.916
09:09:00,13:25:00,1,15635.0,15711.0,76.0,eod,2023-03-22,92.0,175.38400000000001,15024.616
10:25:00,13:25:00,1,15773.5,15815.0,41.5,eod,2023-03-23,157.0,176.35399999999998,8123.646
09:59:00,11:39:00,-1,15796.5,15860.85,-64.35000000000036,stop,2023-03-27,117.0,176.62939999999998,-13046.629400000073
11:39:00,13:25:00,1,15860.85,15833.0,-27.850000000000364,eod,2023-03-27,117.0,176.7754,-5746.775400000073
09:21:00,13:25:00,-1,15764.0,15678.0,86.0,eod,2023-03-28,100.0,175.768,17024.232
09:16:00,10:45:00,1,15929.5,15873.95,-55.54999999999927,stop,2023-03-31,101.0,177.2138,-11287.213799999854
10:45:00,13:25:00,-1,15873.95,15873.0,0.9500000000007276,eod,2023-03-31,101.0,176.9878,13.012200000145526
09:07:00,09:48:00,-1,15727.5,15785.25,-57.75,stop,2023-04-06,105.0,176.051,-11726.051
09:48:00,13:25:00,1,15785.25,15766.0,-19.25,eod,2023-04-06,105.0,176.20499999999998,-4026.205
10:47:00,13:25:00,-1,15804.0,15826.0,-22.0,eod,2023-04-07,92.0,176.51999999999998,-4576.52
08:58:00,10:02:00,1,15876.0,15835.3,-40.70000000000073,stop,2023-04-10,74.0,176.8452,-8316.845200000145
10:02:00,11:14:00,-1,15835.3,15876.0,-40.70000000000073,stop,2023-04-10,74.0,176.8452,-8316.845200000145
09:19:00,13:25:00,1,15883.5,15920.0,36.5,eod,2023-04-11,99.0,177.214,7122.786
09:36:00,13:25:00,-1,15888.0,15925.0,-37.0,eod,2023-04-12,138.0,177.252,-7577.252
12:57:00,13:25:00,-1,15818.0,15816.0,2.0,eod,2023-04-13,94.0,176.536,223.464
11:13:00,13:25:00,1,15929.5,15964.0,34.5,eod,2023-04-14,95.0,177.574,6722.426
12:22:00,13:25:00,-1,15882.5,15889.0,-6.5,eod,2023-04-18,97.0,177.086,-1477.086
10:13:00,13:25:00,-1,15699.0,15619.0,80.0,eod,2023-04-21,116.0,175.272,15824.728
09:35:00,13:25:00,1,15633.0,15626.0,-7.0,eod,2023-04-24,176.0,175.036,-1575.036
09:43:00,13:25:00,-1,15584.5,15386.0,198.5,eod,2023-04-25,113.0,173.882,39526.118
09:49:00,13:25:00,1,15390.5,15399.0,8.5,eod,2023-04-27,97.0,173.15800000000002,1526.842
09:37:00,11:05:00,1,15593.0,15507.2,-85.79999999999927,stop,2023-04-28,156.0,174.4008,-17334.400799999854
11:05:00,13:25:00,-1,15507.2,15546.0,-38.79999999999927,eod,2023-04-28,156.0,174.21280000000002,-7934.212799999855
09:02:00,09:27:00,-1,15579.0,15632.9,-53.899999999999636,stop,2023-05-02,98.0,174.8476,-10954.847599999926
09:27:00,13:25:00,1,15632.9,15626.0,-6.899999999999636,eod,2023-05-02,98.0,175.0356,-1555.0355999999272
09:06:00,13:25:00,1,15532.0,15609.0,77.0,eod,2023-05-04,72.0,174.56400000000002,15225.436
09:00:00,10:10:00,1,15662.5,15591.55,-70.95000000000073,stop,2023-05-05,129.0,175.0162,-14365.016200000146
10:10:00,13:25:00,-1,15591.55,15642.0,-50.45000000000073,eod,2023-05-05,129.0,174.9342,-10264.934200000145
09:21:00,09:35:00,1,15742.0,15702.4,-39.600000000000364,stop,2023-05-09,72.0,175.7776,-8095.777600000073
09:35:00,13:25:00,-1,15702.4,15732.0,-29.600000000000364,eod,2023-05-09,72.0,175.73760000000001,-6095.737600000073
09:42:00,13:25:00,-1,15646.0,15615.0,31.0,eod,2023-05-10,92.0,175.04399999999998,6024.956
09:48:00,13:25:00,-1,15599.5,15526.0,73.5,eod,2023-05-11,121.0,174.502,14525.498
12:18:00,13:25:00,1,15533.0,15528.0,-5.0,eod,2023-05-12,166.0,174.244,-1174.244
13:16:00,13:25:00,1,15508.5,15511.0,2.5,eod,2023-05-15,139.0,174.078,325.922
09:51:00,13:25:00,1,15652.5,15689.0,36.5,eod,2023-05-16,97.0,175.36599999999999,7124.634
10:00:00,13:25:00,-1,16090.5,16110.0,-19.5,eod,2023-05-19,125.0,178.802,-4078.802
09:03:00,10:35:00,-1,16115.5,16152.35,-36.850000000000364,stop,2023-05-23,67.0,179.07139999999998,-7549.071400000073
10:35:00,11:46:00,1,16152.35,16115.5,-36.850000000000364,stop,2023-05-23,67.0,179.07139999999998,-7549.071400000073
08:46:00,09:26:00,1,16175.0,16127.7,-47.29999999999927,stop,2023-05-25,86.0,179.2108,-9639.210799999855
09:26:00,09:48:00,-1,16127.7,16175.0,-47.29999999999927,stop,2023-05-25,86.0,179.2108,-9639.210799999855
09:08:00,09:25:00,1,16415.5,16356.65,-58.850000000000364,stop,2023-05-26,107.0,181.0886,-11951.088600000072
09:25:00,09:50:00,-1,16356.65,16415.5,-58.850000000000364,stop,2023-05-26,107.0,181.0886,-11951.088600000072
10:45:00,13:25:00,-1,16552.0,16574.0,-22.0,eod,2023-05-29,110.0,182.504,-4582.504
09:00:00,11:15:00,1,16595.0,16545.5,-49.5,stop,2023-05-30,90.0,182.562,-10082.562
11:15:00,13:25:00,-1,16545.5,16577.0,-31.5,eod,2023-05-30,90.0,182.49,-6482.49
09:50:00,13:25:00,-1,16530.0,16552.0,-22.0,eod,2023-05-31,92.0,182.328,-4582.328
09:27:00,10:16:00,1,16511.5,16432.85,-78.65000000000146,stop,2023-06-01,143.0,181.7774,-15911.777400000292
10:16:00,13:25:00,-1,16432.85,16484.0,-51.150000000001455,eod,2023-06-01,143.0,181.6674,-10411.667400000291
09:24:00,13:25:00,1,16625.0,16693.0,68.0,eod,2023-06-02,96.0,183.272,13416.728
09:21:00,11:31:00,-1,16664.0,16758.6,-94.59999999999854,stop,2023-06-05,172.0,183.6904,-19103.69039999971
11:31:00,13:25:00,1,16758.6,16687.0,-71.59999999999854,eod,2023-06-05,172.0,183.7824,-14503.782399999709
09:13:00,09:54:00,1,16740.5,16681.65,-58.849999999998545,stop,2023-06-06,107.0,183.6886,-11953.688599999708
09:54:00,10:08:00,-1,16681.65,16740.5,-58.849999999998545,stop,2023-06-06,107.0,183.6886,-11953.688599999708
09:42:00,13:25:00,1,16837.0,16891.0,54.0,eod,2023-06-07,104.0,184.912,10615.088
10:02:00,13:25:00,-1,16782.0,16701.0,81.0,eod,2023-06-08,140.0,183.93200000000002,16016.068
09:18:00,13:25:00,1,17126.5,17216.0,89.5,eod,2023-06-13,77.0,187.37,17712.63
09:39:00,10:11:00,1,17298.5,17245.15,-53.349999999998545,stop,2023-06-15,97.0,188.1746,-10858.17459999971
10:11:00,11:24:00,-1,17245.15,17298.5,-53.349999999998545,stop,2023-06-15,97.0,188.1746,-10858.17459999971
09:31:00,11:28:00,-1,17233.0,17297.9,-64.90000000000146,stop,2023-06-16,118.0,188.1236,-13168.123600000292
11:28:00,13:25:00,1,17297.9,17275.0,-22.900000000001455,eod,2023-06-16,118.0,188.29160000000002,-4768.2916000002915
10:00:00,13:25:00,1,17247.5,17259.0,11.5,eod,2023-06-19,107.0,188.026,2111.974
09:47:00,11:37:00,-1,17147.0,17216.3,-69.29999999999927,stop,2023-06-20,126.0,187.4532,-14047.453199999854
11:37:00,13:25:00,1,17216.3,17159.0,-57.29999999999927,eod,2023-06-20,126.0,187.5012,-11647.501199999855
08:52:00,09:06:00,1,16903.0,16845.8,-57.20000000000073,stop,2023-06-26,104.0,184.9952,-11624.995200000145
09:06:00,09:31:00,-1,16845.8,16903.0,-57.20000000000073,stop,2023-06-26,104.0,184.9952,-11624.995200000145
09:15:00,09:35:00,-1,16758.5,16809.65,-51.150000000001455,stop,2023-06-27,93.0,184.2726,-10414.272600000291
09:35:00,11:11:00,1,16809.65,16758.5,-51.150000000001455,stop,2023-06-27,93.0,184.2726,-10414.272600000291
10:16:00,13:25:00,-1,16720.0,16757.0,-37.0,eod,2023-06-28,150.0,183.90800000000002,-7583.908
08:49:00,10:02:00,1,16900.0,16846.1,-53.900000000001455,stop,2023-06-29,98.0,184.9844,-10964.98440000029
10:02:00,13:25:00,-1,16846.1,16776.0,70.09999999999854,eod,2023-06-29,98.0,184.48839999999998,13835.511599999709
09:17:00,13:25:00,1,16978.5,17028.0,49.5,eod,2023-07-03,155.0,186.026,9713.974
12:15:00,13:25:00,1,17095.5,17096.0,0.5,eod,2023-07-04,141.0,186.766,-86.76599999999999
10:13:00,13:25:00,-1,17019.5,17004.0,15.5,eod,2023-07-05,133.0,186.094,2913.906
10:41:00,13:25:00,-1,16807.5,16722.0,85.5,eod,2023-07-06,123.0,184.118,16915.882
11:05:00,13:25:00,1,16678.5,16635.0,-43.5,eod,2023-07-07,225.0,183.254,-8883.254
11:23:00,13:25:00,-1,16589.0,16616.0,-27.0,eod,2023-07-10,172.0,182.82,-5582.82
10:24:00,13:25:00,1,16846.0,16853.0,7.0,eod,2023-07-11,192.0,184.796,1215.204
09:24:00,12:54:00,1,17189.5,17131.75,-57.75,stop,2023-07-13,105.0,187.285,-11737.285
12:54:00,13:25:00,-1,17131.75,17090.0,41.75,eod,2023-07-13,105.0,186.887,8163.113
09:34:00,13:25:00,1,17315.0,17275.0,-40.0,eod,2023-07-17,162.0,188.36,-8188.36
09:40:00,13:25:00,-1,17280.0,17228.0,52.0,eod,2023-07-18,116.0,188.032,10211.968
09:37:00,13:25:00,1,17136.5,17111.0,-25.5,eod,2023-07-20,233.0,186.99,-5286.99
10:14:00,13:25:00,1,16926.0,16954.0,28.0,eod,2023-07-21,132.0,185.52,5414.48
09:52:00,13:25:00,1,17170.0,17170.0,0.0,eod,2023-07-25,158.0,187.36,-187.36
09:25:00,13:25:00,-1,17120.5,17099.0,21.5,eod,2023-07-26,171.0,186.87800000000001,4113.122
09:06:00,13:25:00,1,17248.0,17240.0,-8.0,eod,2023-07-27,130.0,187.952,-1787.952
09:22:00,13:25:00,1,17202.5,17253.0,50.5,eod,2023-07-28,95.0,187.822,9912.178
10:27:00,13:25:00,-1,17318.0,17100.0,218.0,eod,2023-07-31,164.0,187.672,43412.328
09:20:00,09:54:00,1,17157.0,17086.6,-70.40000000000146,stop,2023-08-02,128.0,186.9744,-14266.97440000029
09:54:00,13:25:00,-1,17086.6,16823.0,263.59999999999854,eod,2023-08-02,128.0,185.6384,52534.361599999706
09:59:00,13:25:00,1,16933.0,17004.0,71.0,eod,2023-08-07,148.0,185.748,14014.252
09:12:00,13:25:00,-1,16924.5,16851.0,73.5,eod,2023-08-08,191.0,185.102,14514.898
09:05:00,13:25:00,-1,16710.5,16623.0,87.5,eod,2023-08-10,155.0,183.334,17316.666
10:30:00,13:25:00,-1,16604.5,16630.0,-25.5,eod,2023-08-11,213.0,182.93800000000002,-5282.938
09:01:00,13:25:00,-1,16477.0,16357.0,120.0,eod,2023-08-14,180.0,181.336,23818.664
09:42:00,13:25:00,1,16322.5,16477.0,154.5,eod,2023-08-17,123.0,181.198,30718.802
09:16:00,13:25:00,-1,16420.5,16416.0,4.5,eod,2023-08-22,149.0,181.346,718.654
09:12:00,13:25:00,1,16482.5,16545.0,62.5,eod,2023-08-23,127.0,182.11,12317.89
09:10:00,10:10:00,-1,16710.0,16795.8,-85.79999999999927,stop,2023-08-24,156.0,184.0232,-17344.023199999854
10:10:00,11:32:00,1,16795.8,16710.0,-85.79999999999927,stop,2023-08-24,156.0,184.0232,-17344.023199999854
11:10:00,13:25:00,-1,16485.0,16439.0,46.0,eod,2023-08-25,128.0,181.696,9018.304
09:00:00,13:10:00,-1,16534.5,16582.35,-47.849999999998545,stop,2023-08-29,87.0,182.4674,-9752.467399999709
13:10:00,13:25:00,1,16582.35,16617.0,34.650000000001455,eod,2023-08-29,87.0,182.7974,6747.202600000291
08:52:00,13:25:00,-1,16688.5,16636.0,52.5,eod,2023-08-31,83.0,183.298,10316.702
09:15:00,13:25:00,1,16672.5,16661.0,-11.5,eod,2023-09-01,129.0,183.334,-2483.334
10:27:00,13:25:00,1,16709.5,16761.0,51.5,eod,2023-09-04,127.0,183.882,10116.118
08:59:00,09:08:00,1,16787.0,16755.1,-31.900000000001455,stop,2023-09-06,58.0,184.1684,-6564.168400000291
09:08:00,13:25:00,-1,16755.1,16723.0,32.099999999998545,eod,2023-09-06,58.0,183.9124,6236.087599999709
09:17:00,10:52:00,1,16653.5,16599.05,-54.45000000000073,stop,2023-09-07,99.0,183.01020000000003,-11073.010200000146
10:52:00,13:25:00,-1,16599.05,16578.0,21.049999999999272,eod,2023-09-07,99.0,182.7082,4027.2917999998544
10:26:00,13:25:00,1,16540.0,16540.0,0.0,eod,2023-09-08,100.0,182.32,-182.32
09:22:00,13:25:00,-1,16504.0,16415.0,89.0,eod,2023-09-11,112.0,181.67600000000002,17618.324
12:00:00,13:25:00,1,16564.5,16555.0,-9.5,eod,2023-09-12,211.0,182.478,-2082.478
09:12:00,13:25:00,1,16737.0,16831.0,94.0,eod,2023-09-14,122.0,184.272,18615.728
11:57:00,13:25:00,-1,16652.0,16642.0,10.0,eod,2023-09-19,96.0,183.17600000000002,1816.824
08:58:00,13:25:00,-1,16420.5,16299.0,121.5,eod,2023-09-21,117.0,180.87800000000001,24119.122
09:40:00,13:25:00,1,16300.5,16342.0,41.5,eod,2023-09-22,201.0,180.57,8119.43
09:45:00,13:25:00,1,16435.5,16469.0,33.5,eod,2023-09-25,167.0,181.618,6518.382
09:42:00,13:25:00,-1,16324.5,16287.0,37.5,eod,2023-09-26,151.0,180.446,7319.554
09:25:00,13:25:00,1,16313.5,16293.0,-20.5,eod,2023-09-27,135.0,180.42600000000002,-4280.426
08:57:00,10:29:00,1,16394.0,16336.8,-57.20000000000073,stop,2023-09-28,104.0,180.9232,-11620.923200000145
10:29:00,13:25:00,-1,16336.8,16368.0,-31.200000000000728,eod,2023-09-28,104.0,180.8192,-6420.819200000145
09:48:00,13:25:00,1,16601.0,16569.0,-32.0,eod,2023-10-02,140.0,182.68,-6582.68
09:23:00,10:05:00,1,16550.0,16491.7,-58.29999999999927,stop,2023-10-03,106.0,182.1668,-11842.166799999855
10:05:00,13:25:00,-1,16491.7,16440.0,51.70000000000073,eod,2023-10-03,106.0,181.7268,10158.273200000145
09:28:00,13:25:00,-1,16212.5,16256.0,-43.5,eod,2023-10-04,145.0,179.874,-8879.874
09:14:00,13:25:00,1,16361.0,16474.0,113.0,eod,2023-10-05,122.0,181.34,22418.66
08:45:00,13:25:00,-1,16789.5,16713.0,76.5,eod,2023-10-11,79.0,184.01,15115.99
13:08:00,13:25:00,1,16851.5,16843.0,-8.5,eod,2023-10-12,167.0,184.778,-1884.778
10:04:00,10:25:00,-1,16622.5,16664.85,-42.349999999998545,stop,2023-10-16,77.0,183.14939999999999,-8653.14939999971
10:25:00,11:06:00,1,16664.85,16622.5,-42.349999999998545,stop,2023-10-16,77.0,183.14939999999999,-8653.14939999971
09:22:00,13:25:00,-1,16724.0,16641.0,83.0,eod,2023-10-17,80.0,183.46,16416.54
09:12:00,13:25:00,1,16476.0,16473.0,-3.0,eod,2023-10-19,222.0,181.796,-781.796
08:46:00,11:15:00,-1,16375.0,16446.5,-71.5,stop,2023-10-20,130.0,181.286,-14481.286
11:15:00,13:25:00,1,16446.5,16422.0,-24.5,eod,2023-10-20,130.0,181.474,-5081.474
09:32:00,10:22:00,-1,16216.0,16279.8,-63.79999999999927,stop,2023-10-24,116.0,179.9832,-12939.983199999855
10:22:00,11:26:00,1,16279.8,16216.0,-63.79999999999927,stop,2023-10-24,116.0,179.9832,-12939.983199999855
10:02:00,13:25:00,1,16467.5,16391.0,-76.5,eod,2023-10-25,195.0,181.434,-15481.434
09:01:00,09:38:00,-1,16079.0,16150.5,-71.5,stop,2023-10-26,130.0,178.918,-14478.918
09:38:00,10:19:00,1,16150.5,16079.0,-71.5,stop,2023-10-26,130.0,178.918,-14478.918
09:41:00,11:31:00,1,16205.5,16130.15,-75.35000000000036,stop,2023-10-27,137.0,179.3426,-15249.342600000073
11:31:00,13:25:00,-1,16130.15,16159.0,-28.850000000000364,eod,2023-10-27,137.0,179.1566,-5949.156600000073
08:55:00,13:25:00,1,16166.5,16154.0,-12.5,eod,2023-10-30,97.0,179.282,-2679.282
10:47:00,13:25:00,-1,16116.5,15984.0,132.5,eod,2023-10-31,127.0,178.40200000000002,26321.598
10:22:00,13:25:00,-1,15987.0,16075.0,-88.0,eod,2023-11-01,224.0,178.248,-17778.248
09:13:00,13:25:00,1,16327.0,16383.0,56.0,eod,2023-11-02,142.0,180.84,11019.16
09:05:00,09:41:00,-1,16632.0,16684.8,-52.79999999999927,stop,2023-11-06,96.0,183.2672,-10743.267199999855
09:41:00,13:25:00,1,16684.8,16697.0,12.200000000000728,eod,2023-11-06,96.0,183.52720000000002,2256.4728000001455
09:45:00,13:25:00,1,16694.0,16674.0,-20.0,eod,2023-11-07,124.0,183.472,-4183.472
09:57:00,13:25:00,1,16774.5,16760.0,-14.5,eod,2023-11-08,99.0,184.138,-3084.138
09:39:00,10:18:00,1,16766.0,16705.5,-60.5,stop,2023-11-09,110.0,183.886,-12283.886
10:18:00,12:49:00,-1,16705.5,16766.0,-60.5,stop,2023-11-09,110.0,183.886,-12283.886
09:11:00,13:25:00,-1,16913.5,16881.0,32.5,eod,2023-11-13,111.0,185.178,6314.822
10:01:00,13:25:00,-1,17127.5,17164.0,-36.5,eod,2023-11-16,137.0,187.166,-7487.166
09:21:00,13:25:00,1,17206.5,17217.0,10.5,eod,2023-11-17,109.0,187.69400000000002,1912.306
08:46:00,08:57:00,1,17277.5,17221.95,-55.54999999999927,stop,2023-11-20,101.0,187.99779999999998,-11297.997799999854
08:57:00,13:25:00,-1,17221.95,17205.0,16.950000000000728,eod,2023-11-20,101.0,187.7078,3202.2922000001454
09:12:00,13:25:00,1,17348.0,17406.0,58.0,eod,2023-11-21,134.0,189.016,11410.984
09:31:00,10:06:00,1,17314.0,17271.1,-42.900000000001455,stop,2023-11-23,78.0,188.3404,-8768.34040000029
10:06:00,13:25:00,-1,17271.1,17286.0,-14.900000000001455,eod,2023-11-23,78.0,188.2284,-3168.228400000291
09:29:00,13:25:00,-1,17275.5,17293.0,-17.5,eod,2023-11-24,109.0,188.274,-3688.274
08:57:00,10:05:00,1,17299.5,17252.75,-46.75,stop,2023-11-27,85.0,188.209,-9538.209
10:05:00,13:25:00,-1,17252.75,17157.0,95.75,eod,2023-11-27,85.0,187.639,18962.361
10:13:00,13:25:00,1,17323.0,17342.0,19.0,eod,2023-11-28,216.0,188.66,3611.34
09:26:00,13:25:00,1,17442.5,17340.0,-102.5,eod,2023-11-29,207.0,189.13,-20689.13
09:38:00,13:25:00,-1,17332.0,17380.0,-48.0,eod,2023-11-30,136.0,188.848,-9788.848
08:46:00,09:02:00,-1,17270.5,17339.25,-68.75,stop,2023-12-01,125.0,188.439,-13938.439
09:02:00,13:25:00,1,17339.25,17409.0,69.75,eod,2023-12-01,125.0,188.993,13761.007
09:39:00,13:25:00,1,17416.5,17384.0,-32.5,eod,2023-12-06,99.0,189.202,-6689.202
09:13:00,09:55:00,1,17464.0,17403.5,-60.5,stop,2023-12-08,110.0,189.47,-12289.47
09:55:00,13:25:00,-1,17403.5,17376.0,27.5,eod,2023-12-08,110.0,189.118,5310.882
09:04:00,13:25:00,-1,17382.5,17402.0,-19.5,eod,2023-12-11,107.0,189.138,-4089.138
11:04:00,13:25:00,-1,17464.5,17445.0,19.5,eod,2023-12-12,107.0,189.638,3710.362
12:17:00,13:25:00,-1,17432.0,17456.0,-24.0,eod,2023-12-13,118.0,189.552,-4989.552
08:56:00,09:10:00,1,17654.5,17603.35,-51.150000000001455,stop,2023-12-14,93.0,191.0314,-10421.03140000029
09:10:00,09:25:00,-1,17603.35,17654.5,-51.150000000001455,stop,2023-12-14,93.0,191.0314,-10421.03140000029
09:32:00,13:25:00,-1,17723.0,17689.0,34.0,eod,2023-12-15,96.0,191.648,6608.352
08:53:00,13:25:00,-1,17620.5,17654.0,-33.5,eod,2023-12-18,103.0,191.098,-6891.098
09:38:00,13:25:00,-1,17551.0,17576.0,-25.0,eod,2023-12-19,90.0,190.508,-5190.508
09:08:00,13:25:00,1,17471.5,17533.0,61.5,eod,2023-12-21,59.0,190.018,12109.982
08:55:00,13:25:00,-1,17616.5,17621.0,-4.5,eod,2023-12-25,55.0,190.95000000000002,-1090.95
09:18:00,13:25:00,1,17680.5,17728.0,47.5,eod,2023-12-26,59.0,191.63400000000001,9308.366
09:21:00,13:25:00,1,17808.0,17856.0,48.0,eod,2023-12-27,106.0,192.656,9407.344
10:01:00,10:13:00,1,17886.0,17849.7,-36.29999999999927,stop,2023-12-29,66.0,192.9428,-7452.942799999854
10:13:00,13:06:00,-1,17849.7,17886.0,-36.29999999999927,stop,2023-12-29,66.0,192.9428,-7452.942799999854
08:54:00,09:09:00,1,17874.0,17834.4,-39.599999999998545,stop,2024-01-02,72.0,192.83360000000002,-8112.833599999709
09:09:00,13:25:00,-1,17834.4,17782.0,52.400000000001455,eod,2024-01-02,72.0,192.4656,10287.534400000291
10:09:00,13:25:00,-1,17573.5,17553.0,20.5,eod,2024-01-03,169.0,190.506,3909.494
09:18:00,09:26:00,1,17606.0,17574.1,-31.900000000001455,stop,2024-01-05,58.0,190.72039999999998,-6570.720400000291
09:26:00,13:25:00,-1,17574.1,17508.0,66.09999999999854,eod,2024-01-05,58.0,190.3284,13029.671599999709
09:03:00,13:25:00,1,17639.5,17596.0,-43.5,eod,2024-01-08,135.0,190.942,-8890.942
09:01:00,13:25:00,-1,17701.0,17568.0,133.0,eod,2024-01-09,138.0,191.076,26408.924
08:45:00,09:23:00,1,17531.0,17485.9,-45.099999999998545,stop,2024-01-11,82.0,190.0676,-9210.06759999971
09:23:00,10:16:00,-1,17485.9,17531.0,-45.099999999998545,stop,2024-01-11,82.0,190.0676,-9210.06759999971
09:55:00,13:25:00,1,17528.5,17510.0,-18.5,eod,2024-01-12,125.0,190.154,-3890.154
08:45:00,09:10:00,1,17641.5,17573.85,-67.65000000000146,stop,2024-01-15,123.0,190.8614,-13720.86140000029
09:10:00,11:16:00,-1,17573.85,17641.5,-67.65000000000146,stop,2024-01-15,123.0,190.8614,-13720.86140000029
08:45:00,13:25:00,-1,17416.0,17376.0,40.0,eod,2024-01-16,128.0,189.168,7810.832
10:38:00,13:25:00,1,17596.5,17661.0,64.5,eod,2024-01-19,111.0,191.03,12708.97
08:58:00,13:25:00,1,17847.0,17869.0,22.0,eod,2024-01-23,96.0,192.864,4207.136
09:02:00,13:25:00,-1,17983.5,17991.0,-7.5,eod,2024-01-25,65.0,193.898,-1693.898
09:08:00,13:25:00,1,17998.5,17977.0,-21.5,eod,2024-01-26,95.0,193.90200000000002,-4493.902
09:27:00,13:25:00,1,18054.5,18115.0,60.5,eod,2024-01-29,87.0,194.678,11905.322
08:45:00,09:06:00,-1,17952.5,17993.75,-41.25,stop,2024-01-31,75.0,193.785,-8443.785
09:06:00,09:28:00,1,17993.75,17952.5,-41.25,stop,2024-01-31,75.0,193.785,-8443.785
09:38:00,13:15:00,-1,17906.5,17960.95,-54.45000000000073,stop,2024-02-01,99.0,193.4698,-11083.469800000146
13:15:00,13:25:00,1,17960.95,17959.0,-1.9500000000007276,eod,2024-02-01,99.0,193.6798,-583.6798000001455
09:00:00,13:25:00,-1,18044.0,18078.0,-34.0,eod,2024-02-02,112.0,194.488,-6994.488
08:48:00,09:00:00,-1,17967.0,18012.1,-45.099999999998545,stop,2024-02-05,82.0,193.9164,-9213.916399999709
09:00:00,13:25:00,1,18012.1,18091.0,78.90000000000146,eod,2024-02-05,82.0,194.4124,15585.587600000292
11:06:00,13:25:00,1,18662.0,18674.0,12.0,eod,2024-02-15,144.0,199.344,2200.656
10:34:00,12:39:00,-1,18633.5,18684.65,-51.150000000001455,stop,2024-02-19,93.0,199.2726,-10429.272600000291
12:39:00,13:25:00,1,18684.65,18677.0,-7.650000000001455,eod,2024-02-19,93.0,199.44660000000002,-1729.446600000291
08:49:00,09:04:00,-1,18597.5,18637.65,-40.150000000001455,stop,2024-02-20,73.0,198.94060000000002,-8228.940600000291
09:04:00,13:25:00,1,18637.65,18715.0,77.34999999999854,eod,2024-02-20,73.0,199.41060000000002,15270.58939999971
08:45:00,13:25:00,-1,18841.5,18878.0,-36.5,eod,2024-02-22,91.0,200.87800000000001,-7500.878
10:11:00,11:37:00,-1,18920.5,18996.95,-76.45000000000073,stop,2024-02-23,139.0,201.66979999999998,-15491.669800000145
11:37:00,13:08:00,1,18996.95,18920.5,-76.45000000000073,stop,2024-02-23,139.0,201.66979999999998,-15491.669800000145
09:06:00,09:18:00,-1,18856.0,18912.1,-56.099999999998545,stop,2024-02-26,102.0,201.0724,-11421.072399999708
09:18:00,13:25:00,1,18912.1,18990.0,77.90000000000146,eod,2024-02-26,102.0,201.6084,15378.391600000292
10:05:00,13:25:00,-1,18878.5,18886.0,-7.5,eod,2024-02-27,143.0,201.058,-1701.058
12:37:00,13:25:00,1,18943.0,18975.0,32.0,eod,2024-02-29,270.0,201.672,6198.328
09:16:00,13:25:00,1,19190.5,19300.0,109.5,eod,2024-03-04,93.0,203.962,21696.038
09:37:00,13:25:00,1,19347.5,19495.0,147.5,eod,2024-03-06,131.0,205.37,29294.63
10:58:00,13:25:00,-1,19837.0,19789.0,48.0,eod,2024-03-08,186.0,208.504,9391.496
09:23:00,13:25:00,1,19787.0,19942.0,155.0,eod,2024-03-12,146.0,208.916,30791.084
09:18:00,09:44:00,-1,19808.0,19905.9,-97.90000000000146,stop,2024-03-14,178.0,208.8556,-19788.85560000029
09:44:00,13:25:00,1,19905.9,19906.0,0.09999999999854481,eod,2024-03-14,178.0,209.2476,-189.24760000029104
12:47:00,13:25:00,1,19853.0,19909.0,56.0,eod,2024-03-18,150.0,209.048,10990.952
11:10:00,13:25:00,1,19902.5,19880.0,-22.5,eod,2024-03-19,173.0,209.13,-4709.13
10:27:00,13:25:00,1,20160.5,20243.0,82.5,eod,2024-03-21,225.0,211.614,16288.386
09:00:00,09:46:00,1,20339.5,20274.05,-65.45000000000073,stop,2024-03-26,119.0,212.45420000000001,-13302.454200000146
09:46:00,13:25:00,-1,20274.05,20205.0,69.04999999999927,eod,2024-03-26,119.0,211.9162,13598.083799999855
09:27:00,11:15:00,-1,20168.0,20245.0,-77.0,stop,2024-03-28,140.0,211.65200000000002,-15611.652
11:15:00,13:25:00,1,20245.0,20216.0,-29.0,eod,2024-03-28,140.0,211.844,-6011.844
09:02:00,13:25:00,-1,20339.5,20282.0,57.5,eod,2024-04-01,107.0,212.486,11287.514
09:10:00,13:25:00,1,20420.5,20495.0,74.5,eod,2024-04-02,141.0,213.662,14686.338
10:00:00,10:54:00,-1,20283.0,20378.7,-95.70000000000073,stop,2024-04-03,174.0,212.64679999999998,-19352.646800000144
10:54:00,13:25:00,1,20378.7,20377.0,-1.7000000000007276,eod,2024-04-03,174.0,213.0228,-553.0228000001455
09:51:00,13:25:00,1,20476.0,20471.0,-5.0,eod,2024-04-08,144.0,213.788,-1213.788
09:07:00,13:25:00,1,20610.5,20875.0,264.5,eod,2024-04-09,145.0,215.942,52684.058
09:24:00,09:37:00,-1,20662.0,20710.4,-48.400000000001455,stop,2024-04-11,88.0,215.4896,-9895.489600000292
09:37:00,13:25:00,1,20710.4,20737.0,26.599999999998545,eod,2024-04-11,88.0,215.7896,5104.210399999709
09:09:00,10:05:00,-1,20688.5,20750.65,-62.150000000001455,stop,2024-04-12,113.0,215.75660000000002,-12645.756600000292
10:05:00,13:25:00,1,20750.65,20758.0,7.349999999998545,eod,2024-04-12,113.0,216.0346,1253.965399999709
11:05:00,13:25:00,-1,20480.5,20535.0,-54.5,eod,2024-04-15,127.0,214.062,-11114.062
09:11:00,13:25:00,-1,20205.5,19944.0,261.5,eod,2024-04-16,145.0,210.598,52089.402
10:18:00,13:25:00,1,20251.0,20330.0,79.0,eod,2024-04-18,362.0,212.324,15587.676
09:33:00,13:25:00,-1,19673.0,19553.0,120.0,eod,2024-04-19,334.0,206.904,23793.096
09:11:00,13:25:00,1,20025.5,20178.0,152.5,eod,2024-04-24,191.0,210.814,30289.186
09:35:00,10:45:00,1,20198.5,20118.75,-79.75,stop,2024-04-26,145.0,211.269,-16161.269
10:45:00,12:25:00,-1,20118.75,20198.5,-79.75,stop,2024-04-26,145.0,211.269,-16161.269
09:08:00,13:25:00,1,20450.5,20517.0,66.5,eod,2024-04-29,201.0,213.87,13086.13
08:47:00,13:25:00,1,20336.0,20330.0,-6.0,eod,2024-05-02,172.0,212.66400000000002,-1412.664
09:59:00,13:25:00,-1,20465.5,20348.0,117.5,eod,2024-05-03,165.0,213.254,23286.746
09:13:00,13:25:00,-1,20657.0,20650.0,7.0,eod,2024-05-07,152.0,215.228,1184.772
12:10:00,13:25:00,1,20728.0,20709.0,-19.0,eod,2024-05-08,220.0,215.748,-4015.748
09:36:00,12:37:00,-1,20659.0,20745.9,-86.90000000000146,stop,2024-05-10,158.0,215.61960000000002,-17595.619600000293
12:37:00,13:25:00,1,20745.9,20802.0,56.099999999998545,eod,2024-05-10,158.0,216.19160000000002,11003.808399999709
12:38:00,13:25:00,-1,20836.0,20872.0,-36.0,eod,2024-05-13,212.0,216.832,-7416.832
10:18:00,13:25:00,1,20958.0,21006.0,48.0,eod,2024-05-14,132.0,217.856,9382.144
13:05:00,13:25:00,-1,21342.5,21340.0,2.5,eod,2024-05-16,245.0,220.73,279.27
